INSERT INTO person (person_id,gender,birthdate,creator,date_created,voided,uuid) VALUES (3, 'F', '2005-05-05', 1, now(), 0, 'person-uuid-3');
INSERT INTO person_name (person_id,given_name,family_name,creator,date_created,voided,uuid) VALUES (3, 'John3', 'Doe3', 1, now(), 0, 'name-uuid-3');
INSERT INTO person_address (person_id,address1,creator,date_created,voided,uuid) VALUES (3, '123 Ocean Dr 3', 1, now(), 0, 'address-uuid-3');
INSERT INTO person_attribute (person_attribute_type_id,person_id,value,voided,creator,date_created,uuid) VALUES (8, 3, '0000000003', 0, 1, now(), 'mobile-uuid-3'), (9, 3, '0000000003', 0, 1, now(), 'home-uuid-3');
INSERT INTO patient (patient_id,creator,date_created) VALUES (3, 1, now());
INSERT INTO patient_identifier (patient_id,identifier,identifier_type,location_id,creator,date_created,voided,uuid) VALUES (3, '3', 2, 1, 1, now(), 0, 'id-uuid-3');
INSERT INTO person (person_id,gender,birthdate,creator,date_created,voided,uuid) VALUES (4, 'M', '2000-02-02', 1, now(), 0, 'person-uuid-4');
INSERT INTO person_name (person_id,given_name,family_name,creator,date_created,voided,uuid) VALUES (4, 'John4', 'Doe4', 1, now(), 0, 'name-uuid-4');
INSERT INTO person_address (person_id,address1,creator,date_created,voided,uuid) VALUES (4, '123 Ocean Dr 4', 1, now(), 0, 'address-uuid-4');
INSERT INTO person_attribute (person_attribute_type_id,person_id,value,voided,creator,date_created,uuid) VALUES (8, 4, '0000000004', 0, 1, now(), 'mobile-uuid-4'), (9, 4, '0000000004', 0, 1, now(), 'home-uuid-4');
INSERT INTO patient (patient_id,creator,date_created) VALUES (4, 1, now());
INSERT INTO patient_identifier (patient_id,identifier,identifier_type,location_id,creator,date_created,voided,uuid) VALUES (4, '4', 2, 1, 1, now(), 0, 'id-uuid-4');
INSERT INTO person (person_id,gender,birthdate,creator,date_created,voided,uuid) VALUES (5, 'F', '2005-05-05', 1, now(), 0, 'person-uuid-5');
INSERT INTO person_name (person_id,given_name,family_name,creator,date_created,voided,uuid) VALUES (5, 'John5', 'Doe5', 1, now(), 0, 'name-uuid-5');
INSERT INTO person_address (person_id,address1,creator,date_created,voided,uuid) VALUES (5, '123 Ocean Dr 5', 1, now(), 0, 'address-uuid-5');
INSERT INTO person_attribute (person_attribute_type_id,person_id,value,voided,creator,date_created,uuid) VALUES (8, 5, '0000000005', 0, 1, now(), 'mobile-uuid-5'), (9, 5, '0000000005', 0, 1, now(), 'home-uuid-5');
INSERT INTO patient (patient_id,creator,date_created) VALUES (5, 1, now());
INSERT INTO patient_identifier (patient_id,identifier,identifier_type,location_id,creator,date_created,voided,uuid) VALUES (5, '5', 2, 1, 1, now(), 0, 'id-uuid-5');
INSERT INTO person (person_id,gender,birthdate,creator,date_created,voided,uuid) VALUES (6, 'M', '2000-02-02', 1, now(), 0, 'person-uuid-6');
INSERT INTO person_name (person_id,given_name,family_name,creator,date_created,voided,uuid) VALUES (6, 'John6', 'Doe6', 1, now(), 0, 'name-uuid-6');
INSERT INTO person_address (person_id,address1,creator,date_created,voided,uuid) VALUES (6, '123 Ocean Dr 6', 1, now(), 0, 'address-uuid-6');
INSERT INTO person_attribute (person_attribute_type_id,person_id,value,voided,creator,date_created,uuid) VALUES (8, 6, '0000000006', 0, 1, now(), 'mobile-uuid-6'), (9, 6, '0000000006', 0, 1, now(), 'home-uuid-6');
INSERT INTO patient (patient_id,creator,date_created) VALUES (6, 1, now());
INSERT INTO patient_identifier (patient_id,identifier,identifier_type,location_id,creator,date_created,voided,uuid) VALUES (6, '6', 2, 1, 1, now(), 0, 'id-uuid-6');
INSERT INTO person (person_id,gender,birthdate,creator,date_created,voided,uuid) VALUES (7, 'F', '2005-05-05', 1, now(), 0, 'person-uuid-7');
INSERT INTO person_name (person_id,given_name,family_name,creator,date_created,voided,uuid) VALUES (7, 'John7', 'Doe7', 1, now(), 0, 'name-uuid-7');
INSERT INTO person_address (person_id,address1,creator,date_created,voided,uuid) VALUES (7, '123 Ocean Dr 7', 1, now(), 0, 'address-uuid-7');
INSERT INTO person_attribute (person_attribute_type_id,person_id,value,voided,creator,date_created,uuid) VALUES (8, 7, '0000000007', 0, 1, now(), 'mobile-uuid-7'), (9, 7, '0000000007', 0, 1, now(), 'home-uuid-7');
INSERT INTO patient (patient_id,creator,date_created) VALUES (7, 1, now());
INSERT INTO patient_identifier (patient_id,identifier,identifier_type,location_id,creator,date_created,voided,uuid) VALUES (7, '7', 2, 1, 1, now(), 0, 'id-uuid-7');
INSERT INTO person (person_id,gender,birthdate,creator,date_created,voided,uuid) VALUES (8, 'M', '2000-02-02', 1, now(), 0, 'person-uuid-8');
INSERT INTO person_name (person_id,given_name,family_name,creator,date_created,voided,uuid) VALUES (8, 'John8', 'Doe8', 1, now(), 0, 'name-uuid-8');
INSERT INTO person_address (person_id,address1,creator,date_created,voided,uuid) VALUES (8, '123 Ocean Dr 8', 1, now(), 0, 'address-uuid-8');
INSERT INTO person_attribute (person_attribute_type_id,person_id,value,voided,creator,date_created,uuid) VALUES (8, 8, '0000000008', 0, 1, now(), 'mobile-uuid-8'), (9, 8, '0000000008', 0, 1, now(), 'home-uuid-8');
INSERT INTO patient (patient_id,creator,date_created) VALUES (8, 1, now());
INSERT INTO patient_identifier (patient_id,identifier,identifier_type,location_id,creator,date_created,voided,uuid) VALUES (8, '8', 2, 1, 1, now(), 0, 'id-uuid-8');
INSERT INTO person (person_id,gender,birthdate,creator,date_created,voided,uuid) VALUES (9, 'F', '2005-05-05', 1, now(), 0, 'person-uuid-9');
INSERT INTO person_name (person_id,given_name,family_name,creator,date_created,voided,uuid) VALUES (9, 'John9', 'Doe9', 1, now(), 0, 'name-uuid-9');
INSERT INTO person_address (person_id,address1,creator,date_created,voided,uuid) VALUES (9, '123 Ocean Dr 9', 1, now(), 0, 'address-uuid-9');
INSERT INTO person_attribute (person_attribute_type_id,person_id,value,voided,creator,date_created,uuid) VALUES (8, 9, '0000000009', 0, 1, now(), 'mobile-uuid-9'), (9, 9, '0000000009', 0, 1, now(), 'home-uuid-9');
INSERT INTO patient (patient_id,creator,date_created) VALUES (9, 1, now());
INSERT INTO patient_identifier (patient_id,identifier,identifier_type,location_id,creator,date_created,voided,uuid) VALUES (9, '9', 2, 1, 1, now(), 0, 'id-uuid-9');
INSERT INTO person (person_id,gender,birthdate,creator,date_created,voided,uuid) VALUES (10, 'M', '2000-02-02', 1, now(), 0, 'person-uuid-10');
INSERT INTO person_name (person_id,given_name,family_name,creator,date_created,voided,uuid) VALUES (10, 'John10', 'Doe10', 1, now(), 0, 'name-uuid-10');
INSERT INTO person_address (person_id,address1,creator,date_created,voided,uuid) VALUES (10, '123 Ocean Dr 10', 1, now(), 0, 'address-uuid-10');
INSERT INTO person_attribute (person_attribute_type_id,person_id,value,voided,creator,date_created,uuid) VALUES (8, 10, '0000000010', 0, 1, now(), 'mobile-uuid-10'), (9, 10, '0000000010', 0, 1, now(), 'home-uuid-10');
INSERT INTO patient (patient_id,creator,date_created) VALUES (10, 1, now());
INSERT INTO patient_identifier (patient_id,identifier,identifier_type,location_id,creator,date_created,voided,uuid) VALUES (10, '10', 2, 1, 1, now(), 0, 'id-uuid-10');
INSERT INTO person (person_id,gender,birthdate,creator,date_created,voided,uuid) VALUES (11, 'F', '2005-05-05', 1, now(), 0, 'person-uuid-11');
INSERT INTO person_name (person_id,given_name,family_name,creator,date_created,voided,uuid) VALUES (11, 'John11', 'Doe11', 1, now(), 0, 'name-uuid-11');
INSERT INTO person_address (person_id,address1,creator,date_created,voided,uuid) VALUES (11, '123 Ocean Dr 11', 1, now(), 0, 'address-uuid-11');
INSERT INTO person_attribute (person_attribute_type_id,person_id,value,voided,creator,date_created,uuid) VALUES (8, 11, '0000000011', 0, 1, now(), 'mobile-uuid-11'), (9, 11, '0000000011', 0, 1, now(), 'home-uuid-11');
INSERT INTO patient (patient_id,creator,date_created) VALUES (11, 1, now());
INSERT INTO patient_identifier (patient_id,identifier,identifier_type,location_id,creator,date_created,voided,uuid) VALUES (11, '11', 2, 1, 1, now(), 0, 'id-uuid-11');
INSERT INTO person (person_id,gender,birthdate,creator,date_created,voided,uuid) VALUES (12, 'M', '2000-02-02', 1, now(), 0, 'person-uuid-12');
INSERT INTO person_name (person_id,given_name,family_name,creator,date_created,voided,uuid) VALUES (12, 'John12', 'Doe12', 1, now(), 0, 'name-uuid-12');
INSERT INTO person_address (person_id,address1,creator,date_created,voided,uuid) VALUES (12, '123 Ocean Dr 12', 1, now(), 0, 'address-uuid-12');
INSERT INTO person_attribute (person_attribute_type_id,person_id,value,voided,creator,date_created,uuid) VALUES (8, 12, '0000000012', 0, 1, now(), 'mobile-uuid-12'), (9, 12, '0000000012', 0, 1, now(), 'home-uuid-12');
INSERT INTO patient (patient_id,creator,date_created) VALUES (12, 1, now());
INSERT INTO patient_identifier (patient_id,identifier,identifier_type,location_id,creator,date_created,voided,uuid) VALUES (12, '12', 2, 1, 1, now(), 0, 'id-uuid-12');
INSERT INTO person (person_id,gender,birthdate,creator,date_created,voided,uuid) VALUES (13, 'F', '2005-05-05', 1, now(), 0, 'person-uuid-13');
INSERT INTO person_name (person_id,given_name,family_name,creator,date_created,voided,uuid) VALUES (13, 'John13', 'Doe13', 1, now(), 0, 'name-uuid-13');
INSERT INTO person_address (person_id,address1,creator,date_created,voided,uuid) VALUES (13, '123 Ocean Dr 13', 1, now(), 0, 'address-uuid-13');
INSERT INTO person_attribute (person_attribute_type_id,person_id,value,voided,creator,date_created,uuid) VALUES (8, 13, '0000000013', 0, 1, now(), 'mobile-uuid-13'), (9, 13, '0000000013', 0, 1, now(), 'home-uuid-13');
INSERT INTO patient (patient_id,creator,date_created) VALUES (13, 1, now());
INSERT INTO patient_identifier (patient_id,identifier,identifier_type,location_id,creator,date_created,voided,uuid) VALUES (13, '13', 2, 1, 1, now(), 0, 'id-uuid-13');
INSERT INTO person (person_id,gender,birthdate,creator,date_created,voided,uuid) VALUES (14, 'M', '2000-02-02', 1, now(), 0, 'person-uuid-14');
INSERT INTO person_name (person_id,given_name,family_name,creator,date_created,voided,uuid) VALUES (14, 'John14', 'Doe14', 1, now(), 0, 'name-uuid-14');
INSERT INTO person_address (person_id,address1,creator,date_created,voided,uuid) VALUES (14, '123 Ocean Dr 14', 1, now(), 0, 'address-uuid-14');
INSERT INTO person_attribute (person_attribute_type_id,person_id,value,voided,creator,date_created,uuid) VALUES (8, 14, '0000000014', 0, 1, now(), 'mobile-uuid-14'), (9, 14, '0000000014', 0, 1, now(), 'home-uuid-14');
INSERT INTO patient (patient_id,creator,date_created) VALUES (14, 1, now());
INSERT INTO patient_identifier (patient_id,identifier,identifier_type,location_id,creator,date_created,voided,uuid) VALUES (14, '14', 2, 1, 1, now(), 0, 'id-uuid-14');
INSERT INTO person (person_id,gender,birthdate,creator,date_created,voided,uuid) VALUES (15, 'F', '2005-05-05', 1, now(), 0, 'person-uuid-15');
INSERT INTO person_name (person_id,given_name,family_name,creator,date_created,voided,uuid) VALUES (15, 'John15', 'Doe15', 1, now(), 0, 'name-uuid-15');
INSERT INTO person_address (person_id,address1,creator,date_created,voided,uuid) VALUES (15, '123 Ocean Dr 15', 1, now(), 0, 'address-uuid-15');
INSERT INTO person_attribute (person_attribute_type_id,person_id,value,voided,creator,date_created,uuid) VALUES (8, 15, '0000000015', 0, 1, now(), 'mobile-uuid-15'), (9, 15, '0000000015', 0, 1, now(), 'home-uuid-15');
INSERT INTO patient (patient_id,creator,date_created) VALUES (15, 1, now());
INSERT INTO patient_identifier (patient_id,identifier,identifier_type,location_id,creator,date_created,voided,uuid) VALUES (15, '15', 2, 1, 1, now(), 0, 'id-uuid-15');
INSERT INTO person (person_id,gender,birthdate,creator,date_created,voided,uuid) VALUES (16, 'M', '2000-02-02', 1, now(), 0, 'person-uuid-16');
INSERT INTO person_name (person_id,given_name,family_name,creator,date_created,voided,uuid) VALUES (16, 'John16', 'Doe16', 1, now(), 0, 'name-uuid-16');
INSERT INTO person_address (person_id,address1,creator,date_created,voided,uuid) VALUES (16, '123 Ocean Dr 16', 1, now(), 0, 'address-uuid-16');
INSERT INTO person_attribute (person_attribute_type_id,person_id,value,voided,creator,date_created,uuid) VALUES (8, 16, '0000000016', 0, 1, now(), 'mobile-uuid-16'), (9, 16, '0000000016', 0, 1, now(), 'home-uuid-16');
INSERT INTO patient (patient_id,creator,date_created) VALUES (16, 1, now());
INSERT INTO patient_identifier (patient_id,identifier,identifier_type,location_id,creator,date_created,voided,uuid) VALUES (16, '16', 2, 1, 1, now(), 0, 'id-uuid-16');
INSERT INTO person (person_id,gender,birthdate,creator,date_created,voided,uuid) VALUES (17, 'F', '2005-05-05', 1, now(), 0, 'person-uuid-17');
INSERT INTO person_name (person_id,given_name,family_name,creator,date_created,voided,uuid) VALUES (17, 'John17', 'Doe17', 1, now(), 0, 'name-uuid-17');
INSERT INTO person_address (person_id,address1,creator,date_created,voided,uuid) VALUES (17, '123 Ocean Dr 17', 1, now(), 0, 'address-uuid-17');
INSERT INTO person_attribute (person_attribute_type_id,person_id,value,voided,creator,date_created,uuid) VALUES (8, 17, '0000000017', 0, 1, now(), 'mobile-uuid-17'), (9, 17, '0000000017', 0, 1, now(), 'home-uuid-17');
INSERT INTO patient (patient_id,creator,date_created) VALUES (17, 1, now());
INSERT INTO patient_identifier (patient_id,identifier,identifier_type,location_id,creator,date_created,voided,uuid) VALUES (17, '17', 2, 1, 1, now(), 0, 'id-uuid-17');
INSERT INTO person (person_id,gender,birthdate,creator,date_created,voided,uuid) VALUES (18, 'M', '2000-02-02', 1, now(), 0, 'person-uuid-18');
INSERT INTO person_name (person_id,given_name,family_name,creator,date_created,voided,uuid) VALUES (18, 'John18', 'Doe18', 1, now(), 0, 'name-uuid-18');
INSERT INTO person_address (person_id,address1,creator,date_created,voided,uuid) VALUES (18, '123 Ocean Dr 18', 1, now(), 0, 'address-uuid-18');
INSERT INTO person_attribute (person_attribute_type_id,person_id,value,voided,creator,date_created,uuid) VALUES (8, 18, '0000000018', 0, 1, now(), 'mobile-uuid-18'), (9, 18, '0000000018', 0, 1, now(), 'home-uuid-18');
INSERT INTO patient (patient_id,creator,date_created) VALUES (18, 1, now());
INSERT INTO patient_identifier (patient_id,identifier,identifier_type,location_id,creator,date_created,voided,uuid) VALUES (18, '18', 2, 1, 1, now(), 0, 'id-uuid-18');
INSERT INTO person (person_id,gender,birthdate,creator,date_created,voided,uuid) VALUES (19, 'F', '2005-05-05', 1, now(), 0, 'person-uuid-19');
INSERT INTO person_name (person_id,given_name,family_name,creator,date_created,voided,uuid) VALUES (19, 'John19', 'Doe19', 1, now(), 0, 'name-uuid-19');
INSERT INTO person_address (person_id,address1,creator,date_created,voided,uuid) VALUES (19, '123 Ocean Dr 19', 1, now(), 0, 'address-uuid-19');
INSERT INTO person_attribute (person_attribute_type_id,person_id,value,voided,creator,date_created,uuid) VALUES (8, 19, '0000000019', 0, 1, now(), 'mobile-uuid-19'), (9, 19, '0000000019', 0, 1, now(), 'home-uuid-19');
INSERT INTO patient (patient_id,creator,date_created) VALUES (19, 1, now());
INSERT INTO patient_identifier (patient_id,identifier,identifier_type,location_id,creator,date_created,voided,uuid) VALUES (19, '19', 2, 1, 1, now(), 0, 'id-uuid-19');
INSERT INTO person (person_id,gender,birthdate,creator,date_created,voided,uuid) VALUES (20, 'M', '2000-02-02', 1, now(), 0, 'person-uuid-20');
INSERT INTO person_name (person_id,given_name,family_name,creator,date_created,voided,uuid) VALUES (20, 'John20', 'Doe20', 1, now(), 0, 'name-uuid-20');
INSERT INTO person_address (person_id,address1,creator,date_created,voided,uuid) VALUES (20, '123 Ocean Dr 20', 1, now(), 0, 'address-uuid-20');
INSERT INTO person_attribute (person_attribute_type_id,person_id,value,voided,creator,date_created,uuid) VALUES (8, 20, '0000000020', 0, 1, now(), 'mobile-uuid-20'), (9, 20, '0000000020', 0, 1, now(), 'home-uuid-20');
INSERT INTO patient (patient_id,creator,date_created) VALUES (20, 1, now());
INSERT INTO patient_identifier (patient_id,identifier,identifier_type,location_id,creator,date_created,voided,uuid) VALUES (20, '20', 2, 1, 1, now(), 0, 'id-uuid-20');
INSERT INTO person (person_id,gender,birthdate,creator,date_created,voided,uuid) VALUES (21, 'F', '2005-05-05', 1, now(), 0, 'person-uuid-21');
INSERT INTO person_name (person_id,given_name,family_name,creator,date_created,voided,uuid) VALUES (21, 'John21', 'Doe21', 1, now(), 0, 'name-uuid-21');
INSERT INTO person_address (person_id,address1,creator,date_created,voided,uuid) VALUES (21, '123 Ocean Dr 21', 1, now(), 0, 'address-uuid-21');
INSERT INTO person_attribute (person_attribute_type_id,person_id,value,voided,creator,date_created,uuid) VALUES (8, 21, '0000000021', 0, 1, now(), 'mobile-uuid-21'), (9, 21, '0000000021', 0, 1, now(), 'home-uuid-21');
INSERT INTO patient (patient_id,creator,date_created) VALUES (21, 1, now());
INSERT INTO patient_identifier (patient_id,identifier,identifier_type,location_id,creator,date_created,voided,uuid) VALUES (21, '21', 2, 1, 1, now(), 0, 'id-uuid-21');
INSERT INTO person (person_id,gender,birthdate,creator,date_created,voided,uuid) VALUES (22, 'M', '2000-02-02', 1, now(), 0, 'person-uuid-22');
INSERT INTO person_name (person_id,given_name,family_name,creator,date_created,voided,uuid) VALUES (22, 'John22', 'Doe22', 1, now(), 0, 'name-uuid-22');
INSERT INTO person_address (person_id,address1,creator,date_created,voided,uuid) VALUES (22, '123 Ocean Dr 22', 1, now(), 0, 'address-uuid-22');
INSERT INTO person_attribute (person_attribute_type_id,person_id,value,voided,creator,date_created,uuid) VALUES (8, 22, '0000000022', 0, 1, now(), 'mobile-uuid-22'), (9, 22, '0000000022', 0, 1, now(), 'home-uuid-22');
INSERT INTO patient (patient_id,creator,date_created) VALUES (22, 1, now());
INSERT INTO patient_identifier (patient_id,identifier,identifier_type,location_id,creator,date_created,voided,uuid) VALUES (22, '22', 2, 1, 1, now(), 0, 'id-uuid-22');
INSERT INTO person (person_id,gender,birthdate,creator,date_created,voided,uuid) VALUES (23, 'F', '2005-05-05', 1, now(), 0, 'person-uuid-23');
INSERT INTO person_name (person_id,given_name,family_name,creator,date_created,voided,uuid) VALUES (23, 'John23', 'Doe23', 1, now(), 0, 'name-uuid-23');
INSERT INTO person_address (person_id,address1,creator,date_created,voided,uuid) VALUES (23, '123 Ocean Dr 23', 1, now(), 0, 'address-uuid-23');
INSERT INTO person_attribute (person_attribute_type_id,person_id,value,voided,creator,date_created,uuid) VALUES (8, 23, '0000000023', 0, 1, now(), 'mobile-uuid-23'), (9, 23, '0000000023', 0, 1, now(), 'home-uuid-23');
INSERT INTO patient (patient_id,creator,date_created) VALUES (23, 1, now());
INSERT INTO patient_identifier (patient_id,identifier,identifier_type,location_id,creator,date_created,voided,uuid) VALUES (23, '23', 2, 1, 1, now(), 0, 'id-uuid-23');
INSERT INTO person (person_id,gender,birthdate,creator,date_created,voided,uuid) VALUES (24, 'M', '2000-02-02', 1, now(), 0, 'person-uuid-24');
INSERT INTO person_name (person_id,given_name,family_name,creator,date_created,voided,uuid) VALUES (24, 'John24', 'Doe24', 1, now(), 0, 'name-uuid-24');
INSERT INTO person_address (person_id,address1,creator,date_created,voided,uuid) VALUES (24, '123 Ocean Dr 24', 1, now(), 0, 'address-uuid-24');
INSERT INTO person_attribute (person_attribute_type_id,person_id,value,voided,creator,date_created,uuid) VALUES (8, 24, '0000000024', 0, 1, now(), 'mobile-uuid-24'), (9, 24, '0000000024', 0, 1, now(), 'home-uuid-24');
INSERT INTO patient (patient_id,creator,date_created) VALUES (24, 1, now());
INSERT INTO patient_identifier (patient_id,identifier,identifier_type,location_id,creator,date_created,voided,uuid) VALUES (24, '24', 2, 1, 1, now(), 0, 'id-uuid-24');
INSERT INTO person (person_id,gender,birthdate,creator,date_created,voided,uuid) VALUES (25, 'F', '2005-05-05', 1, now(), 0, 'person-uuid-25');
INSERT INTO person_name (person_id,given_name,family_name,creator,date_created,voided,uuid) VALUES (25, 'John25', 'Doe25', 1, now(), 0, 'name-uuid-25');
INSERT INTO person_address (person_id,address1,creator,date_created,voided,uuid) VALUES (25, '123 Ocean Dr 25', 1, now(), 0, 'address-uuid-25');
INSERT INTO person_attribute (person_attribute_type_id,person_id,value,voided,creator,date_created,uuid) VALUES (8, 25, '0000000025', 0, 1, now(), 'mobile-uuid-25'), (9, 25, '0000000025', 0, 1, now(), 'home-uuid-25');
INSERT INTO patient (patient_id,creator,date_created) VALUES (25, 1, now());
INSERT INTO patient_identifier (patient_id,identifier,identifier_type,location_id,creator,date_created,voided,uuid) VALUES (25, '25', 2, 1, 1, now(), 0, 'id-uuid-25');
INSERT INTO person (person_id,gender,birthdate,creator,date_created,voided,uuid) VALUES (26, 'M', '2000-02-02', 1, now(), 0, 'person-uuid-26');
INSERT INTO person_name (person_id,given_name,family_name,creator,date_created,voided,uuid) VALUES (26, 'John26', 'Doe26', 1, now(), 0, 'name-uuid-26');
INSERT INTO person_address (person_id,address1,creator,date_created,voided,uuid) VALUES (26, '123 Ocean Dr 26', 1, now(), 0, 'address-uuid-26');
INSERT INTO person_attribute (person_attribute_type_id,person_id,value,voided,creator,date_created,uuid) VALUES (8, 26, '0000000026', 0, 1, now(), 'mobile-uuid-26'), (9, 26, '0000000026', 0, 1, now(), 'home-uuid-26');
INSERT INTO patient (patient_id,creator,date_created) VALUES (26, 1, now());
INSERT INTO patient_identifier (patient_id,identifier,identifier_type,location_id,creator,date_created,voided,uuid) VALUES (26, '26', 2, 1, 1, now(), 0, 'id-uuid-26');
INSERT INTO person (person_id,gender,birthdate,creator,date_created,voided,uuid) VALUES (27, 'F', '2005-05-05', 1, now(), 0, 'person-uuid-27');
INSERT INTO person_name (person_id,given_name,family_name,creator,date_created,voided,uuid) VALUES (27, 'John27', 'Doe27', 1, now(), 0, 'name-uuid-27');
INSERT INTO person_address (person_id,address1,creator,date_created,voided,uuid) VALUES (27, '123 Ocean Dr 27', 1, now(), 0, 'address-uuid-27');
INSERT INTO person_attribute (person_attribute_type_id,person_id,value,voided,creator,date_created,uuid) VALUES (8, 27, '0000000027', 0, 1, now(), 'mobile-uuid-27'), (9, 27, '0000000027', 0, 1, now(), 'home-uuid-27');
INSERT INTO patient (patient_id,creator,date_created) VALUES (27, 1, now());
INSERT INTO patient_identifier (patient_id,identifier,identifier_type,location_id,creator,date_created,voided,uuid) VALUES (27, '27', 2, 1, 1, now(), 0, 'id-uuid-27');
INSERT INTO person (person_id,gender,birthdate,creator,date_created,voided,uuid) VALUES (28, 'M', '2000-02-02', 1, now(), 0, 'person-uuid-28');
INSERT INTO person_name (person_id,given_name,family_name,creator,date_created,voided,uuid) VALUES (28, 'John28', 'Doe28', 1, now(), 0, 'name-uuid-28');
INSERT INTO person_address (person_id,address1,creator,date_created,voided,uuid) VALUES (28, '123 Ocean Dr 28', 1, now(), 0, 'address-uuid-28');
INSERT INTO person_attribute (person_attribute_type_id,person_id,value,voided,creator,date_created,uuid) VALUES (8, 28, '0000000028', 0, 1, now(), 'mobile-uuid-28'), (9, 28, '0000000028', 0, 1, now(), 'home-uuid-28');
INSERT INTO patient (patient_id,creator,date_created) VALUES (28, 1, now());
INSERT INTO patient_identifier (patient_id,identifier,identifier_type,location_id,creator,date_created,voided,uuid) VALUES (28, '28', 2, 1, 1, now(), 0, 'id-uuid-28');
INSERT INTO person (person_id,gender,birthdate,creator,date_created,voided,uuid) VALUES (29, 'F', '2005-05-05', 1, now(), 0, 'person-uuid-29');
INSERT INTO person_name (person_id,given_name,family_name,creator,date_created,voided,uuid) VALUES (29, 'John29', 'Doe29', 1, now(), 0, 'name-uuid-29');
INSERT INTO person_address (person_id,address1,creator,date_created,voided,uuid) VALUES (29, '123 Ocean Dr 29', 1, now(), 0, 'address-uuid-29');
INSERT INTO person_attribute (person_attribute_type_id,person_id,value,voided,creator,date_created,uuid) VALUES (8, 29, '0000000029', 0, 1, now(), 'mobile-uuid-29'), (9, 29, '0000000029', 0, 1, now(), 'home-uuid-29');
INSERT INTO patient (patient_id,creator,date_created) VALUES (29, 1, now());
INSERT INTO patient_identifier (patient_id,identifier,identifier_type,location_id,creator,date_created,voided,uuid) VALUES (29, '29', 2, 1, 1, now(), 0, 'id-uuid-29');
INSERT INTO person (person_id,gender,birthdate,creator,date_created,voided,uuid) VALUES (30, 'M', '2000-02-02', 1, now(), 0, 'person-uuid-30');
INSERT INTO person_name (person_id,given_name,family_name,creator,date_created,voided,uuid) VALUES (30, 'John30', 'Doe30', 1, now(), 0, 'name-uuid-30');
INSERT INTO person_address (person_id,address1,creator,date_created,voided,uuid) VALUES (30, '123 Ocean Dr 30', 1, now(), 0, 'address-uuid-30');
INSERT INTO person_attribute (person_attribute_type_id,person_id,value,voided,creator,date_created,uuid) VALUES (8, 30, '0000000030', 0, 1, now(), 'mobile-uuid-30'), (9, 30, '0000000030', 0, 1, now(), 'home-uuid-30');
INSERT INTO patient (patient_id,creator,date_created) VALUES (30, 1, now());
INSERT INTO patient_identifier (patient_id,identifier,identifier_type,location_id,creator,date_created,voided,uuid) VALUES (30, '30', 2, 1, 1, now(), 0, 'id-uuid-30');
INSERT INTO person (person_id,gender,birthdate,creator,date_created,voided,uuid) VALUES (31, 'F', '2005-05-05', 1, now(), 0, 'person-uuid-31');
INSERT INTO person_name (person_id,given_name,family_name,creator,date_created,voided,uuid) VALUES (31, 'John31', 'Doe31', 1, now(), 0, 'name-uuid-31');
INSERT INTO person_address (person_id,address1,creator,date_created,voided,uuid) VALUES (31, '123 Ocean Dr 31', 1, now(), 0, 'address-uuid-31');
INSERT INTO person_attribute (person_attribute_type_id,person_id,value,voided,creator,date_created,uuid) VALUES (8, 31, '0000000031', 0, 1, now(), 'mobile-uuid-31'), (9, 31, '0000000031', 0, 1, now(), 'home-uuid-31');
INSERT INTO patient (patient_id,creator,date_created) VALUES (31, 1, now());
INSERT INTO patient_identifier (patient_id,identifier,identifier_type,location_id,creator,date_created,voided,uuid) VALUES (31, '31', 2, 1, 1, now(), 0, 'id-uuid-31');
INSERT INTO person (person_id,gender,birthdate,creator,date_created,voided,uuid) VALUES (32, 'M', '2000-02-02', 1, now(), 0, 'person-uuid-32');
INSERT INTO person_name (person_id,given_name,family_name,creator,date_created,voided,uuid) VALUES (32, 'John32', 'Doe32', 1, now(), 0, 'name-uuid-32');
INSERT INTO person_address (person_id,address1,creator,date_created,voided,uuid) VALUES (32, '123 Ocean Dr 32', 1, now(), 0, 'address-uuid-32');
INSERT INTO person_attribute (person_attribute_type_id,person_id,value,voided,creator,date_created,uuid) VALUES (8, 32, '0000000032', 0, 1, now(), 'mobile-uuid-32'), (9, 32, '0000000032', 0, 1, now(), 'home-uuid-32');
INSERT INTO patient (patient_id,creator,date_created) VALUES (32, 1, now());
INSERT INTO patient_identifier (patient_id,identifier,identifier_type,location_id,creator,date_created,voided,uuid) VALUES (32, '32', 2, 1, 1, now(), 0, 'id-uuid-32');
INSERT INTO person (person_id,gender,birthdate,creator,date_created,voided,uuid) VALUES (33, 'F', '2005-05-05', 1, now(), 0, 'person-uuid-33');
INSERT INTO person_name (person_id,given_name,family_name,creator,date_created,voided,uuid) VALUES (33, 'John33', 'Doe33', 1, now(), 0, 'name-uuid-33');
INSERT INTO person_address (person_id,address1,creator,date_created,voided,uuid) VALUES (33, '123 Ocean Dr 33', 1, now(), 0, 'address-uuid-33');
INSERT INTO person_attribute (person_attribute_type_id,person_id,value,voided,creator,date_created,uuid) VALUES (8, 33, '0000000033', 0, 1, now(), 'mobile-uuid-33'), (9, 33, '0000000033', 0, 1, now(), 'home-uuid-33');
INSERT INTO patient (patient_id,creator,date_created) VALUES (33, 1, now());
INSERT INTO patient_identifier (patient_id,identifier,identifier_type,location_id,creator,date_created,voided,uuid) VALUES (33, '33', 2, 1, 1, now(), 0, 'id-uuid-33');
INSERT INTO person (person_id,gender,birthdate,creator,date_created,voided,uuid) VALUES (34, 'M', '2000-02-02', 1, now(), 0, 'person-uuid-34');
INSERT INTO person_name (person_id,given_name,family_name,creator,date_created,voided,uuid) VALUES (34, 'John34', 'Doe34', 1, now(), 0, 'name-uuid-34');
INSERT INTO person_address (person_id,address1,creator,date_created,voided,uuid) VALUES (34, '123 Ocean Dr 34', 1, now(), 0, 'address-uuid-34');
INSERT INTO person_attribute (person_attribute_type_id,person_id,value,voided,creator,date_created,uuid) VALUES (8, 34, '0000000034', 0, 1, now(), 'mobile-uuid-34'), (9, 34, '0000000034', 0, 1, now(), 'home-uuid-34');
INSERT INTO patient (patient_id,creator,date_created) VALUES (34, 1, now());
INSERT INTO patient_identifier (patient_id,identifier,identifier_type,location_id,creator,date_created,voided,uuid) VALUES (34, '34', 2, 1, 1, now(), 0, 'id-uuid-34');
INSERT INTO person (person_id,gender,birthdate,creator,date_created,voided,uuid) VALUES (35, 'F', '2005-05-05', 1, now(), 0, 'person-uuid-35');
INSERT INTO person_name (person_id,given_name,family_name,creator,date_created,voided,uuid) VALUES (35, 'John35', 'Doe35', 1, now(), 0, 'name-uuid-35');
INSERT INTO person_address (person_id,address1,creator,date_created,voided,uuid) VALUES (35, '123 Ocean Dr 35', 1, now(), 0, 'address-uuid-35');
INSERT INTO person_attribute (person_attribute_type_id,person_id,value,voided,creator,date_created,uuid) VALUES (8, 35, '0000000035', 0, 1, now(), 'mobile-uuid-35'), (9, 35, '0000000035', 0, 1, now(), 'home-uuid-35');
INSERT INTO patient (patient_id,creator,date_created) VALUES (35, 1, now());
INSERT INTO patient_identifier (patient_id,identifier,identifier_type,location_id,creator,date_created,voided,uuid) VALUES (35, '35', 2, 1, 1, now(), 0, 'id-uuid-35');
INSERT INTO person (person_id,gender,birthdate,creator,date_created,voided,uuid) VALUES (36, 'M', '2000-02-02', 1, now(), 0, 'person-uuid-36');
INSERT INTO person_name (person_id,given_name,family_name,creator,date_created,voided,uuid) VALUES (36, 'John36', 'Doe36', 1, now(), 0, 'name-uuid-36');
INSERT INTO person_address (person_id,address1,creator,date_created,voided,uuid) VALUES (36, '123 Ocean Dr 36', 1, now(), 0, 'address-uuid-36');
INSERT INTO person_attribute (person_attribute_type_id,person_id,value,voided,creator,date_created,uuid) VALUES (8, 36, '0000000036', 0, 1, now(), 'mobile-uuid-36'), (9, 36, '0000000036', 0, 1, now(), 'home-uuid-36');
INSERT INTO patient (patient_id,creator,date_created) VALUES (36, 1, now());
INSERT INTO patient_identifier (patient_id,identifier,identifier_type,location_id,creator,date_created,voided,uuid) VALUES (36, '36', 2, 1, 1, now(), 0, 'id-uuid-36');
INSERT INTO person (person_id,gender,birthdate,creator,date_created,voided,uuid) VALUES (37, 'F', '2005-05-05', 1, now(), 0, 'person-uuid-37');
INSERT INTO person_name (person_id,given_name,family_name,creator,date_created,voided,uuid) VALUES (37, 'John37', 'Doe37', 1, now(), 0, 'name-uuid-37');
INSERT INTO person_address (person_id,address1,creator,date_created,voided,uuid) VALUES (37, '123 Ocean Dr 37', 1, now(), 0, 'address-uuid-37');
INSERT INTO person_attribute (person_attribute_type_id,person_id,value,voided,creator,date_created,uuid) VALUES (8, 37, '0000000037', 0, 1, now(), 'mobile-uuid-37'), (9, 37, '0000000037', 0, 1, now(), 'home-uuid-37');
INSERT INTO patient (patient_id,creator,date_created) VALUES (37, 1, now());
INSERT INTO patient_identifier (patient_id,identifier,identifier_type,location_id,creator,date_created,voided,uuid) VALUES (37, '37', 2, 1, 1, now(), 0, 'id-uuid-37');
INSERT INTO person (person_id,gender,birthdate,creator,date_created,voided,uuid) VALUES (38, 'M', '2000-02-02', 1, now(), 0, 'person-uuid-38');
INSERT INTO person_name (person_id,given_name,family_name,creator,date_created,voided,uuid) VALUES (38, 'John38', 'Doe38', 1, now(), 0, 'name-uuid-38');
INSERT INTO person_address (person_id,address1,creator,date_created,voided,uuid) VALUES (38, '123 Ocean Dr 38', 1, now(), 0, 'address-uuid-38');
INSERT INTO person_attribute (person_attribute_type_id,person_id,value,voided,creator,date_created,uuid) VALUES (8, 38, '0000000038', 0, 1, now(), 'mobile-uuid-38'), (9, 38, '0000000038', 0, 1, now(), 'home-uuid-38');
INSERT INTO patient (patient_id,creator,date_created) VALUES (38, 1, now());
INSERT INTO patient_identifier (patient_id,identifier,identifier_type,location_id,creator,date_created,voided,uuid) VALUES (38, '38', 2, 1, 1, now(), 0, 'id-uuid-38');
INSERT INTO person (person_id,gender,birthdate,creator,date_created,voided,uuid) VALUES (39, 'F', '2005-05-05', 1, now(), 0, 'person-uuid-39');
INSERT INTO person_name (person_id,given_name,family_name,creator,date_created,voided,uuid) VALUES (39, 'John39', 'Doe39', 1, now(), 0, 'name-uuid-39');
INSERT INTO person_address (person_id,address1,creator,date_created,voided,uuid) VALUES (39, '123 Ocean Dr 39', 1, now(), 0, 'address-uuid-39');
INSERT INTO person_attribute (person_attribute_type_id,person_id,value,voided,creator,date_created,uuid) VALUES (8, 39, '0000000039', 0, 1, now(), 'mobile-uuid-39'), (9, 39, '0000000039', 0, 1, now(), 'home-uuid-39');
INSERT INTO patient (patient_id,creator,date_created) VALUES (39, 1, now());
INSERT INTO patient_identifier (patient_id,identifier,identifier_type,location_id,creator,date_created,voided,uuid) VALUES (39, '39', 2, 1, 1, now(), 0, 'id-uuid-39');
INSERT INTO person (person_id,gender,birthdate,creator,date_created,voided,uuid) VALUES (40, 'M', '2000-02-02', 1, now(), 0, 'person-uuid-40');
INSERT INTO person_name (person_id,given_name,family_name,creator,date_created,voided,uuid) VALUES (40, 'John40', 'Doe40', 1, now(), 0, 'name-uuid-40');
INSERT INTO person_address (person_id,address1,creator,date_created,voided,uuid) VALUES (40, '123 Ocean Dr 40', 1, now(), 0, 'address-uuid-40');
INSERT INTO person_attribute (person_attribute_type_id,person_id,value,voided,creator,date_created,uuid) VALUES (8, 40, '0000000040', 0, 1, now(), 'mobile-uuid-40'), (9, 40, '0000000040', 0, 1, now(), 'home-uuid-40');
INSERT INTO patient (patient_id,creator,date_created) VALUES (40, 1, now());
INSERT INTO patient_identifier (patient_id,identifier,identifier_type,location_id,creator,date_created,voided,uuid) VALUES (40, '40', 2, 1, 1, now(), 0, 'id-uuid-40');
INSERT INTO person (person_id,gender,birthdate,creator,date_created,voided,uuid) VALUES (41, 'F', '2005-05-05', 1, now(), 0, 'person-uuid-41');
INSERT INTO person_name (person_id,given_name,family_name,creator,date_created,voided,uuid) VALUES (41, 'John41', 'Doe41', 1, now(), 0, 'name-uuid-41');
INSERT INTO person_address (person_id,address1,creator,date_created,voided,uuid) VALUES (41, '123 Ocean Dr 41', 1, now(), 0, 'address-uuid-41');
INSERT INTO person_attribute (person_attribute_type_id,person_id,value,voided,creator,date_created,uuid) VALUES (8, 41, '0000000041', 0, 1, now(), 'mobile-uuid-41'), (9, 41, '0000000041', 0, 1, now(), 'home-uuid-41');
INSERT INTO patient (patient_id,creator,date_created) VALUES (41, 1, now());
INSERT INTO patient_identifier (patient_id,identifier,identifier_type,location_id,creator,date_created,voided,uuid) VALUES (41, '41', 2, 1, 1, now(), 0, 'id-uuid-41');
INSERT INTO person (person_id,gender,birthdate,creator,date_created,voided,uuid) VALUES (42, 'M', '2000-02-02', 1, now(), 0, 'person-uuid-42');
INSERT INTO person_name (person_id,given_name,family_name,creator,date_created,voided,uuid) VALUES (42, 'John42', 'Doe42', 1, now(), 0, 'name-uuid-42');
INSERT INTO person_address (person_id,address1,creator,date_created,voided,uuid) VALUES (42, '123 Ocean Dr 42', 1, now(), 0, 'address-uuid-42');
INSERT INTO person_attribute (person_attribute_type_id,person_id,value,voided,creator,date_created,uuid) VALUES (8, 42, '0000000042', 0, 1, now(), 'mobile-uuid-42'), (9, 42, '0000000042', 0, 1, now(), 'home-uuid-42');
INSERT INTO patient (patient_id,creator,date_created) VALUES (42, 1, now());
INSERT INTO patient_identifier (patient_id,identifier,identifier_type,location_id,creator,date_created,voided,uuid) VALUES (42, '42', 2, 1, 1, now(), 0, 'id-uuid-42');
INSERT INTO person (person_id,gender,birthdate,creator,date_created,voided,uuid) VALUES (43, 'F', '2005-05-05', 1, now(), 0, 'person-uuid-43');
INSERT INTO person_name (person_id,given_name,family_name,creator,date_created,voided,uuid) VALUES (43, 'John43', 'Doe43', 1, now(), 0, 'name-uuid-43');
INSERT INTO person_address (person_id,address1,creator,date_created,voided,uuid) VALUES (43, '123 Ocean Dr 43', 1, now(), 0, 'address-uuid-43');
INSERT INTO person_attribute (person_attribute_type_id,person_id,value,voided,creator,date_created,uuid) VALUES (8, 43, '0000000043', 0, 1, now(), 'mobile-uuid-43'), (9, 43, '0000000043', 0, 1, now(), 'home-uuid-43');
INSERT INTO patient (patient_id,creator,date_created) VALUES (43, 1, now());
INSERT INTO patient_identifier (patient_id,identifier,identifier_type,location_id,creator,date_created,voided,uuid) VALUES (43, '43', 2, 1, 1, now(), 0, 'id-uuid-43');
INSERT INTO person (person_id,gender,birthdate,creator,date_created,voided,uuid) VALUES (44, 'M', '2000-02-02', 1, now(), 0, 'person-uuid-44');
INSERT INTO person_name (person_id,given_name,family_name,creator,date_created,voided,uuid) VALUES (44, 'John44', 'Doe44', 1, now(), 0, 'name-uuid-44');
INSERT INTO person_address (person_id,address1,creator,date_created,voided,uuid) VALUES (44, '123 Ocean Dr 44', 1, now(), 0, 'address-uuid-44');
INSERT INTO person_attribute (person_attribute_type_id,person_id,value,voided,creator,date_created,uuid) VALUES (8, 44, '0000000044', 0, 1, now(), 'mobile-uuid-44'), (9, 44, '0000000044', 0, 1, now(), 'home-uuid-44');
INSERT INTO patient (patient_id,creator,date_created) VALUES (44, 1, now());
INSERT INTO patient_identifier (patient_id,identifier,identifier_type,location_id,creator,date_created,voided,uuid) VALUES (44, '44', 2, 1, 1, now(), 0, 'id-uuid-44');
INSERT INTO person (person_id,gender,birthdate,creator,date_created,voided,uuid) VALUES (45, 'F', '2005-05-05', 1, now(), 0, 'person-uuid-45');
INSERT INTO person_name (person_id,given_name,family_name,creator,date_created,voided,uuid) VALUES (45, 'John45', 'Doe45', 1, now(), 0, 'name-uuid-45');
INSERT INTO person_address (person_id,address1,creator,date_created,voided,uuid) VALUES (45, '123 Ocean Dr 45', 1, now(), 0, 'address-uuid-45');
INSERT INTO person_attribute (person_attribute_type_id,person_id,value,voided,creator,date_created,uuid) VALUES (8, 45, '0000000045', 0, 1, now(), 'mobile-uuid-45'), (9, 45, '0000000045', 0, 1, now(), 'home-uuid-45');
INSERT INTO patient (patient_id,creator,date_created) VALUES (45, 1, now());
INSERT INTO patient_identifier (patient_id,identifier,identifier_type,location_id,creator,date_created,voided,uuid) VALUES (45, '45', 2, 1, 1, now(), 0, 'id-uuid-45');
INSERT INTO person (person_id,gender,birthdate,creator,date_created,voided,uuid) VALUES (46, 'M', '2000-02-02', 1, now(), 0, 'person-uuid-46');
INSERT INTO person_name (person_id,given_name,family_name,creator,date_created,voided,uuid) VALUES (46, 'John46', 'Doe46', 1, now(), 0, 'name-uuid-46');
INSERT INTO person_address (person_id,address1,creator,date_created,voided,uuid) VALUES (46, '123 Ocean Dr 46', 1, now(), 0, 'address-uuid-46');
INSERT INTO person_attribute (person_attribute_type_id,person_id,value,voided,creator,date_created,uuid) VALUES (8, 46, '0000000046', 0, 1, now(), 'mobile-uuid-46'), (9, 46, '0000000046', 0, 1, now(), 'home-uuid-46');
INSERT INTO patient (patient_id,creator,date_created) VALUES (46, 1, now());
INSERT INTO patient_identifier (patient_id,identifier,identifier_type,location_id,creator,date_created,voided,uuid) VALUES (46, '46', 2, 1, 1, now(), 0, 'id-uuid-46');
INSERT INTO person (person_id,gender,birthdate,creator,date_created,voided,uuid) VALUES (47, 'F', '2005-05-05', 1, now(), 0, 'person-uuid-47');
INSERT INTO person_name (person_id,given_name,family_name,creator,date_created,voided,uuid) VALUES (47, 'John47', 'Doe47', 1, now(), 0, 'name-uuid-47');
INSERT INTO person_address (person_id,address1,creator,date_created,voided,uuid) VALUES (47, '123 Ocean Dr 47', 1, now(), 0, 'address-uuid-47');
INSERT INTO person_attribute (person_attribute_type_id,person_id,value,voided,creator,date_created,uuid) VALUES (8, 47, '0000000047', 0, 1, now(), 'mobile-uuid-47'), (9, 47, '0000000047', 0, 1, now(), 'home-uuid-47');
INSERT INTO patient (patient_id,creator,date_created) VALUES (47, 1, now());
INSERT INTO patient_identifier (patient_id,identifier,identifier_type,location_id,creator,date_created,voided,uuid) VALUES (47, '47', 2, 1, 1, now(), 0, 'id-uuid-47');
INSERT INTO person (person_id,gender,birthdate,creator,date_created,voided,uuid) VALUES (48, 'M', '2000-02-02', 1, now(), 0, 'person-uuid-48');
INSERT INTO person_name (person_id,given_name,family_name,creator,date_created,voided,uuid) VALUES (48, 'John48', 'Doe48', 1, now(), 0, 'name-uuid-48');
INSERT INTO person_address (person_id,address1,creator,date_created,voided,uuid) VALUES (48, '123 Ocean Dr 48', 1, now(), 0, 'address-uuid-48');
INSERT INTO person_attribute (person_attribute_type_id,person_id,value,voided,creator,date_created,uuid) VALUES (8, 48, '0000000048', 0, 1, now(), 'mobile-uuid-48'), (9, 48, '0000000048', 0, 1, now(), 'home-uuid-48');
INSERT INTO patient (patient_id,creator,date_created) VALUES (48, 1, now());
INSERT INTO patient_identifier (patient_id,identifier,identifier_type,location_id,creator,date_created,voided,uuid) VALUES (48, '48', 2, 1, 1, now(), 0, 'id-uuid-48');
INSERT INTO person (person_id,gender,birthdate,creator,date_created,voided,uuid) VALUES (49, 'F', '2005-05-05', 1, now(), 0, 'person-uuid-49');
INSERT INTO person_name (person_id,given_name,family_name,creator,date_created,voided,uuid) VALUES (49, 'John49', 'Doe49', 1, now(), 0, 'name-uuid-49');
INSERT INTO person_address (person_id,address1,creator,date_created,voided,uuid) VALUES (49, '123 Ocean Dr 49', 1, now(), 0, 'address-uuid-49');
INSERT INTO person_attribute (person_attribute_type_id,person_id,value,voided,creator,date_created,uuid) VALUES (8, 49, '0000000049', 0, 1, now(), 'mobile-uuid-49'), (9, 49, '0000000049', 0, 1, now(), 'home-uuid-49');
INSERT INTO patient (patient_id,creator,date_created) VALUES (49, 1, now());
INSERT INTO patient_identifier (patient_id,identifier,identifier_type,location_id,creator,date_created,voided,uuid) VALUES (49, '49', 2, 1, 1, now(), 0, 'id-uuid-49');
INSERT INTO person (person_id,gender,birthdate,creator,date_created,voided,uuid) VALUES (50, 'M', '2000-02-02', 1, now(), 0, 'person-uuid-50');
INSERT INTO person_name (person_id,given_name,family_name,creator,date_created,voided,uuid) VALUES (50, 'John50', 'Doe50', 1, now(), 0, 'name-uuid-50');
INSERT INTO person_address (person_id,address1,creator,date_created,voided,uuid) VALUES (50, '123 Ocean Dr 50', 1, now(), 0, 'address-uuid-50');
INSERT INTO person_attribute (person_attribute_type_id,person_id,value,voided,creator,date_created,uuid) VALUES (8, 50, '0000000050', 0, 1, now(), 'mobile-uuid-50'), (9, 50, '0000000050', 0, 1, now(), 'home-uuid-50');
INSERT INTO patient (patient_id,creator,date_created) VALUES (50, 1, now());
INSERT INTO patient_identifier (patient_id,identifier,identifier_type,location_id,creator,date_created,voided,uuid) VALUES (50, '50', 2, 1, 1, now(), 0, 'id-uuid-50');
INSERT INTO person (person_id,gender,birthdate,creator,date_created,voided,uuid) VALUES (51, 'F', '2005-05-05', 1, now(), 0, 'person-uuid-51');
INSERT INTO person_name (person_id,given_name,family_name,creator,date_created,voided,uuid) VALUES (51, 'John51', 'Doe51', 1, now(), 0, 'name-uuid-51');
INSERT INTO person_address (person_id,address1,creator,date_created,voided,uuid) VALUES (51, '123 Ocean Dr 51', 1, now(), 0, 'address-uuid-51');
INSERT INTO person_attribute (person_attribute_type_id,person_id,value,voided,creator,date_created,uuid) VALUES (8, 51, '0000000051', 0, 1, now(), 'mobile-uuid-51'), (9, 51, '0000000051', 0, 1, now(), 'home-uuid-51');
INSERT INTO patient (patient_id,creator,date_created) VALUES (51, 1, now());
INSERT INTO patient_identifier (patient_id,identifier,identifier_type,location_id,creator,date_created,voided,uuid) VALUES (51, '51', 2, 1, 1, now(), 0, 'id-uuid-51');
INSERT INTO person (person_id,gender,birthdate,creator,date_created,voided,uuid) VALUES (52, 'M', '2000-02-02', 1, now(), 0, 'person-uuid-52');
INSERT INTO person_name (person_id,given_name,family_name,creator,date_created,voided,uuid) VALUES (52, 'John52', 'Doe52', 1, now(), 0, 'name-uuid-52');
INSERT INTO person_address (person_id,address1,creator,date_created,voided,uuid) VALUES (52, '123 Ocean Dr 52', 1, now(), 0, 'address-uuid-52');
INSERT INTO person_attribute (person_attribute_type_id,person_id,value,voided,creator,date_created,uuid) VALUES (8, 52, '0000000052', 0, 1, now(), 'mobile-uuid-52'), (9, 52, '0000000052', 0, 1, now(), 'home-uuid-52');
INSERT INTO patient (patient_id,creator,date_created) VALUES (52, 1, now());
INSERT INTO patient_identifier (patient_id,identifier,identifier_type,location_id,creator,date_created,voided,uuid) VALUES (52, '52', 2, 1, 1, now(), 0, 'id-uuid-52');
INSERT INTO person (person_id,gender,birthdate,creator,date_created,voided,uuid) VALUES (53, 'F', '2005-05-05', 1, now(), 0, 'person-uuid-53');
INSERT INTO person_name (person_id,given_name,family_name,creator,date_created,voided,uuid) VALUES (53, 'John53', 'Doe53', 1, now(), 0, 'name-uuid-53');
INSERT INTO person_address (person_id,address1,creator,date_created,voided,uuid) VALUES (53, '123 Ocean Dr 53', 1, now(), 0, 'address-uuid-53');
INSERT INTO person_attribute (person_attribute_type_id,person_id,value,voided,creator,date_created,uuid) VALUES (8, 53, '0000000053', 0, 1, now(), 'mobile-uuid-53'), (9, 53, '0000000053', 0, 1, now(), 'home-uuid-53');
INSERT INTO patient (patient_id,creator,date_created) VALUES (53, 1, now());
INSERT INTO patient_identifier (patient_id,identifier,identifier_type,location_id,creator,date_created,voided,uuid) VALUES (53, '53', 2, 1, 1, now(), 0, 'id-uuid-53');
INSERT INTO person (person_id,gender,birthdate,creator,date_created,voided,uuid) VALUES (54, 'M', '2000-02-02', 1, now(), 0, 'person-uuid-54');
INSERT INTO person_name (person_id,given_name,family_name,creator,date_created,voided,uuid) VALUES (54, 'John54', 'Doe54', 1, now(), 0, 'name-uuid-54');
INSERT INTO person_address (person_id,address1,creator,date_created,voided,uuid) VALUES (54, '123 Ocean Dr 54', 1, now(), 0, 'address-uuid-54');
INSERT INTO person_attribute (person_attribute_type_id,person_id,value,voided,creator,date_created,uuid) VALUES (8, 54, '0000000054', 0, 1, now(), 'mobile-uuid-54'), (9, 54, '0000000054', 0, 1, now(), 'home-uuid-54');
INSERT INTO patient (patient_id,creator,date_created) VALUES (54, 1, now());
INSERT INTO patient_identifier (patient_id,identifier,identifier_type,location_id,creator,date_created,voided,uuid) VALUES (54, '54', 2, 1, 1, now(), 0, 'id-uuid-54');
INSERT INTO person (person_id,gender,birthdate,creator,date_created,voided,uuid) VALUES (55, 'F', '2005-05-05', 1, now(), 0, 'person-uuid-55');
INSERT INTO person_name (person_id,given_name,family_name,creator,date_created,voided,uuid) VALUES (55, 'John55', 'Doe55', 1, now(), 0, 'name-uuid-55');
INSERT INTO person_address (person_id,address1,creator,date_created,voided,uuid) VALUES (55, '123 Ocean Dr 55', 1, now(), 0, 'address-uuid-55');
INSERT INTO person_attribute (person_attribute_type_id,person_id,value,voided,creator,date_created,uuid) VALUES (8, 55, '0000000055', 0, 1, now(), 'mobile-uuid-55'), (9, 55, '0000000055', 0, 1, now(), 'home-uuid-55');
INSERT INTO patient (patient_id,creator,date_created) VALUES (55, 1, now());
INSERT INTO patient_identifier (patient_id,identifier,identifier_type,location_id,creator,date_created,voided,uuid) VALUES (55, '55', 2, 1, 1, now(), 0, 'id-uuid-55');
INSERT INTO person (person_id,gender,birthdate,creator,date_created,voided,uuid) VALUES (56, 'M', '2000-02-02', 1, now(), 0, 'person-uuid-56');
INSERT INTO person_name (person_id,given_name,family_name,creator,date_created,voided,uuid) VALUES (56, 'John56', 'Doe56', 1, now(), 0, 'name-uuid-56');
INSERT INTO person_address (person_id,address1,creator,date_created,voided,uuid) VALUES (56, '123 Ocean Dr 56', 1, now(), 0, 'address-uuid-56');
INSERT INTO person_attribute (person_attribute_type_id,person_id,value,voided,creator,date_created,uuid) VALUES (8, 56, '0000000056', 0, 1, now(), 'mobile-uuid-56'), (9, 56, '0000000056', 0, 1, now(), 'home-uuid-56');
INSERT INTO patient (patient_id,creator,date_created) VALUES (56, 1, now());
INSERT INTO patient_identifier (patient_id,identifier,identifier_type,location_id,creator,date_created,voided,uuid) VALUES (56, '56', 2, 1, 1, now(), 0, 'id-uuid-56');
INSERT INTO person (person_id,gender,birthdate,creator,date_created,voided,uuid) VALUES (57, 'F', '2005-05-05', 1, now(), 0, 'person-uuid-57');
INSERT INTO person_name (person_id,given_name,family_name,creator,date_created,voided,uuid) VALUES (57, 'John57', 'Doe57', 1, now(), 0, 'name-uuid-57');
INSERT INTO person_address (person_id,address1,creator,date_created,voided,uuid) VALUES (57, '123 Ocean Dr 57', 1, now(), 0, 'address-uuid-57');
INSERT INTO person_attribute (person_attribute_type_id,person_id,value,voided,creator,date_created,uuid) VALUES (8, 57, '0000000057', 0, 1, now(), 'mobile-uuid-57'), (9, 57, '0000000057', 0, 1, now(), 'home-uuid-57');
INSERT INTO patient (patient_id,creator,date_created) VALUES (57, 1, now());
INSERT INTO patient_identifier (patient_id,identifier,identifier_type,location_id,creator,date_created,voided,uuid) VALUES (57, '57', 2, 1, 1, now(), 0, 'id-uuid-57');
INSERT INTO person (person_id,gender,birthdate,creator,date_created,voided,uuid) VALUES (58, 'M', '2000-02-02', 1, now(), 0, 'person-uuid-58');
INSERT INTO person_name (person_id,given_name,family_name,creator,date_created,voided,uuid) VALUES (58, 'John58', 'Doe58', 1, now(), 0, 'name-uuid-58');
INSERT INTO person_address (person_id,address1,creator,date_created,voided,uuid) VALUES (58, '123 Ocean Dr 58', 1, now(), 0, 'address-uuid-58');
INSERT INTO person_attribute (person_attribute_type_id,person_id,value,voided,creator,date_created,uuid) VALUES (8, 58, '0000000058', 0, 1, now(), 'mobile-uuid-58'), (9, 58, '0000000058', 0, 1, now(), 'home-uuid-58');
INSERT INTO patient (patient_id,creator,date_created) VALUES (58, 1, now());
INSERT INTO patient_identifier (patient_id,identifier,identifier_type,location_id,creator,date_created,voided,uuid) VALUES (58, '58', 2, 1, 1, now(), 0, 'id-uuid-58');
INSERT INTO person (person_id,gender,birthdate,creator,date_created,voided,uuid) VALUES (59, 'F', '2005-05-05', 1, now(), 0, 'person-uuid-59');
INSERT INTO person_name (person_id,given_name,family_name,creator,date_created,voided,uuid) VALUES (59, 'John59', 'Doe59', 1, now(), 0, 'name-uuid-59');
INSERT INTO person_address (person_id,address1,creator,date_created,voided,uuid) VALUES (59, '123 Ocean Dr 59', 1, now(), 0, 'address-uuid-59');
INSERT INTO person_attribute (person_attribute_type_id,person_id,value,voided,creator,date_created,uuid) VALUES (8, 59, '0000000059', 0, 1, now(), 'mobile-uuid-59'), (9, 59, '0000000059', 0, 1, now(), 'home-uuid-59');
INSERT INTO patient (patient_id,creator,date_created) VALUES (59, 1, now());
INSERT INTO patient_identifier (patient_id,identifier,identifier_type,location_id,creator,date_created,voided,uuid) VALUES (59, '59', 2, 1, 1, now(), 0, 'id-uuid-59');
INSERT INTO person (person_id,gender,birthdate,creator,date_created,voided,uuid) VALUES (60, 'M', '2000-02-02', 1, now(), 0, 'person-uuid-60');
INSERT INTO person_name (person_id,given_name,family_name,creator,date_created,voided,uuid) VALUES (60, 'John60', 'Doe60', 1, now(), 0, 'name-uuid-60');
INSERT INTO person_address (person_id,address1,creator,date_created,voided,uuid) VALUES (60, '123 Ocean Dr 60', 1, now(), 0, 'address-uuid-60');
INSERT INTO person_attribute (person_attribute_type_id,person_id,value,voided,creator,date_created,uuid) VALUES (8, 60, '0000000060', 0, 1, now(), 'mobile-uuid-60'), (9, 60, '0000000060', 0, 1, now(), 'home-uuid-60');
INSERT INTO patient (patient_id,creator,date_created) VALUES (60, 1, now());
INSERT INTO patient_identifier (patient_id,identifier,identifier_type,location_id,creator,date_created,voided,uuid) VALUES (60, '60', 2, 1, 1, now(), 0, 'id-uuid-60');
INSERT INTO person (person_id,gender,birthdate,creator,date_created,voided,uuid) VALUES (61, 'F', '2005-05-05', 1, now(), 0, 'person-uuid-61');
INSERT INTO person_name (person_id,given_name,family_name,creator,date_created,voided,uuid) VALUES (61, 'John61', 'Doe61', 1, now(), 0, 'name-uuid-61');
INSERT INTO person_address (person_id,address1,creator,date_created,voided,uuid) VALUES (61, '123 Ocean Dr 61', 1, now(), 0, 'address-uuid-61');
INSERT INTO person_attribute (person_attribute_type_id,person_id,value,voided,creator,date_created,uuid) VALUES (8, 61, '0000000061', 0, 1, now(), 'mobile-uuid-61'), (9, 61, '0000000061', 0, 1, now(), 'home-uuid-61');
INSERT INTO patient (patient_id,creator,date_created) VALUES (61, 1, now());
INSERT INTO patient_identifier (patient_id,identifier,identifier_type,location_id,creator,date_created,voided,uuid) VALUES (61, '61', 2, 1, 1, now(), 0, 'id-uuid-61');
INSERT INTO person (person_id,gender,birthdate,creator,date_created,voided,uuid) VALUES (62, 'M', '2000-02-02', 1, now(), 0, 'person-uuid-62');
INSERT INTO person_name (person_id,given_name,family_name,creator,date_created,voided,uuid) VALUES (62, 'John62', 'Doe62', 1, now(), 0, 'name-uuid-62');
INSERT INTO person_address (person_id,address1,creator,date_created,voided,uuid) VALUES (62, '123 Ocean Dr 62', 1, now(), 0, 'address-uuid-62');
INSERT INTO person_attribute (person_attribute_type_id,person_id,value,voided,creator,date_created,uuid) VALUES (8, 62, '0000000062', 0, 1, now(), 'mobile-uuid-62'), (9, 62, '0000000062', 0, 1, now(), 'home-uuid-62');
INSERT INTO patient (patient_id,creator,date_created) VALUES (62, 1, now());
INSERT INTO patient_identifier (patient_id,identifier,identifier_type,location_id,creator,date_created,voided,uuid) VALUES (62, '62', 2, 1, 1, now(), 0, 'id-uuid-62');
INSERT INTO person (person_id,gender,birthdate,creator,date_created,voided,uuid) VALUES (63, 'F', '2005-05-05', 1, now(), 0, 'person-uuid-63');
INSERT INTO person_name (person_id,given_name,family_name,creator,date_created,voided,uuid) VALUES (63, 'John63', 'Doe63', 1, now(), 0, 'name-uuid-63');
INSERT INTO person_address (person_id,address1,creator,date_created,voided,uuid) VALUES (63, '123 Ocean Dr 63', 1, now(), 0, 'address-uuid-63');
INSERT INTO person_attribute (person_attribute_type_id,person_id,value,voided,creator,date_created,uuid) VALUES (8, 63, '0000000063', 0, 1, now(), 'mobile-uuid-63'), (9, 63, '0000000063', 0, 1, now(), 'home-uuid-63');
INSERT INTO patient (patient_id,creator,date_created) VALUES (63, 1, now());
INSERT INTO patient_identifier (patient_id,identifier,identifier_type,location_id,creator,date_created,voided,uuid) VALUES (63, '63', 2, 1, 1, now(), 0, 'id-uuid-63');
INSERT INTO person (person_id,gender,birthdate,creator,date_created,voided,uuid) VALUES (64, 'M', '2000-02-02', 1, now(), 0, 'person-uuid-64');
INSERT INTO person_name (person_id,given_name,family_name,creator,date_created,voided,uuid) VALUES (64, 'John64', 'Doe64', 1, now(), 0, 'name-uuid-64');
INSERT INTO person_address (person_id,address1,creator,date_created,voided,uuid) VALUES (64, '123 Ocean Dr 64', 1, now(), 0, 'address-uuid-64');
INSERT INTO person_attribute (person_attribute_type_id,person_id,value,voided,creator,date_created,uuid) VALUES (8, 64, '0000000064', 0, 1, now(), 'mobile-uuid-64'), (9, 64, '0000000064', 0, 1, now(), 'home-uuid-64');
INSERT INTO patient (patient_id,creator,date_created) VALUES (64, 1, now());
INSERT INTO patient_identifier (patient_id,identifier,identifier_type,location_id,creator,date_created,voided,uuid) VALUES (64, '64', 2, 1, 1, now(), 0, 'id-uuid-64');
INSERT INTO person (person_id,gender,birthdate,creator,date_created,voided,uuid) VALUES (65, 'F', '2005-05-05', 1, now(), 0, 'person-uuid-65');
INSERT INTO person_name (person_id,given_name,family_name,creator,date_created,voided,uuid) VALUES (65, 'John65', 'Doe65', 1, now(), 0, 'name-uuid-65');
INSERT INTO person_address (person_id,address1,creator,date_created,voided,uuid) VALUES (65, '123 Ocean Dr 65', 1, now(), 0, 'address-uuid-65');
INSERT INTO person_attribute (person_attribute_type_id,person_id,value,voided,creator,date_created,uuid) VALUES (8, 65, '0000000065', 0, 1, now(), 'mobile-uuid-65'), (9, 65, '0000000065', 0, 1, now(), 'home-uuid-65');
INSERT INTO patient (patient_id,creator,date_created) VALUES (65, 1, now());
INSERT INTO patient_identifier (patient_id,identifier,identifier_type,location_id,creator,date_created,voided,uuid) VALUES (65, '65', 2, 1, 1, now(), 0, 'id-uuid-65');
INSERT INTO person (person_id,gender,birthdate,creator,date_created,voided,uuid) VALUES (66, 'M', '2000-02-02', 1, now(), 0, 'person-uuid-66');
INSERT INTO person_name (person_id,given_name,family_name,creator,date_created,voided,uuid) VALUES (66, 'John66', 'Doe66', 1, now(), 0, 'name-uuid-66');
INSERT INTO person_address (person_id,address1,creator,date_created,voided,uuid) VALUES (66, '123 Ocean Dr 66', 1, now(), 0, 'address-uuid-66');
INSERT INTO person_attribute (person_attribute_type_id,person_id,value,voided,creator,date_created,uuid) VALUES (8, 66, '0000000066', 0, 1, now(), 'mobile-uuid-66'), (9, 66, '0000000066', 0, 1, now(), 'home-uuid-66');
INSERT INTO patient (patient_id,creator,date_created) VALUES (66, 1, now());
INSERT INTO patient_identifier (patient_id,identifier,identifier_type,location_id,creator,date_created,voided,uuid) VALUES (66, '66', 2, 1, 1, now(), 0, 'id-uuid-66');
INSERT INTO person (person_id,gender,birthdate,creator,date_created,voided,uuid) VALUES (67, 'F', '2005-05-05', 1, now(), 0, 'person-uuid-67');
INSERT INTO person_name (person_id,given_name,family_name,creator,date_created,voided,uuid) VALUES (67, 'John67', 'Doe67', 1, now(), 0, 'name-uuid-67');
INSERT INTO person_address (person_id,address1,creator,date_created,voided,uuid) VALUES (67, '123 Ocean Dr 67', 1, now(), 0, 'address-uuid-67');
INSERT INTO person_attribute (person_attribute_type_id,person_id,value,voided,creator,date_created,uuid) VALUES (8, 67, '0000000067', 0, 1, now(), 'mobile-uuid-67'), (9, 67, '0000000067', 0, 1, now(), 'home-uuid-67');
INSERT INTO patient (patient_id,creator,date_created) VALUES (67, 1, now());
INSERT INTO patient_identifier (patient_id,identifier,identifier_type,location_id,creator,date_created,voided,uuid) VALUES (67, '67', 2, 1, 1, now(), 0, 'id-uuid-67');
INSERT INTO person (person_id,gender,birthdate,creator,date_created,voided,uuid) VALUES (68, 'M', '2000-02-02', 1, now(), 0, 'person-uuid-68');
INSERT INTO person_name (person_id,given_name,family_name,creator,date_created,voided,uuid) VALUES (68, 'John68', 'Doe68', 1, now(), 0, 'name-uuid-68');
INSERT INTO person_address (person_id,address1,creator,date_created,voided,uuid) VALUES (68, '123 Ocean Dr 68', 1, now(), 0, 'address-uuid-68');
INSERT INTO person_attribute (person_attribute_type_id,person_id,value,voided,creator,date_created,uuid) VALUES (8, 68, '0000000068', 0, 1, now(), 'mobile-uuid-68'), (9, 68, '0000000068', 0, 1, now(), 'home-uuid-68');
INSERT INTO patient (patient_id,creator,date_created) VALUES (68, 1, now());
INSERT INTO patient_identifier (patient_id,identifier,identifier_type,location_id,creator,date_created,voided,uuid) VALUES (68, '68', 2, 1, 1, now(), 0, 'id-uuid-68');
INSERT INTO person (person_id,gender,birthdate,creator,date_created,voided,uuid) VALUES (69, 'F', '2005-05-05', 1, now(), 0, 'person-uuid-69');
INSERT INTO person_name (person_id,given_name,family_name,creator,date_created,voided,uuid) VALUES (69, 'John69', 'Doe69', 1, now(), 0, 'name-uuid-69');
INSERT INTO person_address (person_id,address1,creator,date_created,voided,uuid) VALUES (69, '123 Ocean Dr 69', 1, now(), 0, 'address-uuid-69');
INSERT INTO person_attribute (person_attribute_type_id,person_id,value,voided,creator,date_created,uuid) VALUES (8, 69, '0000000069', 0, 1, now(), 'mobile-uuid-69'), (9, 69, '0000000069', 0, 1, now(), 'home-uuid-69');
INSERT INTO patient (patient_id,creator,date_created) VALUES (69, 1, now());
INSERT INTO patient_identifier (patient_id,identifier,identifier_type,location_id,creator,date_created,voided,uuid) VALUES (69, '69', 2, 1, 1, now(), 0, 'id-uuid-69');
INSERT INTO person (person_id,gender,birthdate,creator,date_created,voided,uuid) VALUES (70, 'M', '2000-02-02', 1, now(), 0, 'person-uuid-70');
INSERT INTO person_name (person_id,given_name,family_name,creator,date_created,voided,uuid) VALUES (70, 'John70', 'Doe70', 1, now(), 0, 'name-uuid-70');
INSERT INTO person_address (person_id,address1,creator,date_created,voided,uuid) VALUES (70, '123 Ocean Dr 70', 1, now(), 0, 'address-uuid-70');
INSERT INTO person_attribute (person_attribute_type_id,person_id,value,voided,creator,date_created,uuid) VALUES (8, 70, '0000000070', 0, 1, now(), 'mobile-uuid-70'), (9, 70, '0000000070', 0, 1, now(), 'home-uuid-70');
INSERT INTO patient (patient_id,creator,date_created) VALUES (70, 1, now());
INSERT INTO patient_identifier (patient_id,identifier,identifier_type,location_id,creator,date_created,voided,uuid) VALUES (70, '70', 2, 1, 1, now(), 0, 'id-uuid-70');
INSERT INTO person (person_id,gender,birthdate,creator,date_created,voided,uuid) VALUES (71, 'F', '2005-05-05', 1, now(), 0, 'person-uuid-71');
INSERT INTO person_name (person_id,given_name,family_name,creator,date_created,voided,uuid) VALUES (71, 'John71', 'Doe71', 1, now(), 0, 'name-uuid-71');
INSERT INTO person_address (person_id,address1,creator,date_created,voided,uuid) VALUES (71, '123 Ocean Dr 71', 1, now(), 0, 'address-uuid-71');
INSERT INTO person_attribute (person_attribute_type_id,person_id,value,voided,creator,date_created,uuid) VALUES (8, 71, '0000000071', 0, 1, now(), 'mobile-uuid-71'), (9, 71, '0000000071', 0, 1, now(), 'home-uuid-71');
INSERT INTO patient (patient_id,creator,date_created) VALUES (71, 1, now());
INSERT INTO patient_identifier (patient_id,identifier,identifier_type,location_id,creator,date_created,voided,uuid) VALUES (71, '71', 2, 1, 1, now(), 0, 'id-uuid-71');
INSERT INTO person (person_id,gender,birthdate,creator,date_created,voided,uuid) VALUES (72, 'M', '2000-02-02', 1, now(), 0, 'person-uuid-72');
INSERT INTO person_name (person_id,given_name,family_name,creator,date_created,voided,uuid) VALUES (72, 'John72', 'Doe72', 1, now(), 0, 'name-uuid-72');
INSERT INTO person_address (person_id,address1,creator,date_created,voided,uuid) VALUES (72, '123 Ocean Dr 72', 1, now(), 0, 'address-uuid-72');
INSERT INTO person_attribute (person_attribute_type_id,person_id,value,voided,creator,date_created,uuid) VALUES (8, 72, '0000000072', 0, 1, now(), 'mobile-uuid-72'), (9, 72, '0000000072', 0, 1, now(), 'home-uuid-72');
INSERT INTO patient (patient_id,creator,date_created) VALUES (72, 1, now());
INSERT INTO patient_identifier (patient_id,identifier,identifier_type,location_id,creator,date_created,voided,uuid) VALUES (72, '72', 2, 1, 1, now(), 0, 'id-uuid-72');
INSERT INTO person (person_id,gender,birthdate,creator,date_created,voided,uuid) VALUES (73, 'F', '2005-05-05', 1, now(), 0, 'person-uuid-73');
INSERT INTO person_name (person_id,given_name,family_name,creator,date_created,voided,uuid) VALUES (73, 'John73', 'Doe73', 1, now(), 0, 'name-uuid-73');
INSERT INTO person_address (person_id,address1,creator,date_created,voided,uuid) VALUES (73, '123 Ocean Dr 73', 1, now(), 0, 'address-uuid-73');
INSERT INTO person_attribute (person_attribute_type_id,person_id,value,voided,creator,date_created,uuid) VALUES (8, 73, '0000000073', 0, 1, now(), 'mobile-uuid-73'), (9, 73, '0000000073', 0, 1, now(), 'home-uuid-73');
INSERT INTO patient (patient_id,creator,date_created) VALUES (73, 1, now());
INSERT INTO patient_identifier (patient_id,identifier,identifier_type,location_id,creator,date_created,voided,uuid) VALUES (73, '73', 2, 1, 1, now(), 0, 'id-uuid-73');
INSERT INTO person (person_id,gender,birthdate,creator,date_created,voided,uuid) VALUES (74, 'M', '2000-02-02', 1, now(), 0, 'person-uuid-74');
INSERT INTO person_name (person_id,given_name,family_name,creator,date_created,voided,uuid) VALUES (74, 'John74', 'Doe74', 1, now(), 0, 'name-uuid-74');
INSERT INTO person_address (person_id,address1,creator,date_created,voided,uuid) VALUES (74, '123 Ocean Dr 74', 1, now(), 0, 'address-uuid-74');
INSERT INTO person_attribute (person_attribute_type_id,person_id,value,voided,creator,date_created,uuid) VALUES (8, 74, '0000000074', 0, 1, now(), 'mobile-uuid-74'), (9, 74, '0000000074', 0, 1, now(), 'home-uuid-74');
INSERT INTO patient (patient_id,creator,date_created) VALUES (74, 1, now());
INSERT INTO patient_identifier (patient_id,identifier,identifier_type,location_id,creator,date_created,voided,uuid) VALUES (74, '74', 2, 1, 1, now(), 0, 'id-uuid-74');
INSERT INTO person (person_id,gender,birthdate,creator,date_created,voided,uuid) VALUES (75, 'F', '2005-05-05', 1, now(), 0, 'person-uuid-75');
INSERT INTO person_name (person_id,given_name,family_name,creator,date_created,voided,uuid) VALUES (75, 'John75', 'Doe75', 1, now(), 0, 'name-uuid-75');
INSERT INTO person_address (person_id,address1,creator,date_created,voided,uuid) VALUES (75, '123 Ocean Dr 75', 1, now(), 0, 'address-uuid-75');
INSERT INTO person_attribute (person_attribute_type_id,person_id,value,voided,creator,date_created,uuid) VALUES (8, 75, '0000000075', 0, 1, now(), 'mobile-uuid-75'), (9, 75, '0000000075', 0, 1, now(), 'home-uuid-75');
INSERT INTO patient (patient_id,creator,date_created) VALUES (75, 1, now());
INSERT INTO patient_identifier (patient_id,identifier,identifier_type,location_id,creator,date_created,voided,uuid) VALUES (75, '75', 2, 1, 1, now(), 0, 'id-uuid-75');
INSERT INTO person (person_id,gender,birthdate,creator,date_created,voided,uuid) VALUES (76, 'M', '2000-02-02', 1, now(), 0, 'person-uuid-76');
INSERT INTO person_name (person_id,given_name,family_name,creator,date_created,voided,uuid) VALUES (76, 'John76', 'Doe76', 1, now(), 0, 'name-uuid-76');
INSERT INTO person_address (person_id,address1,creator,date_created,voided,uuid) VALUES (76, '123 Ocean Dr 76', 1, now(), 0, 'address-uuid-76');
INSERT INTO person_attribute (person_attribute_type_id,person_id,value,voided,creator,date_created,uuid) VALUES (8, 76, '0000000076', 0, 1, now(), 'mobile-uuid-76'), (9, 76, '0000000076', 0, 1, now(), 'home-uuid-76');
INSERT INTO patient (patient_id,creator,date_created) VALUES (76, 1, now());
INSERT INTO patient_identifier (patient_id,identifier,identifier_type,location_id,creator,date_created,voided,uuid) VALUES (76, '76', 2, 1, 1, now(), 0, 'id-uuid-76');
INSERT INTO person (person_id,gender,birthdate,creator,date_created,voided,uuid) VALUES (77, 'F', '2005-05-05', 1, now(), 0, 'person-uuid-77');
INSERT INTO person_name (person_id,given_name,family_name,creator,date_created,voided,uuid) VALUES (77, 'John77', 'Doe77', 1, now(), 0, 'name-uuid-77');
INSERT INTO person_address (person_id,address1,creator,date_created,voided,uuid) VALUES (77, '123 Ocean Dr 77', 1, now(), 0, 'address-uuid-77');
INSERT INTO person_attribute (person_attribute_type_id,person_id,value,voided,creator,date_created,uuid) VALUES (8, 77, '0000000077', 0, 1, now(), 'mobile-uuid-77'), (9, 77, '0000000077', 0, 1, now(), 'home-uuid-77');
INSERT INTO patient (patient_id,creator,date_created) VALUES (77, 1, now());
INSERT INTO patient_identifier (patient_id,identifier,identifier_type,location_id,creator,date_created,voided,uuid) VALUES (77, '77', 2, 1, 1, now(), 0, 'id-uuid-77');
INSERT INTO person (person_id,gender,birthdate,creator,date_created,voided,uuid) VALUES (78, 'M', '2000-02-02', 1, now(), 0, 'person-uuid-78');
INSERT INTO person_name (person_id,given_name,family_name,creator,date_created,voided,uuid) VALUES (78, 'John78', 'Doe78', 1, now(), 0, 'name-uuid-78');
INSERT INTO person_address (person_id,address1,creator,date_created,voided,uuid) VALUES (78, '123 Ocean Dr 78', 1, now(), 0, 'address-uuid-78');
INSERT INTO person_attribute (person_attribute_type_id,person_id,value,voided,creator,date_created,uuid) VALUES (8, 78, '0000000078', 0, 1, now(), 'mobile-uuid-78'), (9, 78, '0000000078', 0, 1, now(), 'home-uuid-78');
INSERT INTO patient (patient_id,creator,date_created) VALUES (78, 1, now());
INSERT INTO patient_identifier (patient_id,identifier,identifier_type,location_id,creator,date_created,voided,uuid) VALUES (78, '78', 2, 1, 1, now(), 0, 'id-uuid-78');
INSERT INTO person (person_id,gender,birthdate,creator,date_created,voided,uuid) VALUES (79, 'F', '2005-05-05', 1, now(), 0, 'person-uuid-79');
INSERT INTO person_name (person_id,given_name,family_name,creator,date_created,voided,uuid) VALUES (79, 'John79', 'Doe79', 1, now(), 0, 'name-uuid-79');
INSERT INTO person_address (person_id,address1,creator,date_created,voided,uuid) VALUES (79, '123 Ocean Dr 79', 1, now(), 0, 'address-uuid-79');
INSERT INTO person_attribute (person_attribute_type_id,person_id,value,voided,creator,date_created,uuid) VALUES (8, 79, '0000000079', 0, 1, now(), 'mobile-uuid-79'), (9, 79, '0000000079', 0, 1, now(), 'home-uuid-79');
INSERT INTO patient (patient_id,creator,date_created) VALUES (79, 1, now());
INSERT INTO patient_identifier (patient_id,identifier,identifier_type,location_id,creator,date_created,voided,uuid) VALUES (79, '79', 2, 1, 1, now(), 0, 'id-uuid-79');
INSERT INTO person (person_id,gender,birthdate,creator,date_created,voided,uuid) VALUES (80, 'M', '2000-02-02', 1, now(), 0, 'person-uuid-80');
INSERT INTO person_name (person_id,given_name,family_name,creator,date_created,voided,uuid) VALUES (80, 'John80', 'Doe80', 1, now(), 0, 'name-uuid-80');
INSERT INTO person_address (person_id,address1,creator,date_created,voided,uuid) VALUES (80, '123 Ocean Dr 80', 1, now(), 0, 'address-uuid-80');
INSERT INTO person_attribute (person_attribute_type_id,person_id,value,voided,creator,date_created,uuid) VALUES (8, 80, '0000000080', 0, 1, now(), 'mobile-uuid-80'), (9, 80, '0000000080', 0, 1, now(), 'home-uuid-80');
INSERT INTO patient (patient_id,creator,date_created) VALUES (80, 1, now());
INSERT INTO patient_identifier (patient_id,identifier,identifier_type,location_id,creator,date_created,voided,uuid) VALUES (80, '80', 2, 1, 1, now(), 0, 'id-uuid-80');
INSERT INTO person (person_id,gender,birthdate,creator,date_created,voided,uuid) VALUES (81, 'F', '2005-05-05', 1, now(), 0, 'person-uuid-81');
INSERT INTO person_name (person_id,given_name,family_name,creator,date_created,voided,uuid) VALUES (81, 'John81', 'Doe81', 1, now(), 0, 'name-uuid-81');
INSERT INTO person_address (person_id,address1,creator,date_created,voided,uuid) VALUES (81, '123 Ocean Dr 81', 1, now(), 0, 'address-uuid-81');
INSERT INTO person_attribute (person_attribute_type_id,person_id,value,voided,creator,date_created,uuid) VALUES (8, 81, '0000000081', 0, 1, now(), 'mobile-uuid-81'), (9, 81, '0000000081', 0, 1, now(), 'home-uuid-81');
INSERT INTO patient (patient_id,creator,date_created) VALUES (81, 1, now());
INSERT INTO patient_identifier (patient_id,identifier,identifier_type,location_id,creator,date_created,voided,uuid) VALUES (81, '81', 2, 1, 1, now(), 0, 'id-uuid-81');
INSERT INTO person (person_id,gender,birthdate,creator,date_created,voided,uuid) VALUES (82, 'M', '2000-02-02', 1, now(), 0, 'person-uuid-82');
INSERT INTO person_name (person_id,given_name,family_name,creator,date_created,voided,uuid) VALUES (82, 'John82', 'Doe82', 1, now(), 0, 'name-uuid-82');
INSERT INTO person_address (person_id,address1,creator,date_created,voided,uuid) VALUES (82, '123 Ocean Dr 82', 1, now(), 0, 'address-uuid-82');
INSERT INTO person_attribute (person_attribute_type_id,person_id,value,voided,creator,date_created,uuid) VALUES (8, 82, '0000000082', 0, 1, now(), 'mobile-uuid-82'), (9, 82, '0000000082', 0, 1, now(), 'home-uuid-82');
INSERT INTO patient (patient_id,creator,date_created) VALUES (82, 1, now());
INSERT INTO patient_identifier (patient_id,identifier,identifier_type,location_id,creator,date_created,voided,uuid) VALUES (82, '82', 2, 1, 1, now(), 0, 'id-uuid-82');
INSERT INTO person (person_id,gender,birthdate,creator,date_created,voided,uuid) VALUES (83, 'F', '2005-05-05', 1, now(), 0, 'person-uuid-83');
INSERT INTO person_name (person_id,given_name,family_name,creator,date_created,voided,uuid) VALUES (83, 'John83', 'Doe83', 1, now(), 0, 'name-uuid-83');
INSERT INTO person_address (person_id,address1,creator,date_created,voided,uuid) VALUES (83, '123 Ocean Dr 83', 1, now(), 0, 'address-uuid-83');
INSERT INTO person_attribute (person_attribute_type_id,person_id,value,voided,creator,date_created,uuid) VALUES (8, 83, '0000000083', 0, 1, now(), 'mobile-uuid-83'), (9, 83, '0000000083', 0, 1, now(), 'home-uuid-83');
INSERT INTO patient (patient_id,creator,date_created) VALUES (83, 1, now());
INSERT INTO patient_identifier (patient_id,identifier,identifier_type,location_id,creator,date_created,voided,uuid) VALUES (83, '83', 2, 1, 1, now(), 0, 'id-uuid-83');
INSERT INTO person (person_id,gender,birthdate,creator,date_created,voided,uuid) VALUES (84, 'M', '2000-02-02', 1, now(), 0, 'person-uuid-84');
INSERT INTO person_name (person_id,given_name,family_name,creator,date_created,voided,uuid) VALUES (84, 'John84', 'Doe84', 1, now(), 0, 'name-uuid-84');
INSERT INTO person_address (person_id,address1,creator,date_created,voided,uuid) VALUES (84, '123 Ocean Dr 84', 1, now(), 0, 'address-uuid-84');
INSERT INTO person_attribute (person_attribute_type_id,person_id,value,voided,creator,date_created,uuid) VALUES (8, 84, '0000000084', 0, 1, now(), 'mobile-uuid-84'), (9, 84, '0000000084', 0, 1, now(), 'home-uuid-84');
INSERT INTO patient (patient_id,creator,date_created) VALUES (84, 1, now());
INSERT INTO patient_identifier (patient_id,identifier,identifier_type,location_id,creator,date_created,voided,uuid) VALUES (84, '84', 2, 1, 1, now(), 0, 'id-uuid-84');
INSERT INTO person (person_id,gender,birthdate,creator,date_created,voided,uuid) VALUES (85, 'F', '2005-05-05', 1, now(), 0, 'person-uuid-85');
INSERT INTO person_name (person_id,given_name,family_name,creator,date_created,voided,uuid) VALUES (85, 'John85', 'Doe85', 1, now(), 0, 'name-uuid-85');
INSERT INTO person_address (person_id,address1,creator,date_created,voided,uuid) VALUES (85, '123 Ocean Dr 85', 1, now(), 0, 'address-uuid-85');
INSERT INTO person_attribute (person_attribute_type_id,person_id,value,voided,creator,date_created,uuid) VALUES (8, 85, '0000000085', 0, 1, now(), 'mobile-uuid-85'), (9, 85, '0000000085', 0, 1, now(), 'home-uuid-85');
INSERT INTO patient (patient_id,creator,date_created) VALUES (85, 1, now());
INSERT INTO patient_identifier (patient_id,identifier,identifier_type,location_id,creator,date_created,voided,uuid) VALUES (85, '85', 2, 1, 1, now(), 0, 'id-uuid-85');
INSERT INTO person (person_id,gender,birthdate,creator,date_created,voided,uuid) VALUES (86, 'M', '2000-02-02', 1, now(), 0, 'person-uuid-86');
INSERT INTO person_name (person_id,given_name,family_name,creator,date_created,voided,uuid) VALUES (86, 'John86', 'Doe86', 1, now(), 0, 'name-uuid-86');
INSERT INTO person_address (person_id,address1,creator,date_created,voided,uuid) VALUES (86, '123 Ocean Dr 86', 1, now(), 0, 'address-uuid-86');
INSERT INTO person_attribute (person_attribute_type_id,person_id,value,voided,creator,date_created,uuid) VALUES (8, 86, '0000000086', 0, 1, now(), 'mobile-uuid-86'), (9, 86, '0000000086', 0, 1, now(), 'home-uuid-86');
INSERT INTO patient (patient_id,creator,date_created) VALUES (86, 1, now());
INSERT INTO patient_identifier (patient_id,identifier,identifier_type,location_id,creator,date_created,voided,uuid) VALUES (86, '86', 2, 1, 1, now(), 0, 'id-uuid-86');
INSERT INTO person (person_id,gender,birthdate,creator,date_created,voided,uuid) VALUES (87, 'F', '2005-05-05', 1, now(), 0, 'person-uuid-87');
INSERT INTO person_name (person_id,given_name,family_name,creator,date_created,voided,uuid) VALUES (87, 'John87', 'Doe87', 1, now(), 0, 'name-uuid-87');
INSERT INTO person_address (person_id,address1,creator,date_created,voided,uuid) VALUES (87, '123 Ocean Dr 87', 1, now(), 0, 'address-uuid-87');
INSERT INTO person_attribute (person_attribute_type_id,person_id,value,voided,creator,date_created,uuid) VALUES (8, 87, '0000000087', 0, 1, now(), 'mobile-uuid-87'), (9, 87, '0000000087', 0, 1, now(), 'home-uuid-87');
INSERT INTO patient (patient_id,creator,date_created) VALUES (87, 1, now());
INSERT INTO patient_identifier (patient_id,identifier,identifier_type,location_id,creator,date_created,voided,uuid) VALUES (87, '87', 2, 1, 1, now(), 0, 'id-uuid-87');
INSERT INTO person (person_id,gender,birthdate,creator,date_created,voided,uuid) VALUES (88, 'M', '2000-02-02', 1, now(), 0, 'person-uuid-88');
INSERT INTO person_name (person_id,given_name,family_name,creator,date_created,voided,uuid) VALUES (88, 'John88', 'Doe88', 1, now(), 0, 'name-uuid-88');
INSERT INTO person_address (person_id,address1,creator,date_created,voided,uuid) VALUES (88, '123 Ocean Dr 88', 1, now(), 0, 'address-uuid-88');
INSERT INTO person_attribute (person_attribute_type_id,person_id,value,voided,creator,date_created,uuid) VALUES (8, 88, '0000000088', 0, 1, now(), 'mobile-uuid-88'), (9, 88, '0000000088', 0, 1, now(), 'home-uuid-88');
INSERT INTO patient (patient_id,creator,date_created) VALUES (88, 1, now());
INSERT INTO patient_identifier (patient_id,identifier,identifier_type,location_id,creator,date_created,voided,uuid) VALUES (88, '88', 2, 1, 1, now(), 0, 'id-uuid-88');
INSERT INTO person (person_id,gender,birthdate,creator,date_created,voided,uuid) VALUES (89, 'F', '2005-05-05', 1, now(), 0, 'person-uuid-89');
INSERT INTO person_name (person_id,given_name,family_name,creator,date_created,voided,uuid) VALUES (89, 'John89', 'Doe89', 1, now(), 0, 'name-uuid-89');
INSERT INTO person_address (person_id,address1,creator,date_created,voided,uuid) VALUES (89, '123 Ocean Dr 89', 1, now(), 0, 'address-uuid-89');
INSERT INTO person_attribute (person_attribute_type_id,person_id,value,voided,creator,date_created,uuid) VALUES (8, 89, '0000000089', 0, 1, now(), 'mobile-uuid-89'), (9, 89, '0000000089', 0, 1, now(), 'home-uuid-89');
INSERT INTO patient (patient_id,creator,date_created) VALUES (89, 1, now());
INSERT INTO patient_identifier (patient_id,identifier,identifier_type,location_id,creator,date_created,voided,uuid) VALUES (89, '89', 2, 1, 1, now(), 0, 'id-uuid-89');
INSERT INTO person (person_id,gender,birthdate,creator,date_created,voided,uuid) VALUES (90, 'M', '2000-02-02', 1, now(), 0, 'person-uuid-90');
INSERT INTO person_name (person_id,given_name,family_name,creator,date_created,voided,uuid) VALUES (90, 'John90', 'Doe90', 1, now(), 0, 'name-uuid-90');
INSERT INTO person_address (person_id,address1,creator,date_created,voided,uuid) VALUES (90, '123 Ocean Dr 90', 1, now(), 0, 'address-uuid-90');
INSERT INTO person_attribute (person_attribute_type_id,person_id,value,voided,creator,date_created,uuid) VALUES (8, 90, '0000000090', 0, 1, now(), 'mobile-uuid-90'), (9, 90, '0000000090', 0, 1, now(), 'home-uuid-90');
INSERT INTO patient (patient_id,creator,date_created) VALUES (90, 1, now());
INSERT INTO patient_identifier (patient_id,identifier,identifier_type,location_id,creator,date_created,voided,uuid) VALUES (90, '90', 2, 1, 1, now(), 0, 'id-uuid-90');
INSERT INTO person (person_id,gender,birthdate,creator,date_created,voided,uuid) VALUES (91, 'F', '2005-05-05', 1, now(), 0, 'person-uuid-91');
INSERT INTO person_name (person_id,given_name,family_name,creator,date_created,voided,uuid) VALUES (91, 'John91', 'Doe91', 1, now(), 0, 'name-uuid-91');
INSERT INTO person_address (person_id,address1,creator,date_created,voided,uuid) VALUES (91, '123 Ocean Dr 91', 1, now(), 0, 'address-uuid-91');
INSERT INTO person_attribute (person_attribute_type_id,person_id,value,voided,creator,date_created,uuid) VALUES (8, 91, '0000000091', 0, 1, now(), 'mobile-uuid-91'), (9, 91, '0000000091', 0, 1, now(), 'home-uuid-91');
INSERT INTO patient (patient_id,creator,date_created) VALUES (91, 1, now());
INSERT INTO patient_identifier (patient_id,identifier,identifier_type,location_id,creator,date_created,voided,uuid) VALUES (91, '91', 2, 1, 1, now(), 0, 'id-uuid-91');
INSERT INTO person (person_id,gender,birthdate,creator,date_created,voided,uuid) VALUES (92, 'M', '2000-02-02', 1, now(), 0, 'person-uuid-92');
INSERT INTO person_name (person_id,given_name,family_name,creator,date_created,voided,uuid) VALUES (92, 'John92', 'Doe92', 1, now(), 0, 'name-uuid-92');
INSERT INTO person_address (person_id,address1,creator,date_created,voided,uuid) VALUES (92, '123 Ocean Dr 92', 1, now(), 0, 'address-uuid-92');
INSERT INTO person_attribute (person_attribute_type_id,person_id,value,voided,creator,date_created,uuid) VALUES (8, 92, '0000000092', 0, 1, now(), 'mobile-uuid-92'), (9, 92, '0000000092', 0, 1, now(), 'home-uuid-92');
INSERT INTO patient (patient_id,creator,date_created) VALUES (92, 1, now());
INSERT INTO patient_identifier (patient_id,identifier,identifier_type,location_id,creator,date_created,voided,uuid) VALUES (92, '92', 2, 1, 1, now(), 0, 'id-uuid-92');
INSERT INTO person (person_id,gender,birthdate,creator,date_created,voided,uuid) VALUES (93, 'F', '2005-05-05', 1, now(), 0, 'person-uuid-93');
INSERT INTO person_name (person_id,given_name,family_name,creator,date_created,voided,uuid) VALUES (93, 'John93', 'Doe93', 1, now(), 0, 'name-uuid-93');
INSERT INTO person_address (person_id,address1,creator,date_created,voided,uuid) VALUES (93, '123 Ocean Dr 93', 1, now(), 0, 'address-uuid-93');
INSERT INTO person_attribute (person_attribute_type_id,person_id,value,voided,creator,date_created,uuid) VALUES (8, 93, '0000000093', 0, 1, now(), 'mobile-uuid-93'), (9, 93, '0000000093', 0, 1, now(), 'home-uuid-93');
INSERT INTO patient (patient_id,creator,date_created) VALUES (93, 1, now());
INSERT INTO patient_identifier (patient_id,identifier,identifier_type,location_id,creator,date_created,voided,uuid) VALUES (93, '93', 2, 1, 1, now(), 0, 'id-uuid-93');
INSERT INTO person (person_id,gender,birthdate,creator,date_created,voided,uuid) VALUES (94, 'M', '2000-02-02', 1, now(), 0, 'person-uuid-94');
INSERT INTO person_name (person_id,given_name,family_name,creator,date_created,voided,uuid) VALUES (94, 'John94', 'Doe94', 1, now(), 0, 'name-uuid-94');
INSERT INTO person_address (person_id,address1,creator,date_created,voided,uuid) VALUES (94, '123 Ocean Dr 94', 1, now(), 0, 'address-uuid-94');
INSERT INTO person_attribute (person_attribute_type_id,person_id,value,voided,creator,date_created,uuid) VALUES (8, 94, '0000000094', 0, 1, now(), 'mobile-uuid-94'), (9, 94, '0000000094', 0, 1, now(), 'home-uuid-94');
INSERT INTO patient (patient_id,creator,date_created) VALUES (94, 1, now());
INSERT INTO patient_identifier (patient_id,identifier,identifier_type,location_id,creator,date_created,voided,uuid) VALUES (94, '94', 2, 1, 1, now(), 0, 'id-uuid-94');
INSERT INTO person (person_id,gender,birthdate,creator,date_created,voided,uuid) VALUES (95, 'F', '2005-05-05', 1, now(), 0, 'person-uuid-95');
INSERT INTO person_name (person_id,given_name,family_name,creator,date_created,voided,uuid) VALUES (95, 'John95', 'Doe95', 1, now(), 0, 'name-uuid-95');
INSERT INTO person_address (person_id,address1,creator,date_created,voided,uuid) VALUES (95, '123 Ocean Dr 95', 1, now(), 0, 'address-uuid-95');
INSERT INTO person_attribute (person_attribute_type_id,person_id,value,voided,creator,date_created,uuid) VALUES (8, 95, '0000000095', 0, 1, now(), 'mobile-uuid-95'), (9, 95, '0000000095', 0, 1, now(), 'home-uuid-95');
INSERT INTO patient (patient_id,creator,date_created) VALUES (95, 1, now());
INSERT INTO patient_identifier (patient_id,identifier,identifier_type,location_id,creator,date_created,voided,uuid) VALUES (95, '95', 2, 1, 1, now(), 0, 'id-uuid-95');
INSERT INTO person (person_id,gender,birthdate,creator,date_created,voided,uuid) VALUES (96, 'M', '2000-02-02', 1, now(), 0, 'person-uuid-96');
INSERT INTO person_name (person_id,given_name,family_name,creator,date_created,voided,uuid) VALUES (96, 'John96', 'Doe96', 1, now(), 0, 'name-uuid-96');
INSERT INTO person_address (person_id,address1,creator,date_created,voided,uuid) VALUES (96, '123 Ocean Dr 96', 1, now(), 0, 'address-uuid-96');
INSERT INTO person_attribute (person_attribute_type_id,person_id,value,voided,creator,date_created,uuid) VALUES (8, 96, '0000000096', 0, 1, now(), 'mobile-uuid-96'), (9, 96, '0000000096', 0, 1, now(), 'home-uuid-96');
INSERT INTO patient (patient_id,creator,date_created) VALUES (96, 1, now());
INSERT INTO patient_identifier (patient_id,identifier,identifier_type,location_id,creator,date_created,voided,uuid) VALUES (96, '96', 2, 1, 1, now(), 0, 'id-uuid-96');
INSERT INTO person (person_id,gender,birthdate,creator,date_created,voided,uuid) VALUES (97, 'F', '2005-05-05', 1, now(), 0, 'person-uuid-97');
INSERT INTO person_name (person_id,given_name,family_name,creator,date_created,voided,uuid) VALUES (97, 'John97', 'Doe97', 1, now(), 0, 'name-uuid-97');
INSERT INTO person_address (person_id,address1,creator,date_created,voided,uuid) VALUES (97, '123 Ocean Dr 97', 1, now(), 0, 'address-uuid-97');
INSERT INTO person_attribute (person_attribute_type_id,person_id,value,voided,creator,date_created,uuid) VALUES (8, 97, '0000000097', 0, 1, now(), 'mobile-uuid-97'), (9, 97, '0000000097', 0, 1, now(), 'home-uuid-97');
INSERT INTO patient (patient_id,creator,date_created) VALUES (97, 1, now());
INSERT INTO patient_identifier (patient_id,identifier,identifier_type,location_id,creator,date_created,voided,uuid) VALUES (97, '97', 2, 1, 1, now(), 0, 'id-uuid-97');
INSERT INTO person (person_id,gender,birthdate,creator,date_created,voided,uuid) VALUES (98, 'M', '2000-02-02', 1, now(), 0, 'person-uuid-98');
INSERT INTO person_name (person_id,given_name,family_name,creator,date_created,voided,uuid) VALUES (98, 'John98', 'Doe98', 1, now(), 0, 'name-uuid-98');
INSERT INTO person_address (person_id,address1,creator,date_created,voided,uuid) VALUES (98, '123 Ocean Dr 98', 1, now(), 0, 'address-uuid-98');
INSERT INTO person_attribute (person_attribute_type_id,person_id,value,voided,creator,date_created,uuid) VALUES (8, 98, '0000000098', 0, 1, now(), 'mobile-uuid-98'), (9, 98, '0000000098', 0, 1, now(), 'home-uuid-98');
INSERT INTO patient (patient_id,creator,date_created) VALUES (98, 1, now());
INSERT INTO patient_identifier (patient_id,identifier,identifier_type,location_id,creator,date_created,voided,uuid) VALUES (98, '98', 2, 1, 1, now(), 0, 'id-uuid-98');
INSERT INTO person (person_id,gender,birthdate,creator,date_created,voided,uuid) VALUES (99, 'F', '2005-05-05', 1, now(), 0, 'person-uuid-99');
INSERT INTO person_name (person_id,given_name,family_name,creator,date_created,voided,uuid) VALUES (99, 'John99', 'Doe99', 1, now(), 0, 'name-uuid-99');
INSERT INTO person_address (person_id,address1,creator,date_created,voided,uuid) VALUES (99, '123 Ocean Dr 99', 1, now(), 0, 'address-uuid-99');
INSERT INTO person_attribute (person_attribute_type_id,person_id,value,voided,creator,date_created,uuid) VALUES (8, 99, '0000000099', 0, 1, now(), 'mobile-uuid-99'), (9, 99, '0000000099', 0, 1, now(), 'home-uuid-99');
INSERT INTO patient (patient_id,creator,date_created) VALUES (99, 1, now());
INSERT INTO patient_identifier (patient_id,identifier,identifier_type,location_id,creator,date_created,voided,uuid) VALUES (99, '99', 2, 1, 1, now(), 0, 'id-uuid-99');
INSERT INTO person (person_id,gender,birthdate,creator,date_created,voided,uuid) VALUES (100, 'M', '2000-02-02', 1, now(), 0, 'person-uuid-100');
INSERT INTO person_name (person_id,given_name,family_name,creator,date_created,voided,uuid) VALUES (100, 'John100', 'Doe100', 1, now(), 0, 'name-uuid-100');
INSERT INTO person_address (person_id,address1,creator,date_created,voided,uuid) VALUES (100, '123 Ocean Dr 100', 1, now(), 0, 'address-uuid-100');
INSERT INTO person_attribute (person_attribute_type_id,person_id,value,voided,creator,date_created,uuid) VALUES (8, 100, '0000000100', 0, 1, now(), 'mobile-uuid-100'), (9, 100, '0000000100', 0, 1, now(), 'home-uuid-100');
INSERT INTO patient (patient_id,creator,date_created) VALUES (100, 1, now());
INSERT INTO patient_identifier (patient_id,identifier,identifier_type,location_id,creator,date_created,voided,uuid) VALUES (100, '100', 2, 1, 1, now(), 0, 'id-uuid-100');
INSERT INTO person (person_id,gender,birthdate,creator,date_created,voided,uuid) VALUES (101, 'F', '2005-05-05', 1, now(), 0, 'person-uuid-101');
INSERT INTO person_name (person_id,given_name,family_name,creator,date_created,voided,uuid) VALUES (101, 'John101', 'Doe101', 1, now(), 0, 'name-uuid-101');
INSERT INTO person_address (person_id,address1,creator,date_created,voided,uuid) VALUES (101, '123 Ocean Dr 101', 1, now(), 0, 'address-uuid-101');
INSERT INTO person_attribute (person_attribute_type_id,person_id,value,voided,creator,date_created,uuid) VALUES (8, 101, '0000000101', 0, 1, now(), 'mobile-uuid-101'), (9, 101, '0000000101', 0, 1, now(), 'home-uuid-101');
INSERT INTO patient (patient_id,creator,date_created) VALUES (101, 1, now());
INSERT INTO patient_identifier (patient_id,identifier,identifier_type,location_id,creator,date_created,voided,uuid) VALUES (101, '101', 2, 1, 1, now(), 0, 'id-uuid-101');
INSERT INTO person (person_id,gender,birthdate,creator,date_created,voided,uuid) VALUES (102, 'M', '2000-02-02', 1, now(), 0, 'person-uuid-102');
INSERT INTO person_name (person_id,given_name,family_name,creator,date_created,voided,uuid) VALUES (102, 'John102', 'Doe102', 1, now(), 0, 'name-uuid-102');
INSERT INTO person_address (person_id,address1,creator,date_created,voided,uuid) VALUES (102, '123 Ocean Dr 102', 1, now(), 0, 'address-uuid-102');
INSERT INTO person_attribute (person_attribute_type_id,person_id,value,voided,creator,date_created,uuid) VALUES (8, 102, '0000000102', 0, 1, now(), 'mobile-uuid-102'), (9, 102, '0000000102', 0, 1, now(), 'home-uuid-102');
INSERT INTO patient (patient_id,creator,date_created) VALUES (102, 1, now());
INSERT INTO patient_identifier (patient_id,identifier,identifier_type,location_id,creator,date_created,voided,uuid) VALUES (102, '102', 2, 1, 1, now(), 0, 'id-uuid-102');
INSERT INTO person (person_id,gender,birthdate,creator,date_created,voided,uuid) VALUES (103, 'F', '2005-05-05', 1, now(), 0, 'person-uuid-103');
INSERT INTO person_name (person_id,given_name,family_name,creator,date_created,voided,uuid) VALUES (103, 'John103', 'Doe103', 1, now(), 0, 'name-uuid-103');
INSERT INTO person_address (person_id,address1,creator,date_created,voided,uuid) VALUES (103, '123 Ocean Dr 103', 1, now(), 0, 'address-uuid-103');
INSERT INTO person_attribute (person_attribute_type_id,person_id,value,voided,creator,date_created,uuid) VALUES (8, 103, '0000000103', 0, 1, now(), 'mobile-uuid-103'), (9, 103, '0000000103', 0, 1, now(), 'home-uuid-103');
INSERT INTO patient (patient_id,creator,date_created) VALUES (103, 1, now());
INSERT INTO patient_identifier (patient_id,identifier,identifier_type,location_id,creator,date_created,voided,uuid) VALUES (103, '103', 2, 1, 1, now(), 0, 'id-uuid-103');
INSERT INTO person (person_id,gender,birthdate,creator,date_created,voided,uuid) VALUES (104, 'M', '2000-02-02', 1, now(), 0, 'person-uuid-104');
INSERT INTO person_name (person_id,given_name,family_name,creator,date_created,voided,uuid) VALUES (104, 'John104', 'Doe104', 1, now(), 0, 'name-uuid-104');
INSERT INTO person_address (person_id,address1,creator,date_created,voided,uuid) VALUES (104, '123 Ocean Dr 104', 1, now(), 0, 'address-uuid-104');
INSERT INTO person_attribute (person_attribute_type_id,person_id,value,voided,creator,date_created,uuid) VALUES (8, 104, '0000000104', 0, 1, now(), 'mobile-uuid-104'), (9, 104, '0000000104', 0, 1, now(), 'home-uuid-104');
INSERT INTO patient (patient_id,creator,date_created) VALUES (104, 1, now());
INSERT INTO patient_identifier (patient_id,identifier,identifier_type,location_id,creator,date_created,voided,uuid) VALUES (104, '104', 2, 1, 1, now(), 0, 'id-uuid-104');
INSERT INTO person (person_id,gender,birthdate,creator,date_created,voided,uuid) VALUES (105, 'F', '2005-05-05', 1, now(), 0, 'person-uuid-105');
INSERT INTO person_name (person_id,given_name,family_name,creator,date_created,voided,uuid) VALUES (105, 'John105', 'Doe105', 1, now(), 0, 'name-uuid-105');
INSERT INTO person_address (person_id,address1,creator,date_created,voided,uuid) VALUES (105, '123 Ocean Dr 105', 1, now(), 0, 'address-uuid-105');
INSERT INTO person_attribute (person_attribute_type_id,person_id,value,voided,creator,date_created,uuid) VALUES (8, 105, '0000000105', 0, 1, now(), 'mobile-uuid-105'), (9, 105, '0000000105', 0, 1, now(), 'home-uuid-105');
INSERT INTO patient (patient_id,creator,date_created) VALUES (105, 1, now());
INSERT INTO patient_identifier (patient_id,identifier,identifier_type,location_id,creator,date_created,voided,uuid) VALUES (105, '105', 2, 1, 1, now(), 0, 'id-uuid-105');
INSERT INTO person (person_id,gender,birthdate,creator,date_created,voided,uuid) VALUES (106, 'M', '2000-02-02', 1, now(), 0, 'person-uuid-106');
INSERT INTO person_name (person_id,given_name,family_name,creator,date_created,voided,uuid) VALUES (106, 'John106', 'Doe106', 1, now(), 0, 'name-uuid-106');
INSERT INTO person_address (person_id,address1,creator,date_created,voided,uuid) VALUES (106, '123 Ocean Dr 106', 1, now(), 0, 'address-uuid-106');
INSERT INTO person_attribute (person_attribute_type_id,person_id,value,voided,creator,date_created,uuid) VALUES (8, 106, '0000000106', 0, 1, now(), 'mobile-uuid-106'), (9, 106, '0000000106', 0, 1, now(), 'home-uuid-106');
INSERT INTO patient (patient_id,creator,date_created) VALUES (106, 1, now());
INSERT INTO patient_identifier (patient_id,identifier,identifier_type,location_id,creator,date_created,voided,uuid) VALUES (106, '106', 2, 1, 1, now(), 0, 'id-uuid-106');
INSERT INTO person (person_id,gender,birthdate,creator,date_created,voided,uuid) VALUES (107, 'F', '2005-05-05', 1, now(), 0, 'person-uuid-107');
INSERT INTO person_name (person_id,given_name,family_name,creator,date_created,voided,uuid) VALUES (107, 'John107', 'Doe107', 1, now(), 0, 'name-uuid-107');
INSERT INTO person_address (person_id,address1,creator,date_created,voided,uuid) VALUES (107, '123 Ocean Dr 107', 1, now(), 0, 'address-uuid-107');
INSERT INTO person_attribute (person_attribute_type_id,person_id,value,voided,creator,date_created,uuid) VALUES (8, 107, '0000000107', 0, 1, now(), 'mobile-uuid-107'), (9, 107, '0000000107', 0, 1, now(), 'home-uuid-107');
INSERT INTO patient (patient_id,creator,date_created) VALUES (107, 1, now());
INSERT INTO patient_identifier (patient_id,identifier,identifier_type,location_id,creator,date_created,voided,uuid) VALUES (107, '107', 2, 1, 1, now(), 0, 'id-uuid-107');
INSERT INTO person (person_id,gender,birthdate,creator,date_created,voided,uuid) VALUES (108, 'M', '2000-02-02', 1, now(), 0, 'person-uuid-108');
INSERT INTO person_name (person_id,given_name,family_name,creator,date_created,voided,uuid) VALUES (108, 'John108', 'Doe108', 1, now(), 0, 'name-uuid-108');
INSERT INTO person_address (person_id,address1,creator,date_created,voided,uuid) VALUES (108, '123 Ocean Dr 108', 1, now(), 0, 'address-uuid-108');
INSERT INTO person_attribute (person_attribute_type_id,person_id,value,voided,creator,date_created,uuid) VALUES (8, 108, '0000000108', 0, 1, now(), 'mobile-uuid-108'), (9, 108, '0000000108', 0, 1, now(), 'home-uuid-108');
INSERT INTO patient (patient_id,creator,date_created) VALUES (108, 1, now());
INSERT INTO patient_identifier (patient_id,identifier,identifier_type,location_id,creator,date_created,voided,uuid) VALUES (108, '108', 2, 1, 1, now(), 0, 'id-uuid-108');
INSERT INTO person (person_id,gender,birthdate,creator,date_created,voided,uuid) VALUES (109, 'F', '2005-05-05', 1, now(), 0, 'person-uuid-109');
INSERT INTO person_name (person_id,given_name,family_name,creator,date_created,voided,uuid) VALUES (109, 'John109', 'Doe109', 1, now(), 0, 'name-uuid-109');
INSERT INTO person_address (person_id,address1,creator,date_created,voided,uuid) VALUES (109, '123 Ocean Dr 109', 1, now(), 0, 'address-uuid-109');
INSERT INTO person_attribute (person_attribute_type_id,person_id,value,voided,creator,date_created,uuid) VALUES (8, 109, '0000000109', 0, 1, now(), 'mobile-uuid-109'), (9, 109, '0000000109', 0, 1, now(), 'home-uuid-109');
INSERT INTO patient (patient_id,creator,date_created) VALUES (109, 1, now());
INSERT INTO patient_identifier (patient_id,identifier,identifier_type,location_id,creator,date_created,voided,uuid) VALUES (109, '109', 2, 1, 1, now(), 0, 'id-uuid-109');
INSERT INTO person (person_id,gender,birthdate,creator,date_created,voided,uuid) VALUES (110, 'M', '2000-02-02', 1, now(), 0, 'person-uuid-110');
INSERT INTO person_name (person_id,given_name,family_name,creator,date_created,voided,uuid) VALUES (110, 'John110', 'Doe110', 1, now(), 0, 'name-uuid-110');
INSERT INTO person_address (person_id,address1,creator,date_created,voided,uuid) VALUES (110, '123 Ocean Dr 110', 1, now(), 0, 'address-uuid-110');
INSERT INTO person_attribute (person_attribute_type_id,person_id,value,voided,creator,date_created,uuid) VALUES (8, 110, '0000000110', 0, 1, now(), 'mobile-uuid-110'), (9, 110, '0000000110', 0, 1, now(), 'home-uuid-110');
INSERT INTO patient (patient_id,creator,date_created) VALUES (110, 1, now());
INSERT INTO patient_identifier (patient_id,identifier,identifier_type,location_id,creator,date_created,voided,uuid) VALUES (110, '110', 2, 1, 1, now(), 0, 'id-uuid-110');
INSERT INTO person (person_id,gender,birthdate,creator,date_created,voided,uuid) VALUES (111, 'F', '2005-05-05', 1, now(), 0, 'person-uuid-111');
INSERT INTO person_name (person_id,given_name,family_name,creator,date_created,voided,uuid) VALUES (111, 'John111', 'Doe111', 1, now(), 0, 'name-uuid-111');
INSERT INTO person_address (person_id,address1,creator,date_created,voided,uuid) VALUES (111, '123 Ocean Dr 111', 1, now(), 0, 'address-uuid-111');
INSERT INTO person_attribute (person_attribute_type_id,person_id,value,voided,creator,date_created,uuid) VALUES (8, 111, '0000000111', 0, 1, now(), 'mobile-uuid-111'), (9, 111, '0000000111', 0, 1, now(), 'home-uuid-111');
INSERT INTO patient (patient_id,creator,date_created) VALUES (111, 1, now());
INSERT INTO patient_identifier (patient_id,identifier,identifier_type,location_id,creator,date_created,voided,uuid) VALUES (111, '111', 2, 1, 1, now(), 0, 'id-uuid-111');
INSERT INTO person (person_id,gender,birthdate,creator,date_created,voided,uuid) VALUES (112, 'M', '2000-02-02', 1, now(), 0, 'person-uuid-112');
INSERT INTO person_name (person_id,given_name,family_name,creator,date_created,voided,uuid) VALUES (112, 'John112', 'Doe112', 1, now(), 0, 'name-uuid-112');
INSERT INTO person_address (person_id,address1,creator,date_created,voided,uuid) VALUES (112, '123 Ocean Dr 112', 1, now(), 0, 'address-uuid-112');
INSERT INTO person_attribute (person_attribute_type_id,person_id,value,voided,creator,date_created,uuid) VALUES (8, 112, '0000000112', 0, 1, now(), 'mobile-uuid-112'), (9, 112, '0000000112', 0, 1, now(), 'home-uuid-112');
INSERT INTO patient (patient_id,creator,date_created) VALUES (112, 1, now());
INSERT INTO patient_identifier (patient_id,identifier,identifier_type,location_id,creator,date_created,voided,uuid) VALUES (112, '112', 2, 1, 1, now(), 0, 'id-uuid-112');
INSERT INTO person (person_id,gender,birthdate,creator,date_created,voided,uuid) VALUES (113, 'F', '2005-05-05', 1, now(), 0, 'person-uuid-113');
INSERT INTO person_name (person_id,given_name,family_name,creator,date_created,voided,uuid) VALUES (113, 'John113', 'Doe113', 1, now(), 0, 'name-uuid-113');
INSERT INTO person_address (person_id,address1,creator,date_created,voided,uuid) VALUES (113, '123 Ocean Dr 113', 1, now(), 0, 'address-uuid-113');
INSERT INTO person_attribute (person_attribute_type_id,person_id,value,voided,creator,date_created,uuid) VALUES (8, 113, '0000000113', 0, 1, now(), 'mobile-uuid-113'), (9, 113, '0000000113', 0, 1, now(), 'home-uuid-113');
INSERT INTO patient (patient_id,creator,date_created) VALUES (113, 1, now());
INSERT INTO patient_identifier (patient_id,identifier,identifier_type,location_id,creator,date_created,voided,uuid) VALUES (113, '113', 2, 1, 1, now(), 0, 'id-uuid-113');
INSERT INTO person (person_id,gender,birthdate,creator,date_created,voided,uuid) VALUES (114, 'M', '2000-02-02', 1, now(), 0, 'person-uuid-114');
INSERT INTO person_name (person_id,given_name,family_name,creator,date_created,voided,uuid) VALUES (114, 'John114', 'Doe114', 1, now(), 0, 'name-uuid-114');
INSERT INTO person_address (person_id,address1,creator,date_created,voided,uuid) VALUES (114, '123 Ocean Dr 114', 1, now(), 0, 'address-uuid-114');
INSERT INTO person_attribute (person_attribute_type_id,person_id,value,voided,creator,date_created,uuid) VALUES (8, 114, '0000000114', 0, 1, now(), 'mobile-uuid-114'), (9, 114, '0000000114', 0, 1, now(), 'home-uuid-114');
INSERT INTO patient (patient_id,creator,date_created) VALUES (114, 1, now());
INSERT INTO patient_identifier (patient_id,identifier,identifier_type,location_id,creator,date_created,voided,uuid) VALUES (114, '114', 2, 1, 1, now(), 0, 'id-uuid-114');
INSERT INTO person (person_id,gender,birthdate,creator,date_created,voided,uuid) VALUES (115, 'F', '2005-05-05', 1, now(), 0, 'person-uuid-115');
INSERT INTO person_name (person_id,given_name,family_name,creator,date_created,voided,uuid) VALUES (115, 'John115', 'Doe115', 1, now(), 0, 'name-uuid-115');
INSERT INTO person_address (person_id,address1,creator,date_created,voided,uuid) VALUES (115, '123 Ocean Dr 115', 1, now(), 0, 'address-uuid-115');
INSERT INTO person_attribute (person_attribute_type_id,person_id,value,voided,creator,date_created,uuid) VALUES (8, 115, '0000000115', 0, 1, now(), 'mobile-uuid-115'), (9, 115, '0000000115', 0, 1, now(), 'home-uuid-115');
INSERT INTO patient (patient_id,creator,date_created) VALUES (115, 1, now());
INSERT INTO patient_identifier (patient_id,identifier,identifier_type,location_id,creator,date_created,voided,uuid) VALUES (115, '115', 2, 1, 1, now(), 0, 'id-uuid-115');
INSERT INTO person (person_id,gender,birthdate,creator,date_created,voided,uuid) VALUES (116, 'M', '2000-02-02', 1, now(), 0, 'person-uuid-116');
INSERT INTO person_name (person_id,given_name,family_name,creator,date_created,voided,uuid) VALUES (116, 'John116', 'Doe116', 1, now(), 0, 'name-uuid-116');
INSERT INTO person_address (person_id,address1,creator,date_created,voided,uuid) VALUES (116, '123 Ocean Dr 116', 1, now(), 0, 'address-uuid-116');
INSERT INTO person_attribute (person_attribute_type_id,person_id,value,voided,creator,date_created,uuid) VALUES (8, 116, '0000000116', 0, 1, now(), 'mobile-uuid-116'), (9, 116, '0000000116', 0, 1, now(), 'home-uuid-116');
INSERT INTO patient (patient_id,creator,date_created) VALUES (116, 1, now());
INSERT INTO patient_identifier (patient_id,identifier,identifier_type,location_id,creator,date_created,voided,uuid) VALUES (116, '116', 2, 1, 1, now(), 0, 'id-uuid-116');
INSERT INTO person (person_id,gender,birthdate,creator,date_created,voided,uuid) VALUES (117, 'F', '2005-05-05', 1, now(), 0, 'person-uuid-117');
INSERT INTO person_name (person_id,given_name,family_name,creator,date_created,voided,uuid) VALUES (117, 'John117', 'Doe117', 1, now(), 0, 'name-uuid-117');
INSERT INTO person_address (person_id,address1,creator,date_created,voided,uuid) VALUES (117, '123 Ocean Dr 117', 1, now(), 0, 'address-uuid-117');
INSERT INTO person_attribute (person_attribute_type_id,person_id,value,voided,creator,date_created,uuid) VALUES (8, 117, '0000000117', 0, 1, now(), 'mobile-uuid-117'), (9, 117, '0000000117', 0, 1, now(), 'home-uuid-117');
INSERT INTO patient (patient_id,creator,date_created) VALUES (117, 1, now());
INSERT INTO patient_identifier (patient_id,identifier,identifier_type,location_id,creator,date_created,voided,uuid) VALUES (117, '117', 2, 1, 1, now(), 0, 'id-uuid-117');
INSERT INTO person (person_id,gender,birthdate,creator,date_created,voided,uuid) VALUES (118, 'M', '2000-02-02', 1, now(), 0, 'person-uuid-118');
INSERT INTO person_name (person_id,given_name,family_name,creator,date_created,voided,uuid) VALUES (118, 'John118', 'Doe118', 1, now(), 0, 'name-uuid-118');
INSERT INTO person_address (person_id,address1,creator,date_created,voided,uuid) VALUES (118, '123 Ocean Dr 118', 1, now(), 0, 'address-uuid-118');
INSERT INTO person_attribute (person_attribute_type_id,person_id,value,voided,creator,date_created,uuid) VALUES (8, 118, '0000000118', 0, 1, now(), 'mobile-uuid-118'), (9, 118, '0000000118', 0, 1, now(), 'home-uuid-118');
INSERT INTO patient (patient_id,creator,date_created) VALUES (118, 1, now());
INSERT INTO patient_identifier (patient_id,identifier,identifier_type,location_id,creator,date_created,voided,uuid) VALUES (118, '118', 2, 1, 1, now(), 0, 'id-uuid-118');
INSERT INTO person (person_id,gender,birthdate,creator,date_created,voided,uuid) VALUES (119, 'F', '2005-05-05', 1, now(), 0, 'person-uuid-119');
INSERT INTO person_name (person_id,given_name,family_name,creator,date_created,voided,uuid) VALUES (119, 'John119', 'Doe119', 1, now(), 0, 'name-uuid-119');
INSERT INTO person_address (person_id,address1,creator,date_created,voided,uuid) VALUES (119, '123 Ocean Dr 119', 1, now(), 0, 'address-uuid-119');
INSERT INTO person_attribute (person_attribute_type_id,person_id,value,voided,creator,date_created,uuid) VALUES (8, 119, '0000000119', 0, 1, now(), 'mobile-uuid-119'), (9, 119, '0000000119', 0, 1, now(), 'home-uuid-119');
INSERT INTO patient (patient_id,creator,date_created) VALUES (119, 1, now());
INSERT INTO patient_identifier (patient_id,identifier,identifier_type,location_id,creator,date_created,voided,uuid) VALUES (119, '119', 2, 1, 1, now(), 0, 'id-uuid-119');
INSERT INTO person (person_id,gender,birthdate,creator,date_created,voided,uuid) VALUES (120, 'M', '2000-02-02', 1, now(), 0, 'person-uuid-120');
INSERT INTO person_name (person_id,given_name,family_name,creator,date_created,voided,uuid) VALUES (120, 'John120', 'Doe120', 1, now(), 0, 'name-uuid-120');
INSERT INTO person_address (person_id,address1,creator,date_created,voided,uuid) VALUES (120, '123 Ocean Dr 120', 1, now(), 0, 'address-uuid-120');
INSERT INTO person_attribute (person_attribute_type_id,person_id,value,voided,creator,date_created,uuid) VALUES (8, 120, '0000000120', 0, 1, now(), 'mobile-uuid-120'), (9, 120, '0000000120', 0, 1, now(), 'home-uuid-120');
INSERT INTO patient (patient_id,creator,date_created) VALUES (120, 1, now());
INSERT INTO patient_identifier (patient_id,identifier,identifier_type,location_id,creator,date_created,voided,uuid) VALUES (120, '120', 2, 1, 1, now(), 0, 'id-uuid-120');
INSERT INTO person (person_id,gender,birthdate,creator,date_created,voided,uuid) VALUES (121, 'F', '2005-05-05', 1, now(), 0, 'person-uuid-121');
INSERT INTO person_name (person_id,given_name,family_name,creator,date_created,voided,uuid) VALUES (121, 'John121', 'Doe121', 1, now(), 0, 'name-uuid-121');
INSERT INTO person_address (person_id,address1,creator,date_created,voided,uuid) VALUES (121, '123 Ocean Dr 121', 1, now(), 0, 'address-uuid-121');
INSERT INTO person_attribute (person_attribute_type_id,person_id,value,voided,creator,date_created,uuid) VALUES (8, 121, '0000000121', 0, 1, now(), 'mobile-uuid-121'), (9, 121, '0000000121', 0, 1, now(), 'home-uuid-121');
INSERT INTO patient (patient_id,creator,date_created) VALUES (121, 1, now());
INSERT INTO patient_identifier (patient_id,identifier,identifier_type,location_id,creator,date_created,voided,uuid) VALUES (121, '121', 2, 1, 1, now(), 0, 'id-uuid-121');
INSERT INTO person (person_id,gender,birthdate,creator,date_created,voided,uuid) VALUES (122, 'M', '2000-02-02', 1, now(), 0, 'person-uuid-122');
INSERT INTO person_name (person_id,given_name,family_name,creator,date_created,voided,uuid) VALUES (122, 'John122', 'Doe122', 1, now(), 0, 'name-uuid-122');
INSERT INTO person_address (person_id,address1,creator,date_created,voided,uuid) VALUES (122, '123 Ocean Dr 122', 1, now(), 0, 'address-uuid-122');
INSERT INTO person_attribute (person_attribute_type_id,person_id,value,voided,creator,date_created,uuid) VALUES (8, 122, '0000000122', 0, 1, now(), 'mobile-uuid-122'), (9, 122, '0000000122', 0, 1, now(), 'home-uuid-122');
INSERT INTO patient (patient_id,creator,date_created) VALUES (122, 1, now());
INSERT INTO patient_identifier (patient_id,identifier,identifier_type,location_id,creator,date_created,voided,uuid) VALUES (122, '122', 2, 1, 1, now(), 0, 'id-uuid-122');
INSERT INTO person (person_id,gender,birthdate,creator,date_created,voided,uuid) VALUES (123, 'F', '2005-05-05', 1, now(), 0, 'person-uuid-123');
INSERT INTO person_name (person_id,given_name,family_name,creator,date_created,voided,uuid) VALUES (123, 'John123', 'Doe123', 1, now(), 0, 'name-uuid-123');
INSERT INTO person_address (person_id,address1,creator,date_created,voided,uuid) VALUES (123, '123 Ocean Dr 123', 1, now(), 0, 'address-uuid-123');
INSERT INTO person_attribute (person_attribute_type_id,person_id,value,voided,creator,date_created,uuid) VALUES (8, 123, '0000000123', 0, 1, now(), 'mobile-uuid-123'), (9, 123, '0000000123', 0, 1, now(), 'home-uuid-123');
INSERT INTO patient (patient_id,creator,date_created) VALUES (123, 1, now());
INSERT INTO patient_identifier (patient_id,identifier,identifier_type,location_id,creator,date_created,voided,uuid) VALUES (123, '123', 2, 1, 1, now(), 0, 'id-uuid-123');
INSERT INTO person (person_id,gender,birthdate,creator,date_created,voided,uuid) VALUES (124, 'M', '2000-02-02', 1, now(), 0, 'person-uuid-124');
INSERT INTO person_name (person_id,given_name,family_name,creator,date_created,voided,uuid) VALUES (124, 'John124', 'Doe124', 1, now(), 0, 'name-uuid-124');
INSERT INTO person_address (person_id,address1,creator,date_created,voided,uuid) VALUES (124, '123 Ocean Dr 124', 1, now(), 0, 'address-uuid-124');
INSERT INTO person_attribute (person_attribute_type_id,person_id,value,voided,creator,date_created,uuid) VALUES (8, 124, '0000000124', 0, 1, now(), 'mobile-uuid-124'), (9, 124, '0000000124', 0, 1, now(), 'home-uuid-124');
INSERT INTO patient (patient_id,creator,date_created) VALUES (124, 1, now());
INSERT INTO patient_identifier (patient_id,identifier,identifier_type,location_id,creator,date_created,voided,uuid) VALUES (124, '124', 2, 1, 1, now(), 0, 'id-uuid-124');
INSERT INTO person (person_id,gender,birthdate,creator,date_created,voided,uuid) VALUES (125, 'F', '2005-05-05', 1, now(), 0, 'person-uuid-125');
INSERT INTO person_name (person_id,given_name,family_name,creator,date_created,voided,uuid) VALUES (125, 'John125', 'Doe125', 1, now(), 0, 'name-uuid-125');
INSERT INTO person_address (person_id,address1,creator,date_created,voided,uuid) VALUES (125, '123 Ocean Dr 125', 1, now(), 0, 'address-uuid-125');
INSERT INTO person_attribute (person_attribute_type_id,person_id,value,voided,creator,date_created,uuid) VALUES (8, 125, '0000000125', 0, 1, now(), 'mobile-uuid-125'), (9, 125, '0000000125', 0, 1, now(), 'home-uuid-125');
INSERT INTO patient (patient_id,creator,date_created) VALUES (125, 1, now());
INSERT INTO patient_identifier (patient_id,identifier,identifier_type,location_id,creator,date_created,voided,uuid) VALUES (125, '125', 2, 1, 1, now(), 0, 'id-uuid-125');
INSERT INTO person (person_id,gender,birthdate,creator,date_created,voided,uuid) VALUES (126, 'M', '2000-02-02', 1, now(), 0, 'person-uuid-126');
INSERT INTO person_name (person_id,given_name,family_name,creator,date_created,voided,uuid) VALUES (126, 'John126', 'Doe126', 1, now(), 0, 'name-uuid-126');
INSERT INTO person_address (person_id,address1,creator,date_created,voided,uuid) VALUES (126, '123 Ocean Dr 126', 1, now(), 0, 'address-uuid-126');
INSERT INTO person_attribute (person_attribute_type_id,person_id,value,voided,creator,date_created,uuid) VALUES (8, 126, '0000000126', 0, 1, now(), 'mobile-uuid-126'), (9, 126, '0000000126', 0, 1, now(), 'home-uuid-126');
INSERT INTO patient (patient_id,creator,date_created) VALUES (126, 1, now());
INSERT INTO patient_identifier (patient_id,identifier,identifier_type,location_id,creator,date_created,voided,uuid) VALUES (126, '126', 2, 1, 1, now(), 0, 'id-uuid-126');
INSERT INTO person (person_id,gender,birthdate,creator,date_created,voided,uuid) VALUES (127, 'F', '2005-05-05', 1, now(), 0, 'person-uuid-127');
INSERT INTO person_name (person_id,given_name,family_name,creator,date_created,voided,uuid) VALUES (127, 'John127', 'Doe127', 1, now(), 0, 'name-uuid-127');
INSERT INTO person_address (person_id,address1,creator,date_created,voided,uuid) VALUES (127, '123 Ocean Dr 127', 1, now(), 0, 'address-uuid-127');
INSERT INTO person_attribute (person_attribute_type_id,person_id,value,voided,creator,date_created,uuid) VALUES (8, 127, '0000000127', 0, 1, now(), 'mobile-uuid-127'), (9, 127, '0000000127', 0, 1, now(), 'home-uuid-127');
INSERT INTO patient (patient_id,creator,date_created) VALUES (127, 1, now());
INSERT INTO patient_identifier (patient_id,identifier,identifier_type,location_id,creator,date_created,voided,uuid) VALUES (127, '127', 2, 1, 1, now(), 0, 'id-uuid-127');
INSERT INTO person (person_id,gender,birthdate,creator,date_created,voided,uuid) VALUES (128, 'M', '2000-02-02', 1, now(), 0, 'person-uuid-128');
INSERT INTO person_name (person_id,given_name,family_name,creator,date_created,voided,uuid) VALUES (128, 'John128', 'Doe128', 1, now(), 0, 'name-uuid-128');
INSERT INTO person_address (person_id,address1,creator,date_created,voided,uuid) VALUES (128, '123 Ocean Dr 128', 1, now(), 0, 'address-uuid-128');
INSERT INTO person_attribute (person_attribute_type_id,person_id,value,voided,creator,date_created,uuid) VALUES (8, 128, '0000000128', 0, 1, now(), 'mobile-uuid-128'), (9, 128, '0000000128', 0, 1, now(), 'home-uuid-128');
INSERT INTO patient (patient_id,creator,date_created) VALUES (128, 1, now());
INSERT INTO patient_identifier (patient_id,identifier,identifier_type,location_id,creator,date_created,voided,uuid) VALUES (128, '128', 2, 1, 1, now(), 0, 'id-uuid-128');
INSERT INTO person (person_id,gender,birthdate,creator,date_created,voided,uuid) VALUES (129, 'F', '2005-05-05', 1, now(), 0, 'person-uuid-129');
INSERT INTO person_name (person_id,given_name,family_name,creator,date_created,voided,uuid) VALUES (129, 'John129', 'Doe129', 1, now(), 0, 'name-uuid-129');
INSERT INTO person_address (person_id,address1,creator,date_created,voided,uuid) VALUES (129, '123 Ocean Dr 129', 1, now(), 0, 'address-uuid-129');
INSERT INTO person_attribute (person_attribute_type_id,person_id,value,voided,creator,date_created,uuid) VALUES (8, 129, '0000000129', 0, 1, now(), 'mobile-uuid-129'), (9, 129, '0000000129', 0, 1, now(), 'home-uuid-129');
INSERT INTO patient (patient_id,creator,date_created) VALUES (129, 1, now());
INSERT INTO patient_identifier (patient_id,identifier,identifier_type,location_id,creator,date_created,voided,uuid) VALUES (129, '129', 2, 1, 1, now(), 0, 'id-uuid-129');
INSERT INTO person (person_id,gender,birthdate,creator,date_created,voided,uuid) VALUES (130, 'M', '2000-02-02', 1, now(), 0, 'person-uuid-130');
INSERT INTO person_name (person_id,given_name,family_name,creator,date_created,voided,uuid) VALUES (130, 'John130', 'Doe130', 1, now(), 0, 'name-uuid-130');
INSERT INTO person_address (person_id,address1,creator,date_created,voided,uuid) VALUES (130, '123 Ocean Dr 130', 1, now(), 0, 'address-uuid-130');
INSERT INTO person_attribute (person_attribute_type_id,person_id,value,voided,creator,date_created,uuid) VALUES (8, 130, '0000000130', 0, 1, now(), 'mobile-uuid-130'), (9, 130, '0000000130', 0, 1, now(), 'home-uuid-130');
INSERT INTO patient (patient_id,creator,date_created) VALUES (130, 1, now());
INSERT INTO patient_identifier (patient_id,identifier,identifier_type,location_id,creator,date_created,voided,uuid) VALUES (130, '130', 2, 1, 1, now(), 0, 'id-uuid-130');
INSERT INTO person (person_id,gender,birthdate,creator,date_created,voided,uuid) VALUES (131, 'F', '2005-05-05', 1, now(), 0, 'person-uuid-131');
INSERT INTO person_name (person_id,given_name,family_name,creator,date_created,voided,uuid) VALUES (131, 'John131', 'Doe131', 1, now(), 0, 'name-uuid-131');
INSERT INTO person_address (person_id,address1,creator,date_created,voided,uuid) VALUES (131, '123 Ocean Dr 131', 1, now(), 0, 'address-uuid-131');
INSERT INTO person_attribute (person_attribute_type_id,person_id,value,voided,creator,date_created,uuid) VALUES (8, 131, '0000000131', 0, 1, now(), 'mobile-uuid-131'), (9, 131, '0000000131', 0, 1, now(), 'home-uuid-131');
INSERT INTO patient (patient_id,creator,date_created) VALUES (131, 1, now());
INSERT INTO patient_identifier (patient_id,identifier,identifier_type,location_id,creator,date_created,voided,uuid) VALUES (131, '131', 2, 1, 1, now(), 0, 'id-uuid-131');
INSERT INTO person (person_id,gender,birthdate,creator,date_created,voided,uuid) VALUES (132, 'M', '2000-02-02', 1, now(), 0, 'person-uuid-132');
INSERT INTO person_name (person_id,given_name,family_name,creator,date_created,voided,uuid) VALUES (132, 'John132', 'Doe132', 1, now(), 0, 'name-uuid-132');
INSERT INTO person_address (person_id,address1,creator,date_created,voided,uuid) VALUES (132, '123 Ocean Dr 132', 1, now(), 0, 'address-uuid-132');
INSERT INTO person_attribute (person_attribute_type_id,person_id,value,voided,creator,date_created,uuid) VALUES (8, 132, '0000000132', 0, 1, now(), 'mobile-uuid-132'), (9, 132, '0000000132', 0, 1, now(), 'home-uuid-132');
INSERT INTO patient (patient_id,creator,date_created) VALUES (132, 1, now());
INSERT INTO patient_identifier (patient_id,identifier,identifier_type,location_id,creator,date_created,voided,uuid) VALUES (132, '132', 2, 1, 1, now(), 0, 'id-uuid-132');
INSERT INTO person (person_id,gender,birthdate,creator,date_created,voided,uuid) VALUES (133, 'F', '2005-05-05', 1, now(), 0, 'person-uuid-133');
INSERT INTO person_name (person_id,given_name,family_name,creator,date_created,voided,uuid) VALUES (133, 'John133', 'Doe133', 1, now(), 0, 'name-uuid-133');
INSERT INTO person_address (person_id,address1,creator,date_created,voided,uuid) VALUES (133, '123 Ocean Dr 133', 1, now(), 0, 'address-uuid-133');
INSERT INTO person_attribute (person_attribute_type_id,person_id,value,voided,creator,date_created,uuid) VALUES (8, 133, '0000000133', 0, 1, now(), 'mobile-uuid-133'), (9, 133, '0000000133', 0, 1, now(), 'home-uuid-133');
INSERT INTO patient (patient_id,creator,date_created) VALUES (133, 1, now());
INSERT INTO patient_identifier (patient_id,identifier,identifier_type,location_id,creator,date_created,voided,uuid) VALUES (133, '133', 2, 1, 1, now(), 0, 'id-uuid-133');
INSERT INTO person (person_id,gender,birthdate,creator,date_created,voided,uuid) VALUES (134, 'M', '2000-02-02', 1, now(), 0, 'person-uuid-134');
INSERT INTO person_name (person_id,given_name,family_name,creator,date_created,voided,uuid) VALUES (134, 'John134', 'Doe134', 1, now(), 0, 'name-uuid-134');
INSERT INTO person_address (person_id,address1,creator,date_created,voided,uuid) VALUES (134, '123 Ocean Dr 134', 1, now(), 0, 'address-uuid-134');
INSERT INTO person_attribute (person_attribute_type_id,person_id,value,voided,creator,date_created,uuid) VALUES (8, 134, '0000000134', 0, 1, now(), 'mobile-uuid-134'), (9, 134, '0000000134', 0, 1, now(), 'home-uuid-134');
INSERT INTO patient (patient_id,creator,date_created) VALUES (134, 1, now());
INSERT INTO patient_identifier (patient_id,identifier,identifier_type,location_id,creator,date_created,voided,uuid) VALUES (134, '134', 2, 1, 1, now(), 0, 'id-uuid-134');
INSERT INTO person (person_id,gender,birthdate,creator,date_created,voided,uuid) VALUES (135, 'F', '2005-05-05', 1, now(), 0, 'person-uuid-135');
INSERT INTO person_name (person_id,given_name,family_name,creator,date_created,voided,uuid) VALUES (135, 'John135', 'Doe135', 1, now(), 0, 'name-uuid-135');
INSERT INTO person_address (person_id,address1,creator,date_created,voided,uuid) VALUES (135, '123 Ocean Dr 135', 1, now(), 0, 'address-uuid-135');
INSERT INTO person_attribute (person_attribute_type_id,person_id,value,voided,creator,date_created,uuid) VALUES (8, 135, '0000000135', 0, 1, now(), 'mobile-uuid-135'), (9, 135, '0000000135', 0, 1, now(), 'home-uuid-135');
INSERT INTO patient (patient_id,creator,date_created) VALUES (135, 1, now());
INSERT INTO patient_identifier (patient_id,identifier,identifier_type,location_id,creator,date_created,voided,uuid) VALUES (135, '135', 2, 1, 1, now(), 0, 'id-uuid-135');
INSERT INTO person (person_id,gender,birthdate,creator,date_created,voided,uuid) VALUES (136, 'M', '2000-02-02', 1, now(), 0, 'person-uuid-136');
INSERT INTO person_name (person_id,given_name,family_name,creator,date_created,voided,uuid) VALUES (136, 'John136', 'Doe136', 1, now(), 0, 'name-uuid-136');
INSERT INTO person_address (person_id,address1,creator,date_created,voided,uuid) VALUES (136, '123 Ocean Dr 136', 1, now(), 0, 'address-uuid-136');
INSERT INTO person_attribute (person_attribute_type_id,person_id,value,voided,creator,date_created,uuid) VALUES (8, 136, '0000000136', 0, 1, now(), 'mobile-uuid-136'), (9, 136, '0000000136', 0, 1, now(), 'home-uuid-136');
INSERT INTO patient (patient_id,creator,date_created) VALUES (136, 1, now());
INSERT INTO patient_identifier (patient_id,identifier,identifier_type,location_id,creator,date_created,voided,uuid) VALUES (136, '136', 2, 1, 1, now(), 0, 'id-uuid-136');
INSERT INTO person (person_id,gender,birthdate,creator,date_created,voided,uuid) VALUES (137, 'F', '2005-05-05', 1, now(), 0, 'person-uuid-137');
INSERT INTO person_name (person_id,given_name,family_name,creator,date_created,voided,uuid) VALUES (137, 'John137', 'Doe137', 1, now(), 0, 'name-uuid-137');
INSERT INTO person_address (person_id,address1,creator,date_created,voided,uuid) VALUES (137, '123 Ocean Dr 137', 1, now(), 0, 'address-uuid-137');
INSERT INTO person_attribute (person_attribute_type_id,person_id,value,voided,creator,date_created,uuid) VALUES (8, 137, '0000000137', 0, 1, now(), 'mobile-uuid-137'), (9, 137, '0000000137', 0, 1, now(), 'home-uuid-137');
INSERT INTO patient (patient_id,creator,date_created) VALUES (137, 1, now());
INSERT INTO patient_identifier (patient_id,identifier,identifier_type,location_id,creator,date_created,voided,uuid) VALUES (137, '137', 2, 1, 1, now(), 0, 'id-uuid-137');
INSERT INTO person (person_id,gender,birthdate,creator,date_created,voided,uuid) VALUES (138, 'M', '2000-02-02', 1, now(), 0, 'person-uuid-138');
INSERT INTO person_name (person_id,given_name,family_name,creator,date_created,voided,uuid) VALUES (138, 'John138', 'Doe138', 1, now(), 0, 'name-uuid-138');
INSERT INTO person_address (person_id,address1,creator,date_created,voided,uuid) VALUES (138, '123 Ocean Dr 138', 1, now(), 0, 'address-uuid-138');
INSERT INTO person_attribute (person_attribute_type_id,person_id,value,voided,creator,date_created,uuid) VALUES (8, 138, '0000000138', 0, 1, now(), 'mobile-uuid-138'), (9, 138, '0000000138', 0, 1, now(), 'home-uuid-138');
INSERT INTO patient (patient_id,creator,date_created) VALUES (138, 1, now());
INSERT INTO patient_identifier (patient_id,identifier,identifier_type,location_id,creator,date_created,voided,uuid) VALUES (138, '138', 2, 1, 1, now(), 0, 'id-uuid-138');
INSERT INTO person (person_id,gender,birthdate,creator,date_created,voided,uuid) VALUES (139, 'F', '2005-05-05', 1, now(), 0, 'person-uuid-139');
INSERT INTO person_name (person_id,given_name,family_name,creator,date_created,voided,uuid) VALUES (139, 'John139', 'Doe139', 1, now(), 0, 'name-uuid-139');
INSERT INTO person_address (person_id,address1,creator,date_created,voided,uuid) VALUES (139, '123 Ocean Dr 139', 1, now(), 0, 'address-uuid-139');
INSERT INTO person_attribute (person_attribute_type_id,person_id,value,voided,creator,date_created,uuid) VALUES (8, 139, '0000000139', 0, 1, now(), 'mobile-uuid-139'), (9, 139, '0000000139', 0, 1, now(), 'home-uuid-139');
INSERT INTO patient (patient_id,creator,date_created) VALUES (139, 1, now());
INSERT INTO patient_identifier (patient_id,identifier,identifier_type,location_id,creator,date_created,voided,uuid) VALUES (139, '139', 2, 1, 1, now(), 0, 'id-uuid-139');
INSERT INTO person (person_id,gender,birthdate,creator,date_created,voided,uuid) VALUES (140, 'M', '2000-02-02', 1, now(), 0, 'person-uuid-140');
INSERT INTO person_name (person_id,given_name,family_name,creator,date_created,voided,uuid) VALUES (140, 'John140', 'Doe140', 1, now(), 0, 'name-uuid-140');
INSERT INTO person_address (person_id,address1,creator,date_created,voided,uuid) VALUES (140, '123 Ocean Dr 140', 1, now(), 0, 'address-uuid-140');
INSERT INTO person_attribute (person_attribute_type_id,person_id,value,voided,creator,date_created,uuid) VALUES (8, 140, '0000000140', 0, 1, now(), 'mobile-uuid-140'), (9, 140, '0000000140', 0, 1, now(), 'home-uuid-140');
INSERT INTO patient (patient_id,creator,date_created) VALUES (140, 1, now());
INSERT INTO patient_identifier (patient_id,identifier,identifier_type,location_id,creator,date_created,voided,uuid) VALUES (140, '140', 2, 1, 1, now(), 0, 'id-uuid-140');
INSERT INTO person (person_id,gender,birthdate,creator,date_created,voided,uuid) VALUES (141, 'F', '2005-05-05', 1, now(), 0, 'person-uuid-141');
INSERT INTO person_name (person_id,given_name,family_name,creator,date_created,voided,uuid) VALUES (141, 'John141', 'Doe141', 1, now(), 0, 'name-uuid-141');
INSERT INTO person_address (person_id,address1,creator,date_created,voided,uuid) VALUES (141, '123 Ocean Dr 141', 1, now(), 0, 'address-uuid-141');
INSERT INTO person_attribute (person_attribute_type_id,person_id,value,voided,creator,date_created,uuid) VALUES (8, 141, '0000000141', 0, 1, now(), 'mobile-uuid-141'), (9, 141, '0000000141', 0, 1, now(), 'home-uuid-141');
INSERT INTO patient (patient_id,creator,date_created) VALUES (141, 1, now());
INSERT INTO patient_identifier (patient_id,identifier,identifier_type,location_id,creator,date_created,voided,uuid) VALUES (141, '141', 2, 1, 1, now(), 0, 'id-uuid-141');
INSERT INTO person (person_id,gender,birthdate,creator,date_created,voided,uuid) VALUES (142, 'M', '2000-02-02', 1, now(), 0, 'person-uuid-142');
INSERT INTO person_name (person_id,given_name,family_name,creator,date_created,voided,uuid) VALUES (142, 'John142', 'Doe142', 1, now(), 0, 'name-uuid-142');
INSERT INTO person_address (person_id,address1,creator,date_created,voided,uuid) VALUES (142, '123 Ocean Dr 142', 1, now(), 0, 'address-uuid-142');
INSERT INTO person_attribute (person_attribute_type_id,person_id,value,voided,creator,date_created,uuid) VALUES (8, 142, '0000000142', 0, 1, now(), 'mobile-uuid-142'), (9, 142, '0000000142', 0, 1, now(), 'home-uuid-142');
INSERT INTO patient (patient_id,creator,date_created) VALUES (142, 1, now());
INSERT INTO patient_identifier (patient_id,identifier,identifier_type,location_id,creator,date_created,voided,uuid) VALUES (142, '142', 2, 1, 1, now(), 0, 'id-uuid-142');
INSERT INTO person (person_id,gender,birthdate,creator,date_created,voided,uuid) VALUES (143, 'F', '2005-05-05', 1, now(), 0, 'person-uuid-143');
INSERT INTO person_name (person_id,given_name,family_name,creator,date_created,voided,uuid) VALUES (143, 'John143', 'Doe143', 1, now(), 0, 'name-uuid-143');
INSERT INTO person_address (person_id,address1,creator,date_created,voided,uuid) VALUES (143, '123 Ocean Dr 143', 1, now(), 0, 'address-uuid-143');
INSERT INTO person_attribute (person_attribute_type_id,person_id,value,voided,creator,date_created,uuid) VALUES (8, 143, '0000000143', 0, 1, now(), 'mobile-uuid-143'), (9, 143, '0000000143', 0, 1, now(), 'home-uuid-143');
INSERT INTO patient (patient_id,creator,date_created) VALUES (143, 1, now());
INSERT INTO patient_identifier (patient_id,identifier,identifier_type,location_id,creator,date_created,voided,uuid) VALUES (143, '143', 2, 1, 1, now(), 0, 'id-uuid-143');
INSERT INTO person (person_id,gender,birthdate,creator,date_created,voided,uuid) VALUES (144, 'M', '2000-02-02', 1, now(), 0, 'person-uuid-144');
INSERT INTO person_name (person_id,given_name,family_name,creator,date_created,voided,uuid) VALUES (144, 'John144', 'Doe144', 1, now(), 0, 'name-uuid-144');
INSERT INTO person_address (person_id,address1,creator,date_created,voided,uuid) VALUES (144, '123 Ocean Dr 144', 1, now(), 0, 'address-uuid-144');
INSERT INTO person_attribute (person_attribute_type_id,person_id,value,voided,creator,date_created,uuid) VALUES (8, 144, '0000000144', 0, 1, now(), 'mobile-uuid-144'), (9, 144, '0000000144', 0, 1, now(), 'home-uuid-144');
INSERT INTO patient (patient_id,creator,date_created) VALUES (144, 1, now());
INSERT INTO patient_identifier (patient_id,identifier,identifier_type,location_id,creator,date_created,voided,uuid) VALUES (144, '144', 2, 1, 1, now(), 0, 'id-uuid-144');
INSERT INTO person (person_id,gender,birthdate,creator,date_created,voided,uuid) VALUES (145, 'F', '2005-05-05', 1, now(), 0, 'person-uuid-145');
INSERT INTO person_name (person_id,given_name,family_name,creator,date_created,voided,uuid) VALUES (145, 'John145', 'Doe145', 1, now(), 0, 'name-uuid-145');
INSERT INTO person_address (person_id,address1,creator,date_created,voided,uuid) VALUES (145, '123 Ocean Dr 145', 1, now(), 0, 'address-uuid-145');
INSERT INTO person_attribute (person_attribute_type_id,person_id,value,voided,creator,date_created,uuid) VALUES (8, 145, '0000000145', 0, 1, now(), 'mobile-uuid-145'), (9, 145, '0000000145', 0, 1, now(), 'home-uuid-145');
INSERT INTO patient (patient_id,creator,date_created) VALUES (145, 1, now());
INSERT INTO patient_identifier (patient_id,identifier,identifier_type,location_id,creator,date_created,voided,uuid) VALUES (145, '145', 2, 1, 1, now(), 0, 'id-uuid-145');
INSERT INTO person (person_id,gender,birthdate,creator,date_created,voided,uuid) VALUES (146, 'M', '2000-02-02', 1, now(), 0, 'person-uuid-146');
INSERT INTO person_name (person_id,given_name,family_name,creator,date_created,voided,uuid) VALUES (146, 'John146', 'Doe146', 1, now(), 0, 'name-uuid-146');
INSERT INTO person_address (person_id,address1,creator,date_created,voided,uuid) VALUES (146, '123 Ocean Dr 146', 1, now(), 0, 'address-uuid-146');
INSERT INTO person_attribute (person_attribute_type_id,person_id,value,voided,creator,date_created,uuid) VALUES (8, 146, '0000000146', 0, 1, now(), 'mobile-uuid-146'), (9, 146, '0000000146', 0, 1, now(), 'home-uuid-146');
INSERT INTO patient (patient_id,creator,date_created) VALUES (146, 1, now());
INSERT INTO patient_identifier (patient_id,identifier,identifier_type,location_id,creator,date_created,voided,uuid) VALUES (146, '146', 2, 1, 1, now(), 0, 'id-uuid-146');
INSERT INTO person (person_id,gender,birthdate,creator,date_created,voided,uuid) VALUES (147, 'F', '2005-05-05', 1, now(), 0, 'person-uuid-147');
INSERT INTO person_name (person_id,given_name,family_name,creator,date_created,voided,uuid) VALUES (147, 'John147', 'Doe147', 1, now(), 0, 'name-uuid-147');
INSERT INTO person_address (person_id,address1,creator,date_created,voided,uuid) VALUES (147, '123 Ocean Dr 147', 1, now(), 0, 'address-uuid-147');
INSERT INTO person_attribute (person_attribute_type_id,person_id,value,voided,creator,date_created,uuid) VALUES (8, 147, '0000000147', 0, 1, now(), 'mobile-uuid-147'), (9, 147, '0000000147', 0, 1, now(), 'home-uuid-147');
INSERT INTO patient (patient_id,creator,date_created) VALUES (147, 1, now());
INSERT INTO patient_identifier (patient_id,identifier,identifier_type,location_id,creator,date_created,voided,uuid) VALUES (147, '147', 2, 1, 1, now(), 0, 'id-uuid-147');
INSERT INTO person (person_id,gender,birthdate,creator,date_created,voided,uuid) VALUES (148, 'M', '2000-02-02', 1, now(), 0, 'person-uuid-148');
INSERT INTO person_name (person_id,given_name,family_name,creator,date_created,voided,uuid) VALUES (148, 'John148', 'Doe148', 1, now(), 0, 'name-uuid-148');
INSERT INTO person_address (person_id,address1,creator,date_created,voided,uuid) VALUES (148, '123 Ocean Dr 148', 1, now(), 0, 'address-uuid-148');
INSERT INTO person_attribute (person_attribute_type_id,person_id,value,voided,creator,date_created,uuid) VALUES (8, 148, '0000000148', 0, 1, now(), 'mobile-uuid-148'), (9, 148, '0000000148', 0, 1, now(), 'home-uuid-148');
INSERT INTO patient (patient_id,creator,date_created) VALUES (148, 1, now());
INSERT INTO patient_identifier (patient_id,identifier,identifier_type,location_id,creator,date_created,voided,uuid) VALUES (148, '148', 2, 1, 1, now(), 0, 'id-uuid-148');
INSERT INTO person (person_id,gender,birthdate,creator,date_created,voided,uuid) VALUES (149, 'F', '2005-05-05', 1, now(), 0, 'person-uuid-149');
INSERT INTO person_name (person_id,given_name,family_name,creator,date_created,voided,uuid) VALUES (149, 'John149', 'Doe149', 1, now(), 0, 'name-uuid-149');
INSERT INTO person_address (person_id,address1,creator,date_created,voided,uuid) VALUES (149, '123 Ocean Dr 149', 1, now(), 0, 'address-uuid-149');
INSERT INTO person_attribute (person_attribute_type_id,person_id,value,voided,creator,date_created,uuid) VALUES (8, 149, '0000000149', 0, 1, now(), 'mobile-uuid-149'), (9, 149, '0000000149', 0, 1, now(), 'home-uuid-149');
INSERT INTO patient (patient_id,creator,date_created) VALUES (149, 1, now());
INSERT INTO patient_identifier (patient_id,identifier,identifier_type,location_id,creator,date_created,voided,uuid) VALUES (149, '149', 2, 1, 1, now(), 0, 'id-uuid-149');
INSERT INTO person (person_id,gender,birthdate,creator,date_created,voided,uuid) VALUES (150, 'M', '2000-02-02', 1, now(), 0, 'person-uuid-150');
INSERT INTO person_name (person_id,given_name,family_name,creator,date_created,voided,uuid) VALUES (150, 'John150', 'Doe150', 1, now(), 0, 'name-uuid-150');
INSERT INTO person_address (person_id,address1,creator,date_created,voided,uuid) VALUES (150, '123 Ocean Dr 150', 1, now(), 0, 'address-uuid-150');
INSERT INTO person_attribute (person_attribute_type_id,person_id,value,voided,creator,date_created,uuid) VALUES (8, 150, '0000000150', 0, 1, now(), 'mobile-uuid-150'), (9, 150, '0000000150', 0, 1, now(), 'home-uuid-150');
INSERT INTO patient (patient_id,creator,date_created) VALUES (150, 1, now());
INSERT INTO patient_identifier (patient_id,identifier,identifier_type,location_id,creator,date_created,voided,uuid) VALUES (150, '150', 2, 1, 1, now(), 0, 'id-uuid-150');
INSERT INTO person (person_id,gender,birthdate,creator,date_created,voided,uuid) VALUES (151, 'F', '2005-05-05', 1, now(), 0, 'person-uuid-151');
INSERT INTO person_name (person_id,given_name,family_name,creator,date_created,voided,uuid) VALUES (151, 'John151', 'Doe151', 1, now(), 0, 'name-uuid-151');
INSERT INTO person_address (person_id,address1,creator,date_created,voided,uuid) VALUES (151, '123 Ocean Dr 151', 1, now(), 0, 'address-uuid-151');
INSERT INTO person_attribute (person_attribute_type_id,person_id,value,voided,creator,date_created,uuid) VALUES (8, 151, '0000000151', 0, 1, now(), 'mobile-uuid-151'), (9, 151, '0000000151', 0, 1, now(), 'home-uuid-151');
INSERT INTO patient (patient_id,creator,date_created) VALUES (151, 1, now());
INSERT INTO patient_identifier (patient_id,identifier,identifier_type,location_id,creator,date_created,voided,uuid) VALUES (151, '151', 2, 1, 1, now(), 0, 'id-uuid-151');
INSERT INTO person (person_id,gender,birthdate,creator,date_created,voided,uuid) VALUES (152, 'M', '2000-02-02', 1, now(), 0, 'person-uuid-152');
INSERT INTO person_name (person_id,given_name,family_name,creator,date_created,voided,uuid) VALUES (152, 'John152', 'Doe152', 1, now(), 0, 'name-uuid-152');
INSERT INTO person_address (person_id,address1,creator,date_created,voided,uuid) VALUES (152, '123 Ocean Dr 152', 1, now(), 0, 'address-uuid-152');
INSERT INTO person_attribute (person_attribute_type_id,person_id,value,voided,creator,date_created,uuid) VALUES (8, 152, '0000000152', 0, 1, now(), 'mobile-uuid-152'), (9, 152, '0000000152', 0, 1, now(), 'home-uuid-152');
INSERT INTO patient (patient_id,creator,date_created) VALUES (152, 1, now());
INSERT INTO patient_identifier (patient_id,identifier,identifier_type,location_id,creator,date_created,voided,uuid) VALUES (152, '152', 2, 1, 1, now(), 0, 'id-uuid-152');
INSERT INTO person (person_id,gender,birthdate,creator,date_created,voided,uuid) VALUES (153, 'F', '2005-05-05', 1, now(), 0, 'person-uuid-153');
INSERT INTO person_name (person_id,given_name,family_name,creator,date_created,voided,uuid) VALUES (153, 'John153', 'Doe153', 1, now(), 0, 'name-uuid-153');
INSERT INTO person_address (person_id,address1,creator,date_created,voided,uuid) VALUES (153, '123 Ocean Dr 153', 1, now(), 0, 'address-uuid-153');
INSERT INTO person_attribute (person_attribute_type_id,person_id,value,voided,creator,date_created,uuid) VALUES (8, 153, '0000000153', 0, 1, now(), 'mobile-uuid-153'), (9, 153, '0000000153', 0, 1, now(), 'home-uuid-153');
INSERT INTO patient (patient_id,creator,date_created) VALUES (153, 1, now());
INSERT INTO patient_identifier (patient_id,identifier,identifier_type,location_id,creator,date_created,voided,uuid) VALUES (153, '153', 2, 1, 1, now(), 0, 'id-uuid-153');
INSERT INTO person (person_id,gender,birthdate,creator,date_created,voided,uuid) VALUES (154, 'M', '2000-02-02', 1, now(), 0, 'person-uuid-154');
INSERT INTO person_name (person_id,given_name,family_name,creator,date_created,voided,uuid) VALUES (154, 'John154', 'Doe154', 1, now(), 0, 'name-uuid-154');
INSERT INTO person_address (person_id,address1,creator,date_created,voided,uuid) VALUES (154, '123 Ocean Dr 154', 1, now(), 0, 'address-uuid-154');
INSERT INTO person_attribute (person_attribute_type_id,person_id,value,voided,creator,date_created,uuid) VALUES (8, 154, '0000000154', 0, 1, now(), 'mobile-uuid-154'), (9, 154, '0000000154', 0, 1, now(), 'home-uuid-154');
INSERT INTO patient (patient_id,creator,date_created) VALUES (154, 1, now());
INSERT INTO patient_identifier (patient_id,identifier,identifier_type,location_id,creator,date_created,voided,uuid) VALUES (154, '154', 2, 1, 1, now(), 0, 'id-uuid-154');
INSERT INTO person (person_id,gender,birthdate,creator,date_created,voided,uuid) VALUES (155, 'F', '2005-05-05', 1, now(), 0, 'person-uuid-155');
INSERT INTO person_name (person_id,given_name,family_name,creator,date_created,voided,uuid) VALUES (155, 'John155', 'Doe155', 1, now(), 0, 'name-uuid-155');
INSERT INTO person_address (person_id,address1,creator,date_created,voided,uuid) VALUES (155, '123 Ocean Dr 155', 1, now(), 0, 'address-uuid-155');
INSERT INTO person_attribute (person_attribute_type_id,person_id,value,voided,creator,date_created,uuid) VALUES (8, 155, '0000000155', 0, 1, now(), 'mobile-uuid-155'), (9, 155, '0000000155', 0, 1, now(), 'home-uuid-155');
INSERT INTO patient (patient_id,creator,date_created) VALUES (155, 1, now());
INSERT INTO patient_identifier (patient_id,identifier,identifier_type,location_id,creator,date_created,voided,uuid) VALUES (155, '155', 2, 1, 1, now(), 0, 'id-uuid-155');
INSERT INTO person (person_id,gender,birthdate,creator,date_created,voided,uuid) VALUES (156, 'M', '2000-02-02', 1, now(), 0, 'person-uuid-156');
INSERT INTO person_name (person_id,given_name,family_name,creator,date_created,voided,uuid) VALUES (156, 'John156', 'Doe156', 1, now(), 0, 'name-uuid-156');
INSERT INTO person_address (person_id,address1,creator,date_created,voided,uuid) VALUES (156, '123 Ocean Dr 156', 1, now(), 0, 'address-uuid-156');
INSERT INTO person_attribute (person_attribute_type_id,person_id,value,voided,creator,date_created,uuid) VALUES (8, 156, '0000000156', 0, 1, now(), 'mobile-uuid-156'), (9, 156, '0000000156', 0, 1, now(), 'home-uuid-156');
INSERT INTO patient (patient_id,creator,date_created) VALUES (156, 1, now());
INSERT INTO patient_identifier (patient_id,identifier,identifier_type,location_id,creator,date_created,voided,uuid) VALUES (156, '156', 2, 1, 1, now(), 0, 'id-uuid-156');
INSERT INTO person (person_id,gender,birthdate,creator,date_created,voided,uuid) VALUES (157, 'F', '2005-05-05', 1, now(), 0, 'person-uuid-157');
INSERT INTO person_name (person_id,given_name,family_name,creator,date_created,voided,uuid) VALUES (157, 'John157', 'Doe157', 1, now(), 0, 'name-uuid-157');
INSERT INTO person_address (person_id,address1,creator,date_created,voided,uuid) VALUES (157, '123 Ocean Dr 157', 1, now(), 0, 'address-uuid-157');
INSERT INTO person_attribute (person_attribute_type_id,person_id,value,voided,creator,date_created,uuid) VALUES (8, 157, '0000000157', 0, 1, now(), 'mobile-uuid-157'), (9, 157, '0000000157', 0, 1, now(), 'home-uuid-157');
INSERT INTO patient (patient_id,creator,date_created) VALUES (157, 1, now());
INSERT INTO patient_identifier (patient_id,identifier,identifier_type,location_id,creator,date_created,voided,uuid) VALUES (157, '157', 2, 1, 1, now(), 0, 'id-uuid-157');
INSERT INTO person (person_id,gender,birthdate,creator,date_created,voided,uuid) VALUES (158, 'M', '2000-02-02', 1, now(), 0, 'person-uuid-158');
INSERT INTO person_name (person_id,given_name,family_name,creator,date_created,voided,uuid) VALUES (158, 'John158', 'Doe158', 1, now(), 0, 'name-uuid-158');
INSERT INTO person_address (person_id,address1,creator,date_created,voided,uuid) VALUES (158, '123 Ocean Dr 158', 1, now(), 0, 'address-uuid-158');
INSERT INTO person_attribute (person_attribute_type_id,person_id,value,voided,creator,date_created,uuid) VALUES (8, 158, '0000000158', 0, 1, now(), 'mobile-uuid-158'), (9, 158, '0000000158', 0, 1, now(), 'home-uuid-158');
INSERT INTO patient (patient_id,creator,date_created) VALUES (158, 1, now());
INSERT INTO patient_identifier (patient_id,identifier,identifier_type,location_id,creator,date_created,voided,uuid) VALUES (158, '158', 2, 1, 1, now(), 0, 'id-uuid-158');
INSERT INTO person (person_id,gender,birthdate,creator,date_created,voided,uuid) VALUES (159, 'F', '2005-05-05', 1, now(), 0, 'person-uuid-159');
INSERT INTO person_name (person_id,given_name,family_name,creator,date_created,voided,uuid) VALUES (159, 'John159', 'Doe159', 1, now(), 0, 'name-uuid-159');
INSERT INTO person_address (person_id,address1,creator,date_created,voided,uuid) VALUES (159, '123 Ocean Dr 159', 1, now(), 0, 'address-uuid-159');
INSERT INTO person_attribute (person_attribute_type_id,person_id,value,voided,creator,date_created,uuid) VALUES (8, 159, '0000000159', 0, 1, now(), 'mobile-uuid-159'), (9, 159, '0000000159', 0, 1, now(), 'home-uuid-159');
INSERT INTO patient (patient_id,creator,date_created) VALUES (159, 1, now());
INSERT INTO patient_identifier (patient_id,identifier,identifier_type,location_id,creator,date_created,voided,uuid) VALUES (159, '159', 2, 1, 1, now(), 0, 'id-uuid-159');
INSERT INTO person (person_id,gender,birthdate,creator,date_created,voided,uuid) VALUES (160, 'M', '2000-02-02', 1, now(), 0, 'person-uuid-160');
INSERT INTO person_name (person_id,given_name,family_name,creator,date_created,voided,uuid) VALUES (160, 'John160', 'Doe160', 1, now(), 0, 'name-uuid-160');
INSERT INTO person_address (person_id,address1,creator,date_created,voided,uuid) VALUES (160, '123 Ocean Dr 160', 1, now(), 0, 'address-uuid-160');
INSERT INTO person_attribute (person_attribute_type_id,person_id,value,voided,creator,date_created,uuid) VALUES (8, 160, '0000000160', 0, 1, now(), 'mobile-uuid-160'), (9, 160, '0000000160', 0, 1, now(), 'home-uuid-160');
INSERT INTO patient (patient_id,creator,date_created) VALUES (160, 1, now());
INSERT INTO patient_identifier (patient_id,identifier,identifier_type,location_id,creator,date_created,voided,uuid) VALUES (160, '160', 2, 1, 1, now(), 0, 'id-uuid-160');
INSERT INTO person (person_id,gender,birthdate,creator,date_created,voided,uuid) VALUES (161, 'F', '2005-05-05', 1, now(), 0, 'person-uuid-161');
INSERT INTO person_name (person_id,given_name,family_name,creator,date_created,voided,uuid) VALUES (161, 'John161', 'Doe161', 1, now(), 0, 'name-uuid-161');
INSERT INTO person_address (person_id,address1,creator,date_created,voided,uuid) VALUES (161, '123 Ocean Dr 161', 1, now(), 0, 'address-uuid-161');
INSERT INTO person_attribute (person_attribute_type_id,person_id,value,voided,creator,date_created,uuid) VALUES (8, 161, '0000000161', 0, 1, now(), 'mobile-uuid-161'), (9, 161, '0000000161', 0, 1, now(), 'home-uuid-161');
INSERT INTO patient (patient_id,creator,date_created) VALUES (161, 1, now());
INSERT INTO patient_identifier (patient_id,identifier,identifier_type,location_id,creator,date_created,voided,uuid) VALUES (161, '161', 2, 1, 1, now(), 0, 'id-uuid-161');
INSERT INTO person (person_id,gender,birthdate,creator,date_created,voided,uuid) VALUES (162, 'M', '2000-02-02', 1, now(), 0, 'person-uuid-162');
INSERT INTO person_name (person_id,given_name,family_name,creator,date_created,voided,uuid) VALUES (162, 'John162', 'Doe162', 1, now(), 0, 'name-uuid-162');
INSERT INTO person_address (person_id,address1,creator,date_created,voided,uuid) VALUES (162, '123 Ocean Dr 162', 1, now(), 0, 'address-uuid-162');
INSERT INTO person_attribute (person_attribute_type_id,person_id,value,voided,creator,date_created,uuid) VALUES (8, 162, '0000000162', 0, 1, now(), 'mobile-uuid-162'), (9, 162, '0000000162', 0, 1, now(), 'home-uuid-162');
INSERT INTO patient (patient_id,creator,date_created) VALUES (162, 1, now());
INSERT INTO patient_identifier (patient_id,identifier,identifier_type,location_id,creator,date_created,voided,uuid) VALUES (162, '162', 2, 1, 1, now(), 0, 'id-uuid-162');
INSERT INTO person (person_id,gender,birthdate,creator,date_created,voided,uuid) VALUES (163, 'F', '2005-05-05', 1, now(), 0, 'person-uuid-163');
INSERT INTO person_name (person_id,given_name,family_name,creator,date_created,voided,uuid) VALUES (163, 'John163', 'Doe163', 1, now(), 0, 'name-uuid-163');
INSERT INTO person_address (person_id,address1,creator,date_created,voided,uuid) VALUES (163, '123 Ocean Dr 163', 1, now(), 0, 'address-uuid-163');
INSERT INTO person_attribute (person_attribute_type_id,person_id,value,voided,creator,date_created,uuid) VALUES (8, 163, '0000000163', 0, 1, now(), 'mobile-uuid-163'), (9, 163, '0000000163', 0, 1, now(), 'home-uuid-163');
INSERT INTO patient (patient_id,creator,date_created) VALUES (163, 1, now());
INSERT INTO patient_identifier (patient_id,identifier,identifier_type,location_id,creator,date_created,voided,uuid) VALUES (163, '163', 2, 1, 1, now(), 0, 'id-uuid-163');
INSERT INTO person (person_id,gender,birthdate,creator,date_created,voided,uuid) VALUES (164, 'M', '2000-02-02', 1, now(), 0, 'person-uuid-164');
INSERT INTO person_name (person_id,given_name,family_name,creator,date_created,voided,uuid) VALUES (164, 'John164', 'Doe164', 1, now(), 0, 'name-uuid-164');
INSERT INTO person_address (person_id,address1,creator,date_created,voided,uuid) VALUES (164, '123 Ocean Dr 164', 1, now(), 0, 'address-uuid-164');
INSERT INTO person_attribute (person_attribute_type_id,person_id,value,voided,creator,date_created,uuid) VALUES (8, 164, '0000000164', 0, 1, now(), 'mobile-uuid-164'), (9, 164, '0000000164', 0, 1, now(), 'home-uuid-164');
INSERT INTO patient (patient_id,creator,date_created) VALUES (164, 1, now());
INSERT INTO patient_identifier (patient_id,identifier,identifier_type,location_id,creator,date_created,voided,uuid) VALUES (164, '164', 2, 1, 1, now(), 0, 'id-uuid-164');
INSERT INTO person (person_id,gender,birthdate,creator,date_created,voided,uuid) VALUES (165, 'F', '2005-05-05', 1, now(), 0, 'person-uuid-165');
INSERT INTO person_name (person_id,given_name,family_name,creator,date_created,voided,uuid) VALUES (165, 'John165', 'Doe165', 1, now(), 0, 'name-uuid-165');
INSERT INTO person_address (person_id,address1,creator,date_created,voided,uuid) VALUES (165, '123 Ocean Dr 165', 1, now(), 0, 'address-uuid-165');
INSERT INTO person_attribute (person_attribute_type_id,person_id,value,voided,creator,date_created,uuid) VALUES (8, 165, '0000000165', 0, 1, now(), 'mobile-uuid-165'), (9, 165, '0000000165', 0, 1, now(), 'home-uuid-165');
INSERT INTO patient (patient_id,creator,date_created) VALUES (165, 1, now());
INSERT INTO patient_identifier (patient_id,identifier,identifier_type,location_id,creator,date_created,voided,uuid) VALUES (165, '165', 2, 1, 1, now(), 0, 'id-uuid-165');
INSERT INTO person (person_id,gender,birthdate,creator,date_created,voided,uuid) VALUES (166, 'M', '2000-02-02', 1, now(), 0, 'person-uuid-166');
INSERT INTO person_name (person_id,given_name,family_name,creator,date_created,voided,uuid) VALUES (166, 'John166', 'Doe166', 1, now(), 0, 'name-uuid-166');
INSERT INTO person_address (person_id,address1,creator,date_created,voided,uuid) VALUES (166, '123 Ocean Dr 166', 1, now(), 0, 'address-uuid-166');
INSERT INTO person_attribute (person_attribute_type_id,person_id,value,voided,creator,date_created,uuid) VALUES (8, 166, '0000000166', 0, 1, now(), 'mobile-uuid-166'), (9, 166, '0000000166', 0, 1, now(), 'home-uuid-166');
INSERT INTO patient (patient_id,creator,date_created) VALUES (166, 1, now());
INSERT INTO patient_identifier (patient_id,identifier,identifier_type,location_id,creator,date_created,voided,uuid) VALUES (166, '166', 2, 1, 1, now(), 0, 'id-uuid-166');
INSERT INTO person (person_id,gender,birthdate,creator,date_created,voided,uuid) VALUES (167, 'F', '2005-05-05', 1, now(), 0, 'person-uuid-167');
INSERT INTO person_name (person_id,given_name,family_name,creator,date_created,voided,uuid) VALUES (167, 'John167', 'Doe167', 1, now(), 0, 'name-uuid-167');
INSERT INTO person_address (person_id,address1,creator,date_created,voided,uuid) VALUES (167, '123 Ocean Dr 167', 1, now(), 0, 'address-uuid-167');
INSERT INTO person_attribute (person_attribute_type_id,person_id,value,voided,creator,date_created,uuid) VALUES (8, 167, '0000000167', 0, 1, now(), 'mobile-uuid-167'), (9, 167, '0000000167', 0, 1, now(), 'home-uuid-167');
INSERT INTO patient (patient_id,creator,date_created) VALUES (167, 1, now());
INSERT INTO patient_identifier (patient_id,identifier,identifier_type,location_id,creator,date_created,voided,uuid) VALUES (167, '167', 2, 1, 1, now(), 0, 'id-uuid-167');
INSERT INTO person (person_id,gender,birthdate,creator,date_created,voided,uuid) VALUES (168, 'M', '2000-02-02', 1, now(), 0, 'person-uuid-168');
INSERT INTO person_name (person_id,given_name,family_name,creator,date_created,voided,uuid) VALUES (168, 'John168', 'Doe168', 1, now(), 0, 'name-uuid-168');
INSERT INTO person_address (person_id,address1,creator,date_created,voided,uuid) VALUES (168, '123 Ocean Dr 168', 1, now(), 0, 'address-uuid-168');
INSERT INTO person_attribute (person_attribute_type_id,person_id,value,voided,creator,date_created,uuid) VALUES (8, 168, '0000000168', 0, 1, now(), 'mobile-uuid-168'), (9, 168, '0000000168', 0, 1, now(), 'home-uuid-168');
INSERT INTO patient (patient_id,creator,date_created) VALUES (168, 1, now());
INSERT INTO patient_identifier (patient_id,identifier,identifier_type,location_id,creator,date_created,voided,uuid) VALUES (168, '168', 2, 1, 1, now(), 0, 'id-uuid-168');
INSERT INTO person (person_id,gender,birthdate,creator,date_created,voided,uuid) VALUES (169, 'F', '2005-05-05', 1, now(), 0, 'person-uuid-169');
INSERT INTO person_name (person_id,given_name,family_name,creator,date_created,voided,uuid) VALUES (169, 'John169', 'Doe169', 1, now(), 0, 'name-uuid-169');
INSERT INTO person_address (person_id,address1,creator,date_created,voided,uuid) VALUES (169, '123 Ocean Dr 169', 1, now(), 0, 'address-uuid-169');
INSERT INTO person_attribute (person_attribute_type_id,person_id,value,voided,creator,date_created,uuid) VALUES (8, 169, '0000000169', 0, 1, now(), 'mobile-uuid-169'), (9, 169, '0000000169', 0, 1, now(), 'home-uuid-169');
INSERT INTO patient (patient_id,creator,date_created) VALUES (169, 1, now());
INSERT INTO patient_identifier (patient_id,identifier,identifier_type,location_id,creator,date_created,voided,uuid) VALUES (169, '169', 2, 1, 1, now(), 0, 'id-uuid-169');
INSERT INTO person (person_id,gender,birthdate,creator,date_created,voided,uuid) VALUES (170, 'M', '2000-02-02', 1, now(), 0, 'person-uuid-170');
INSERT INTO person_name (person_id,given_name,family_name,creator,date_created,voided,uuid) VALUES (170, 'John170', 'Doe170', 1, now(), 0, 'name-uuid-170');
INSERT INTO person_address (person_id,address1,creator,date_created,voided,uuid) VALUES (170, '123 Ocean Dr 170', 1, now(), 0, 'address-uuid-170');
INSERT INTO person_attribute (person_attribute_type_id,person_id,value,voided,creator,date_created,uuid) VALUES (8, 170, '0000000170', 0, 1, now(), 'mobile-uuid-170'), (9, 170, '0000000170', 0, 1, now(), 'home-uuid-170');
INSERT INTO patient (patient_id,creator,date_created) VALUES (170, 1, now());
INSERT INTO patient_identifier (patient_id,identifier,identifier_type,location_id,creator,date_created,voided,uuid) VALUES (170, '170', 2, 1, 1, now(), 0, 'id-uuid-170');
INSERT INTO person (person_id,gender,birthdate,creator,date_created,voided,uuid) VALUES (171, 'F', '2005-05-05', 1, now(), 0, 'person-uuid-171');
INSERT INTO person_name (person_id,given_name,family_name,creator,date_created,voided,uuid) VALUES (171, 'John171', 'Doe171', 1, now(), 0, 'name-uuid-171');
INSERT INTO person_address (person_id,address1,creator,date_created,voided,uuid) VALUES (171, '123 Ocean Dr 171', 1, now(), 0, 'address-uuid-171');
INSERT INTO person_attribute (person_attribute_type_id,person_id,value,voided,creator,date_created,uuid) VALUES (8, 171, '0000000171', 0, 1, now(), 'mobile-uuid-171'), (9, 171, '0000000171', 0, 1, now(), 'home-uuid-171');
INSERT INTO patient (patient_id,creator,date_created) VALUES (171, 1, now());
INSERT INTO patient_identifier (patient_id,identifier,identifier_type,location_id,creator,date_created,voided,uuid) VALUES (171, '171', 2, 1, 1, now(), 0, 'id-uuid-171');
INSERT INTO person (person_id,gender,birthdate,creator,date_created,voided,uuid) VALUES (172, 'M', '2000-02-02', 1, now(), 0, 'person-uuid-172');
INSERT INTO person_name (person_id,given_name,family_name,creator,date_created,voided,uuid) VALUES (172, 'John172', 'Doe172', 1, now(), 0, 'name-uuid-172');
INSERT INTO person_address (person_id,address1,creator,date_created,voided,uuid) VALUES (172, '123 Ocean Dr 172', 1, now(), 0, 'address-uuid-172');
INSERT INTO person_attribute (person_attribute_type_id,person_id,value,voided,creator,date_created,uuid) VALUES (8, 172, '0000000172', 0, 1, now(), 'mobile-uuid-172'), (9, 172, '0000000172', 0, 1, now(), 'home-uuid-172');
INSERT INTO patient (patient_id,creator,date_created) VALUES (172, 1, now());
INSERT INTO patient_identifier (patient_id,identifier,identifier_type,location_id,creator,date_created,voided,uuid) VALUES (172, '172', 2, 1, 1, now(), 0, 'id-uuid-172');
INSERT INTO person (person_id,gender,birthdate,creator,date_created,voided,uuid) VALUES (173, 'F', '2005-05-05', 1, now(), 0, 'person-uuid-173');
INSERT INTO person_name (person_id,given_name,family_name,creator,date_created,voided,uuid) VALUES (173, 'John173', 'Doe173', 1, now(), 0, 'name-uuid-173');
INSERT INTO person_address (person_id,address1,creator,date_created,voided,uuid) VALUES (173, '123 Ocean Dr 173', 1, now(), 0, 'address-uuid-173');
INSERT INTO person_attribute (person_attribute_type_id,person_id,value,voided,creator,date_created,uuid) VALUES (8, 173, '0000000173', 0, 1, now(), 'mobile-uuid-173'), (9, 173, '0000000173', 0, 1, now(), 'home-uuid-173');
INSERT INTO patient (patient_id,creator,date_created) VALUES (173, 1, now());
INSERT INTO patient_identifier (patient_id,identifier,identifier_type,location_id,creator,date_created,voided,uuid) VALUES (173, '173', 2, 1, 1, now(), 0, 'id-uuid-173');
INSERT INTO person (person_id,gender,birthdate,creator,date_created,voided,uuid) VALUES (174, 'M', '2000-02-02', 1, now(), 0, 'person-uuid-174');
INSERT INTO person_name (person_id,given_name,family_name,creator,date_created,voided,uuid) VALUES (174, 'John174', 'Doe174', 1, now(), 0, 'name-uuid-174');
INSERT INTO person_address (person_id,address1,creator,date_created,voided,uuid) VALUES (174, '123 Ocean Dr 174', 1, now(), 0, 'address-uuid-174');
INSERT INTO person_attribute (person_attribute_type_id,person_id,value,voided,creator,date_created,uuid) VALUES (8, 174, '0000000174', 0, 1, now(), 'mobile-uuid-174'), (9, 174, '0000000174', 0, 1, now(), 'home-uuid-174');
INSERT INTO patient (patient_id,creator,date_created) VALUES (174, 1, now());
INSERT INTO patient_identifier (patient_id,identifier,identifier_type,location_id,creator,date_created,voided,uuid) VALUES (174, '174', 2, 1, 1, now(), 0, 'id-uuid-174');
INSERT INTO person (person_id,gender,birthdate,creator,date_created,voided,uuid) VALUES (175, 'F', '2005-05-05', 1, now(), 0, 'person-uuid-175');
INSERT INTO person_name (person_id,given_name,family_name,creator,date_created,voided,uuid) VALUES (175, 'John175', 'Doe175', 1, now(), 0, 'name-uuid-175');
INSERT INTO person_address (person_id,address1,creator,date_created,voided,uuid) VALUES (175, '123 Ocean Dr 175', 1, now(), 0, 'address-uuid-175');
INSERT INTO person_attribute (person_attribute_type_id,person_id,value,voided,creator,date_created,uuid) VALUES (8, 175, '0000000175', 0, 1, now(), 'mobile-uuid-175'), (9, 175, '0000000175', 0, 1, now(), 'home-uuid-175');
INSERT INTO patient (patient_id,creator,date_created) VALUES (175, 1, now());
INSERT INTO patient_identifier (patient_id,identifier,identifier_type,location_id,creator,date_created,voided,uuid) VALUES (175, '175', 2, 1, 1, now(), 0, 'id-uuid-175');
INSERT INTO person (person_id,gender,birthdate,creator,date_created,voided,uuid) VALUES (176, 'M', '2000-02-02', 1, now(), 0, 'person-uuid-176');
INSERT INTO person_name (person_id,given_name,family_name,creator,date_created,voided,uuid) VALUES (176, 'John176', 'Doe176', 1, now(), 0, 'name-uuid-176');
INSERT INTO person_address (person_id,address1,creator,date_created,voided,uuid) VALUES (176, '123 Ocean Dr 176', 1, now(), 0, 'address-uuid-176');
INSERT INTO person_attribute (person_attribute_type_id,person_id,value,voided,creator,date_created,uuid) VALUES (8, 176, '0000000176', 0, 1, now(), 'mobile-uuid-176'), (9, 176, '0000000176', 0, 1, now(), 'home-uuid-176');
INSERT INTO patient (patient_id,creator,date_created) VALUES (176, 1, now());
INSERT INTO patient_identifier (patient_id,identifier,identifier_type,location_id,creator,date_created,voided,uuid) VALUES (176, '176', 2, 1, 1, now(), 0, 'id-uuid-176');
INSERT INTO person (person_id,gender,birthdate,creator,date_created,voided,uuid) VALUES (177, 'F', '2005-05-05', 1, now(), 0, 'person-uuid-177');
INSERT INTO person_name (person_id,given_name,family_name,creator,date_created,voided,uuid) VALUES (177, 'John177', 'Doe177', 1, now(), 0, 'name-uuid-177');
INSERT INTO person_address (person_id,address1,creator,date_created,voided,uuid) VALUES (177, '123 Ocean Dr 177', 1, now(), 0, 'address-uuid-177');
INSERT INTO person_attribute (person_attribute_type_id,person_id,value,voided,creator,date_created,uuid) VALUES (8, 177, '0000000177', 0, 1, now(), 'mobile-uuid-177'), (9, 177, '0000000177', 0, 1, now(), 'home-uuid-177');
INSERT INTO patient (patient_id,creator,date_created) VALUES (177, 1, now());
INSERT INTO patient_identifier (patient_id,identifier,identifier_type,location_id,creator,date_created,voided,uuid) VALUES (177, '177', 2, 1, 1, now(), 0, 'id-uuid-177');
INSERT INTO person (person_id,gender,birthdate,creator,date_created,voided,uuid) VALUES (178, 'M', '2000-02-02', 1, now(), 0, 'person-uuid-178');
INSERT INTO person_name (person_id,given_name,family_name,creator,date_created,voided,uuid) VALUES (178, 'John178', 'Doe178', 1, now(), 0, 'name-uuid-178');
INSERT INTO person_address (person_id,address1,creator,date_created,voided,uuid) VALUES (178, '123 Ocean Dr 178', 1, now(), 0, 'address-uuid-178');
INSERT INTO person_attribute (person_attribute_type_id,person_id,value,voided,creator,date_created,uuid) VALUES (8, 178, '0000000178', 0, 1, now(), 'mobile-uuid-178'), (9, 178, '0000000178', 0, 1, now(), 'home-uuid-178');
INSERT INTO patient (patient_id,creator,date_created) VALUES (178, 1, now());
INSERT INTO patient_identifier (patient_id,identifier,identifier_type,location_id,creator,date_created,voided,uuid) VALUES (178, '178', 2, 1, 1, now(), 0, 'id-uuid-178');
INSERT INTO person (person_id,gender,birthdate,creator,date_created,voided,uuid) VALUES (179, 'F', '2005-05-05', 1, now(), 0, 'person-uuid-179');
INSERT INTO person_name (person_id,given_name,family_name,creator,date_created,voided,uuid) VALUES (179, 'John179', 'Doe179', 1, now(), 0, 'name-uuid-179');
INSERT INTO person_address (person_id,address1,creator,date_created,voided,uuid) VALUES (179, '123 Ocean Dr 179', 1, now(), 0, 'address-uuid-179');
INSERT INTO person_attribute (person_attribute_type_id,person_id,value,voided,creator,date_created,uuid) VALUES (8, 179, '0000000179', 0, 1, now(), 'mobile-uuid-179'), (9, 179, '0000000179', 0, 1, now(), 'home-uuid-179');
INSERT INTO patient (patient_id,creator,date_created) VALUES (179, 1, now());
INSERT INTO patient_identifier (patient_id,identifier,identifier_type,location_id,creator,date_created,voided,uuid) VALUES (179, '179', 2, 1, 1, now(), 0, 'id-uuid-179');
INSERT INTO person (person_id,gender,birthdate,creator,date_created,voided,uuid) VALUES (180, 'M', '2000-02-02', 1, now(), 0, 'person-uuid-180');
INSERT INTO person_name (person_id,given_name,family_name,creator,date_created,voided,uuid) VALUES (180, 'John180', 'Doe180', 1, now(), 0, 'name-uuid-180');
INSERT INTO person_address (person_id,address1,creator,date_created,voided,uuid) VALUES (180, '123 Ocean Dr 180', 1, now(), 0, 'address-uuid-180');
INSERT INTO person_attribute (person_attribute_type_id,person_id,value,voided,creator,date_created,uuid) VALUES (8, 180, '0000000180', 0, 1, now(), 'mobile-uuid-180'), (9, 180, '0000000180', 0, 1, now(), 'home-uuid-180');
INSERT INTO patient (patient_id,creator,date_created) VALUES (180, 1, now());
INSERT INTO patient_identifier (patient_id,identifier,identifier_type,location_id,creator,date_created,voided,uuid) VALUES (180, '180', 2, 1, 1, now(), 0, 'id-uuid-180');
INSERT INTO person (person_id,gender,birthdate,creator,date_created,voided,uuid) VALUES (181, 'F', '2005-05-05', 1, now(), 0, 'person-uuid-181');
INSERT INTO person_name (person_id,given_name,family_name,creator,date_created,voided,uuid) VALUES (181, 'John181', 'Doe181', 1, now(), 0, 'name-uuid-181');
INSERT INTO person_address (person_id,address1,creator,date_created,voided,uuid) VALUES (181, '123 Ocean Dr 181', 1, now(), 0, 'address-uuid-181');
INSERT INTO person_attribute (person_attribute_type_id,person_id,value,voided,creator,date_created,uuid) VALUES (8, 181, '0000000181', 0, 1, now(), 'mobile-uuid-181'), (9, 181, '0000000181', 0, 1, now(), 'home-uuid-181');
INSERT INTO patient (patient_id,creator,date_created) VALUES (181, 1, now());
INSERT INTO patient_identifier (patient_id,identifier,identifier_type,location_id,creator,date_created,voided,uuid) VALUES (181, '181', 2, 1, 1, now(), 0, 'id-uuid-181');
INSERT INTO person (person_id,gender,birthdate,creator,date_created,voided,uuid) VALUES (182, 'M', '2000-02-02', 1, now(), 0, 'person-uuid-182');
INSERT INTO person_name (person_id,given_name,family_name,creator,date_created,voided,uuid) VALUES (182, 'John182', 'Doe182', 1, now(), 0, 'name-uuid-182');
INSERT INTO person_address (person_id,address1,creator,date_created,voided,uuid) VALUES (182, '123 Ocean Dr 182', 1, now(), 0, 'address-uuid-182');
INSERT INTO person_attribute (person_attribute_type_id,person_id,value,voided,creator,date_created,uuid) VALUES (8, 182, '0000000182', 0, 1, now(), 'mobile-uuid-182'), (9, 182, '0000000182', 0, 1, now(), 'home-uuid-182');
INSERT INTO patient (patient_id,creator,date_created) VALUES (182, 1, now());
INSERT INTO patient_identifier (patient_id,identifier,identifier_type,location_id,creator,date_created,voided,uuid) VALUES (182, '182', 2, 1, 1, now(), 0, 'id-uuid-182');
INSERT INTO person (person_id,gender,birthdate,creator,date_created,voided,uuid) VALUES (183, 'F', '2005-05-05', 1, now(), 0, 'person-uuid-183');
INSERT INTO person_name (person_id,given_name,family_name,creator,date_created,voided,uuid) VALUES (183, 'John183', 'Doe183', 1, now(), 0, 'name-uuid-183');
INSERT INTO person_address (person_id,address1,creator,date_created,voided,uuid) VALUES (183, '123 Ocean Dr 183', 1, now(), 0, 'address-uuid-183');
INSERT INTO person_attribute (person_attribute_type_id,person_id,value,voided,creator,date_created,uuid) VALUES (8, 183, '0000000183', 0, 1, now(), 'mobile-uuid-183'), (9, 183, '0000000183', 0, 1, now(), 'home-uuid-183');
INSERT INTO patient (patient_id,creator,date_created) VALUES (183, 1, now());
INSERT INTO patient_identifier (patient_id,identifier,identifier_type,location_id,creator,date_created,voided,uuid) VALUES (183, '183', 2, 1, 1, now(), 0, 'id-uuid-183');
INSERT INTO person (person_id,gender,birthdate,creator,date_created,voided,uuid) VALUES (184, 'M', '2000-02-02', 1, now(), 0, 'person-uuid-184');
INSERT INTO person_name (person_id,given_name,family_name,creator,date_created,voided,uuid) VALUES (184, 'John184', 'Doe184', 1, now(), 0, 'name-uuid-184');
INSERT INTO person_address (person_id,address1,creator,date_created,voided,uuid) VALUES (184, '123 Ocean Dr 184', 1, now(), 0, 'address-uuid-184');
INSERT INTO person_attribute (person_attribute_type_id,person_id,value,voided,creator,date_created,uuid) VALUES (8, 184, '0000000184', 0, 1, now(), 'mobile-uuid-184'), (9, 184, '0000000184', 0, 1, now(), 'home-uuid-184');
INSERT INTO patient (patient_id,creator,date_created) VALUES (184, 1, now());
INSERT INTO patient_identifier (patient_id,identifier,identifier_type,location_id,creator,date_created,voided,uuid) VALUES (184, '184', 2, 1, 1, now(), 0, 'id-uuid-184');
INSERT INTO person (person_id,gender,birthdate,creator,date_created,voided,uuid) VALUES (185, 'F', '2005-05-05', 1, now(), 0, 'person-uuid-185');
INSERT INTO person_name (person_id,given_name,family_name,creator,date_created,voided,uuid) VALUES (185, 'John185', 'Doe185', 1, now(), 0, 'name-uuid-185');
INSERT INTO person_address (person_id,address1,creator,date_created,voided,uuid) VALUES (185, '123 Ocean Dr 185', 1, now(), 0, 'address-uuid-185');
INSERT INTO person_attribute (person_attribute_type_id,person_id,value,voided,creator,date_created,uuid) VALUES (8, 185, '0000000185', 0, 1, now(), 'mobile-uuid-185'), (9, 185, '0000000185', 0, 1, now(), 'home-uuid-185');
INSERT INTO patient (patient_id,creator,date_created) VALUES (185, 1, now());
INSERT INTO patient_identifier (patient_id,identifier,identifier_type,location_id,creator,date_created,voided,uuid) VALUES (185, '185', 2, 1, 1, now(), 0, 'id-uuid-185');
INSERT INTO person (person_id,gender,birthdate,creator,date_created,voided,uuid) VALUES (186, 'M', '2000-02-02', 1, now(), 0, 'person-uuid-186');
INSERT INTO person_name (person_id,given_name,family_name,creator,date_created,voided,uuid) VALUES (186, 'John186', 'Doe186', 1, now(), 0, 'name-uuid-186');
INSERT INTO person_address (person_id,address1,creator,date_created,voided,uuid) VALUES (186, '123 Ocean Dr 186', 1, now(), 0, 'address-uuid-186');
INSERT INTO person_attribute (person_attribute_type_id,person_id,value,voided,creator,date_created,uuid) VALUES (8, 186, '0000000186', 0, 1, now(), 'mobile-uuid-186'), (9, 186, '0000000186', 0, 1, now(), 'home-uuid-186');
INSERT INTO patient (patient_id,creator,date_created) VALUES (186, 1, now());
INSERT INTO patient_identifier (patient_id,identifier,identifier_type,location_id,creator,date_created,voided,uuid) VALUES (186, '186', 2, 1, 1, now(), 0, 'id-uuid-186');
INSERT INTO person (person_id,gender,birthdate,creator,date_created,voided,uuid) VALUES (187, 'F', '2005-05-05', 1, now(), 0, 'person-uuid-187');
INSERT INTO person_name (person_id,given_name,family_name,creator,date_created,voided,uuid) VALUES (187, 'John187', 'Doe187', 1, now(), 0, 'name-uuid-187');
INSERT INTO person_address (person_id,address1,creator,date_created,voided,uuid) VALUES (187, '123 Ocean Dr 187', 1, now(), 0, 'address-uuid-187');
INSERT INTO person_attribute (person_attribute_type_id,person_id,value,voided,creator,date_created,uuid) VALUES (8, 187, '0000000187', 0, 1, now(), 'mobile-uuid-187'), (9, 187, '0000000187', 0, 1, now(), 'home-uuid-187');
INSERT INTO patient (patient_id,creator,date_created) VALUES (187, 1, now());
INSERT INTO patient_identifier (patient_id,identifier,identifier_type,location_id,creator,date_created,voided,uuid) VALUES (187, '187', 2, 1, 1, now(), 0, 'id-uuid-187');
INSERT INTO person (person_id,gender,birthdate,creator,date_created,voided,uuid) VALUES (188, 'M', '2000-02-02', 1, now(), 0, 'person-uuid-188');
INSERT INTO person_name (person_id,given_name,family_name,creator,date_created,voided,uuid) VALUES (188, 'John188', 'Doe188', 1, now(), 0, 'name-uuid-188');
INSERT INTO person_address (person_id,address1,creator,date_created,voided,uuid) VALUES (188, '123 Ocean Dr 188', 1, now(), 0, 'address-uuid-188');
INSERT INTO person_attribute (person_attribute_type_id,person_id,value,voided,creator,date_created,uuid) VALUES (8, 188, '0000000188', 0, 1, now(), 'mobile-uuid-188'), (9, 188, '0000000188', 0, 1, now(), 'home-uuid-188');
INSERT INTO patient (patient_id,creator,date_created) VALUES (188, 1, now());
INSERT INTO patient_identifier (patient_id,identifier,identifier_type,location_id,creator,date_created,voided,uuid) VALUES (188, '188', 2, 1, 1, now(), 0, 'id-uuid-188');
INSERT INTO person (person_id,gender,birthdate,creator,date_created,voided,uuid) VALUES (189, 'F', '2005-05-05', 1, now(), 0, 'person-uuid-189');
INSERT INTO person_name (person_id,given_name,family_name,creator,date_created,voided,uuid) VALUES (189, 'John189', 'Doe189', 1, now(), 0, 'name-uuid-189');
INSERT INTO person_address (person_id,address1,creator,date_created,voided,uuid) VALUES (189, '123 Ocean Dr 189', 1, now(), 0, 'address-uuid-189');
INSERT INTO person_attribute (person_attribute_type_id,person_id,value,voided,creator,date_created,uuid) VALUES (8, 189, '0000000189', 0, 1, now(), 'mobile-uuid-189'), (9, 189, '0000000189', 0, 1, now(), 'home-uuid-189');
INSERT INTO patient (patient_id,creator,date_created) VALUES (189, 1, now());
INSERT INTO patient_identifier (patient_id,identifier,identifier_type,location_id,creator,date_created,voided,uuid) VALUES (189, '189', 2, 1, 1, now(), 0, 'id-uuid-189');
INSERT INTO person (person_id,gender,birthdate,creator,date_created,voided,uuid) VALUES (190, 'M', '2000-02-02', 1, now(), 0, 'person-uuid-190');
INSERT INTO person_name (person_id,given_name,family_name,creator,date_created,voided,uuid) VALUES (190, 'John190', 'Doe190', 1, now(), 0, 'name-uuid-190');
INSERT INTO person_address (person_id,address1,creator,date_created,voided,uuid) VALUES (190, '123 Ocean Dr 190', 1, now(), 0, 'address-uuid-190');
INSERT INTO person_attribute (person_attribute_type_id,person_id,value,voided,creator,date_created,uuid) VALUES (8, 190, '0000000190', 0, 1, now(), 'mobile-uuid-190'), (9, 190, '0000000190', 0, 1, now(), 'home-uuid-190');
INSERT INTO patient (patient_id,creator,date_created) VALUES (190, 1, now());
INSERT INTO patient_identifier (patient_id,identifier,identifier_type,location_id,creator,date_created,voided,uuid) VALUES (190, '190', 2, 1, 1, now(), 0, 'id-uuid-190');
INSERT INTO person (person_id,gender,birthdate,creator,date_created,voided,uuid) VALUES (191, 'F', '2005-05-05', 1, now(), 0, 'person-uuid-191');
INSERT INTO person_name (person_id,given_name,family_name,creator,date_created,voided,uuid) VALUES (191, 'John191', 'Doe191', 1, now(), 0, 'name-uuid-191');
INSERT INTO person_address (person_id,address1,creator,date_created,voided,uuid) VALUES (191, '123 Ocean Dr 191', 1, now(), 0, 'address-uuid-191');
INSERT INTO person_attribute (person_attribute_type_id,person_id,value,voided,creator,date_created,uuid) VALUES (8, 191, '0000000191', 0, 1, now(), 'mobile-uuid-191'), (9, 191, '0000000191', 0, 1, now(), 'home-uuid-191');
INSERT INTO patient (patient_id,creator,date_created) VALUES (191, 1, now());
INSERT INTO patient_identifier (patient_id,identifier,identifier_type,location_id,creator,date_created,voided,uuid) VALUES (191, '191', 2, 1, 1, now(), 0, 'id-uuid-191');
INSERT INTO person (person_id,gender,birthdate,creator,date_created,voided,uuid) VALUES (192, 'M', '2000-02-02', 1, now(), 0, 'person-uuid-192');
INSERT INTO person_name (person_id,given_name,family_name,creator,date_created,voided,uuid) VALUES (192, 'John192', 'Doe192', 1, now(), 0, 'name-uuid-192');
INSERT INTO person_address (person_id,address1,creator,date_created,voided,uuid) VALUES (192, '123 Ocean Dr 192', 1, now(), 0, 'address-uuid-192');
INSERT INTO person_attribute (person_attribute_type_id,person_id,value,voided,creator,date_created,uuid) VALUES (8, 192, '0000000192', 0, 1, now(), 'mobile-uuid-192'), (9, 192, '0000000192', 0, 1, now(), 'home-uuid-192');
INSERT INTO patient (patient_id,creator,date_created) VALUES (192, 1, now());
INSERT INTO patient_identifier (patient_id,identifier,identifier_type,location_id,creator,date_created,voided,uuid) VALUES (192, '192', 2, 1, 1, now(), 0, 'id-uuid-192');
INSERT INTO person (person_id,gender,birthdate,creator,date_created,voided,uuid) VALUES (193, 'F', '2005-05-05', 1, now(), 0, 'person-uuid-193');
INSERT INTO person_name (person_id,given_name,family_name,creator,date_created,voided,uuid) VALUES (193, 'John193', 'Doe193', 1, now(), 0, 'name-uuid-193');
INSERT INTO person_address (person_id,address1,creator,date_created,voided,uuid) VALUES (193, '123 Ocean Dr 193', 1, now(), 0, 'address-uuid-193');
INSERT INTO person_attribute (person_attribute_type_id,person_id,value,voided,creator,date_created,uuid) VALUES (8, 193, '0000000193', 0, 1, now(), 'mobile-uuid-193'), (9, 193, '0000000193', 0, 1, now(), 'home-uuid-193');
INSERT INTO patient (patient_id,creator,date_created) VALUES (193, 1, now());
INSERT INTO patient_identifier (patient_id,identifier,identifier_type,location_id,creator,date_created,voided,uuid) VALUES (193, '193', 2, 1, 1, now(), 0, 'id-uuid-193');
INSERT INTO person (person_id,gender,birthdate,creator,date_created,voided,uuid) VALUES (194, 'M', '2000-02-02', 1, now(), 0, 'person-uuid-194');
INSERT INTO person_name (person_id,given_name,family_name,creator,date_created,voided,uuid) VALUES (194, 'John194', 'Doe194', 1, now(), 0, 'name-uuid-194');
INSERT INTO person_address (person_id,address1,creator,date_created,voided,uuid) VALUES (194, '123 Ocean Dr 194', 1, now(), 0, 'address-uuid-194');
INSERT INTO person_attribute (person_attribute_type_id,person_id,value,voided,creator,date_created,uuid) VALUES (8, 194, '0000000194', 0, 1, now(), 'mobile-uuid-194'), (9, 194, '0000000194', 0, 1, now(), 'home-uuid-194');
INSERT INTO patient (patient_id,creator,date_created) VALUES (194, 1, now());
INSERT INTO patient_identifier (patient_id,identifier,identifier_type,location_id,creator,date_created,voided,uuid) VALUES (194, '194', 2, 1, 1, now(), 0, 'id-uuid-194');
INSERT INTO person (person_id,gender,birthdate,creator,date_created,voided,uuid) VALUES (195, 'F', '2005-05-05', 1, now(), 0, 'person-uuid-195');
INSERT INTO person_name (person_id,given_name,family_name,creator,date_created,voided,uuid) VALUES (195, 'John195', 'Doe195', 1, now(), 0, 'name-uuid-195');
INSERT INTO person_address (person_id,address1,creator,date_created,voided,uuid) VALUES (195, '123 Ocean Dr 195', 1, now(), 0, 'address-uuid-195');
INSERT INTO person_attribute (person_attribute_type_id,person_id,value,voided,creator,date_created,uuid) VALUES (8, 195, '0000000195', 0, 1, now(), 'mobile-uuid-195'), (9, 195, '0000000195', 0, 1, now(), 'home-uuid-195');
INSERT INTO patient (patient_id,creator,date_created) VALUES (195, 1, now());
INSERT INTO patient_identifier (patient_id,identifier,identifier_type,location_id,creator,date_created,voided,uuid) VALUES (195, '195', 2, 1, 1, now(), 0, 'id-uuid-195');
INSERT INTO person (person_id,gender,birthdate,creator,date_created,voided,uuid) VALUES (196, 'M', '2000-02-02', 1, now(), 0, 'person-uuid-196');
INSERT INTO person_name (person_id,given_name,family_name,creator,date_created,voided,uuid) VALUES (196, 'John196', 'Doe196', 1, now(), 0, 'name-uuid-196');
INSERT INTO person_address (person_id,address1,creator,date_created,voided,uuid) VALUES (196, '123 Ocean Dr 196', 1, now(), 0, 'address-uuid-196');
INSERT INTO person_attribute (person_attribute_type_id,person_id,value,voided,creator,date_created,uuid) VALUES (8, 196, '0000000196', 0, 1, now(), 'mobile-uuid-196'), (9, 196, '0000000196', 0, 1, now(), 'home-uuid-196');
INSERT INTO patient (patient_id,creator,date_created) VALUES (196, 1, now());
INSERT INTO patient_identifier (patient_id,identifier,identifier_type,location_id,creator,date_created,voided,uuid) VALUES (196, '196', 2, 1, 1, now(), 0, 'id-uuid-196');
INSERT INTO person (person_id,gender,birthdate,creator,date_created,voided,uuid) VALUES (197, 'F', '2005-05-05', 1, now(), 0, 'person-uuid-197');
INSERT INTO person_name (person_id,given_name,family_name,creator,date_created,voided,uuid) VALUES (197, 'John197', 'Doe197', 1, now(), 0, 'name-uuid-197');
INSERT INTO person_address (person_id,address1,creator,date_created,voided,uuid) VALUES (197, '123 Ocean Dr 197', 1, now(), 0, 'address-uuid-197');
INSERT INTO person_attribute (person_attribute_type_id,person_id,value,voided,creator,date_created,uuid) VALUES (8, 197, '0000000197', 0, 1, now(), 'mobile-uuid-197'), (9, 197, '0000000197', 0, 1, now(), 'home-uuid-197');
INSERT INTO patient (patient_id,creator,date_created) VALUES (197, 1, now());
INSERT INTO patient_identifier (patient_id,identifier,identifier_type,location_id,creator,date_created,voided,uuid) VALUES (197, '197', 2, 1, 1, now(), 0, 'id-uuid-197');
INSERT INTO person (person_id,gender,birthdate,creator,date_created,voided,uuid) VALUES (198, 'M', '2000-02-02', 1, now(), 0, 'person-uuid-198');
INSERT INTO person_name (person_id,given_name,family_name,creator,date_created,voided,uuid) VALUES (198, 'John198', 'Doe198', 1, now(), 0, 'name-uuid-198');
INSERT INTO person_address (person_id,address1,creator,date_created,voided,uuid) VALUES (198, '123 Ocean Dr 198', 1, now(), 0, 'address-uuid-198');
INSERT INTO person_attribute (person_attribute_type_id,person_id,value,voided,creator,date_created,uuid) VALUES (8, 198, '0000000198', 0, 1, now(), 'mobile-uuid-198'), (9, 198, '0000000198', 0, 1, now(), 'home-uuid-198');
INSERT INTO patient (patient_id,creator,date_created) VALUES (198, 1, now());
INSERT INTO patient_identifier (patient_id,identifier,identifier_type,location_id,creator,date_created,voided,uuid) VALUES (198, '198', 2, 1, 1, now(), 0, 'id-uuid-198');
INSERT INTO person (person_id,gender,birthdate,creator,date_created,voided,uuid) VALUES (199, 'F', '2005-05-05', 1, now(), 0, 'person-uuid-199');
INSERT INTO person_name (person_id,given_name,family_name,creator,date_created,voided,uuid) VALUES (199, 'John199', 'Doe199', 1, now(), 0, 'name-uuid-199');
INSERT INTO person_address (person_id,address1,creator,date_created,voided,uuid) VALUES (199, '123 Ocean Dr 199', 1, now(), 0, 'address-uuid-199');
INSERT INTO person_attribute (person_attribute_type_id,person_id,value,voided,creator,date_created,uuid) VALUES (8, 199, '0000000199', 0, 1, now(), 'mobile-uuid-199'), (9, 199, '0000000199', 0, 1, now(), 'home-uuid-199');
INSERT INTO patient (patient_id,creator,date_created) VALUES (199, 1, now());
INSERT INTO patient_identifier (patient_id,identifier,identifier_type,location_id,creator,date_created,voided,uuid) VALUES (199, '199', 2, 1, 1, now(), 0, 'id-uuid-199');
INSERT INTO person (person_id,gender,birthdate,creator,date_created,voided,uuid) VALUES (200, 'M', '2000-02-02', 1, now(), 0, 'person-uuid-200');
INSERT INTO person_name (person_id,given_name,family_name,creator,date_created,voided,uuid) VALUES (200, 'John200', 'Doe200', 1, now(), 0, 'name-uuid-200');
INSERT INTO person_address (person_id,address1,creator,date_created,voided,uuid) VALUES (200, '123 Ocean Dr 200', 1, now(), 0, 'address-uuid-200');
INSERT INTO person_attribute (person_attribute_type_id,person_id,value,voided,creator,date_created,uuid) VALUES (8, 200, '0000000200', 0, 1, now(), 'mobile-uuid-200'), (9, 200, '0000000200', 0, 1, now(), 'home-uuid-200');
INSERT INTO patient (patient_id,creator,date_created) VALUES (200, 1, now());
INSERT INTO patient_identifier (patient_id,identifier,identifier_type,location_id,creator,date_created,voided,uuid) VALUES (200, '200', 2, 1, 1, now(), 0, 'id-uuid-200');
INSERT INTO person (person_id,gender,birthdate,creator,date_created,voided,uuid) VALUES (201, 'F', '2005-05-05', 1, now(), 0, 'person-uuid-201');
INSERT INTO person_name (person_id,given_name,family_name,creator,date_created,voided,uuid) VALUES (201, 'John201', 'Doe201', 1, now(), 0, 'name-uuid-201');
INSERT INTO person_address (person_id,address1,creator,date_created,voided,uuid) VALUES (201, '123 Ocean Dr 201', 1, now(), 0, 'address-uuid-201');
INSERT INTO person_attribute (person_attribute_type_id,person_id,value,voided,creator,date_created,uuid) VALUES (8, 201, '0000000201', 0, 1, now(), 'mobile-uuid-201'), (9, 201, '0000000201', 0, 1, now(), 'home-uuid-201');
INSERT INTO patient (patient_id,creator,date_created) VALUES (201, 1, now());
INSERT INTO patient_identifier (patient_id,identifier,identifier_type,location_id,creator,date_created,voided,uuid) VALUES (201, '201', 2, 1, 1, now(), 0, 'id-uuid-201');
INSERT INTO person (person_id,gender,birthdate,creator,date_created,voided,uuid) VALUES (202, 'M', '2000-02-02', 1, now(), 0, 'person-uuid-202');
INSERT INTO person_name (person_id,given_name,family_name,creator,date_created,voided,uuid) VALUES (202, 'John202', 'Doe202', 1, now(), 0, 'name-uuid-202');
INSERT INTO person_address (person_id,address1,creator,date_created,voided,uuid) VALUES (202, '123 Ocean Dr 202', 1, now(), 0, 'address-uuid-202');
INSERT INTO person_attribute (person_attribute_type_id,person_id,value,voided,creator,date_created,uuid) VALUES (8, 202, '0000000202', 0, 1, now(), 'mobile-uuid-202'), (9, 202, '0000000202', 0, 1, now(), 'home-uuid-202');
INSERT INTO patient (patient_id,creator,date_created) VALUES (202, 1, now());
INSERT INTO patient_identifier (patient_id,identifier,identifier_type,location_id,creator,date_created,voided,uuid) VALUES (202, '202', 2, 1, 1, now(), 0, 'id-uuid-202');
INSERT INTO person (person_id,gender,birthdate,creator,date_created,voided,uuid) VALUES (203, 'F', '2005-05-05', 1, now(), 0, 'person-uuid-203');
INSERT INTO person_name (person_id,given_name,family_name,creator,date_created,voided,uuid) VALUES (203, 'John203', 'Doe203', 1, now(), 0, 'name-uuid-203');
INSERT INTO person_address (person_id,address1,creator,date_created,voided,uuid) VALUES (203, '123 Ocean Dr 203', 1, now(), 0, 'address-uuid-203');
INSERT INTO person_attribute (person_attribute_type_id,person_id,value,voided,creator,date_created,uuid) VALUES (8, 203, '0000000203', 0, 1, now(), 'mobile-uuid-203'), (9, 203, '0000000203', 0, 1, now(), 'home-uuid-203');
INSERT INTO patient (patient_id,creator,date_created) VALUES (203, 1, now());
INSERT INTO patient_identifier (patient_id,identifier,identifier_type,location_id,creator,date_created,voided,uuid) VALUES (203, '203', 2, 1, 1, now(), 0, 'id-uuid-203');
INSERT INTO person (person_id,gender,birthdate,creator,date_created,voided,uuid) VALUES (204, 'M', '2000-02-02', 1, now(), 0, 'person-uuid-204');
INSERT INTO person_name (person_id,given_name,family_name,creator,date_created,voided,uuid) VALUES (204, 'John204', 'Doe204', 1, now(), 0, 'name-uuid-204');
INSERT INTO person_address (person_id,address1,creator,date_created,voided,uuid) VALUES (204, '123 Ocean Dr 204', 1, now(), 0, 'address-uuid-204');
INSERT INTO person_attribute (person_attribute_type_id,person_id,value,voided,creator,date_created,uuid) VALUES (8, 204, '0000000204', 0, 1, now(), 'mobile-uuid-204'), (9, 204, '0000000204', 0, 1, now(), 'home-uuid-204');
INSERT INTO patient (patient_id,creator,date_created) VALUES (204, 1, now());
INSERT INTO patient_identifier (patient_id,identifier,identifier_type,location_id,creator,date_created,voided,uuid) VALUES (204, '204', 2, 1, 1, now(), 0, 'id-uuid-204');
INSERT INTO person (person_id,gender,birthdate,creator,date_created,voided,uuid) VALUES (205, 'F', '2005-05-05', 1, now(), 0, 'person-uuid-205');
INSERT INTO person_name (person_id,given_name,family_name,creator,date_created,voided,uuid) VALUES (205, 'John205', 'Doe205', 1, now(), 0, 'name-uuid-205');
INSERT INTO person_address (person_id,address1,creator,date_created,voided,uuid) VALUES (205, '123 Ocean Dr 205', 1, now(), 0, 'address-uuid-205');
INSERT INTO person_attribute (person_attribute_type_id,person_id,value,voided,creator,date_created,uuid) VALUES (8, 205, '0000000205', 0, 1, now(), 'mobile-uuid-205'), (9, 205, '0000000205', 0, 1, now(), 'home-uuid-205');
INSERT INTO patient (patient_id,creator,date_created) VALUES (205, 1, now());
INSERT INTO patient_identifier (patient_id,identifier,identifier_type,location_id,creator,date_created,voided,uuid) VALUES (205, '205', 2, 1, 1, now(), 0, 'id-uuid-205');
INSERT INTO person (person_id,gender,birthdate,creator,date_created,voided,uuid) VALUES (206, 'M', '2000-02-02', 1, now(), 0, 'person-uuid-206');
INSERT INTO person_name (person_id,given_name,family_name,creator,date_created,voided,uuid) VALUES (206, 'John206', 'Doe206', 1, now(), 0, 'name-uuid-206');
INSERT INTO person_address (person_id,address1,creator,date_created,voided,uuid) VALUES (206, '123 Ocean Dr 206', 1, now(), 0, 'address-uuid-206');
INSERT INTO person_attribute (person_attribute_type_id,person_id,value,voided,creator,date_created,uuid) VALUES (8, 206, '0000000206', 0, 1, now(), 'mobile-uuid-206'), (9, 206, '0000000206', 0, 1, now(), 'home-uuid-206');
INSERT INTO patient (patient_id,creator,date_created) VALUES (206, 1, now());
INSERT INTO patient_identifier (patient_id,identifier,identifier_type,location_id,creator,date_created,voided,uuid) VALUES (206, '206', 2, 1, 1, now(), 0, 'id-uuid-206');
INSERT INTO person (person_id,gender,birthdate,creator,date_created,voided,uuid) VALUES (207, 'F', '2005-05-05', 1, now(), 0, 'person-uuid-207');
INSERT INTO person_name (person_id,given_name,family_name,creator,date_created,voided,uuid) VALUES (207, 'John207', 'Doe207', 1, now(), 0, 'name-uuid-207');
INSERT INTO person_address (person_id,address1,creator,date_created,voided,uuid) VALUES (207, '123 Ocean Dr 207', 1, now(), 0, 'address-uuid-207');
INSERT INTO person_attribute (person_attribute_type_id,person_id,value,voided,creator,date_created,uuid) VALUES (8, 207, '0000000207', 0, 1, now(), 'mobile-uuid-207'), (9, 207, '0000000207', 0, 1, now(), 'home-uuid-207');
INSERT INTO patient (patient_id,creator,date_created) VALUES (207, 1, now());
INSERT INTO patient_identifier (patient_id,identifier,identifier_type,location_id,creator,date_created,voided,uuid) VALUES (207, '207', 2, 1, 1, now(), 0, 'id-uuid-207');
INSERT INTO person (person_id,gender,birthdate,creator,date_created,voided,uuid) VALUES (208, 'M', '2000-02-02', 1, now(), 0, 'person-uuid-208');
INSERT INTO person_name (person_id,given_name,family_name,creator,date_created,voided,uuid) VALUES (208, 'John208', 'Doe208', 1, now(), 0, 'name-uuid-208');
INSERT INTO person_address (person_id,address1,creator,date_created,voided,uuid) VALUES (208, '123 Ocean Dr 208', 1, now(), 0, 'address-uuid-208');
INSERT INTO person_attribute (person_attribute_type_id,person_id,value,voided,creator,date_created,uuid) VALUES (8, 208, '0000000208', 0, 1, now(), 'mobile-uuid-208'), (9, 208, '0000000208', 0, 1, now(), 'home-uuid-208');
INSERT INTO patient (patient_id,creator,date_created) VALUES (208, 1, now());
INSERT INTO patient_identifier (patient_id,identifier,identifier_type,location_id,creator,date_created,voided,uuid) VALUES (208, '208', 2, 1, 1, now(), 0, 'id-uuid-208');
INSERT INTO person (person_id,gender,birthdate,creator,date_created,voided,uuid) VALUES (209, 'F', '2005-05-05', 1, now(), 0, 'person-uuid-209');
INSERT INTO person_name (person_id,given_name,family_name,creator,date_created,voided,uuid) VALUES (209, 'John209', 'Doe209', 1, now(), 0, 'name-uuid-209');
INSERT INTO person_address (person_id,address1,creator,date_created,voided,uuid) VALUES (209, '123 Ocean Dr 209', 1, now(), 0, 'address-uuid-209');
INSERT INTO person_attribute (person_attribute_type_id,person_id,value,voided,creator,date_created,uuid) VALUES (8, 209, '0000000209', 0, 1, now(), 'mobile-uuid-209'), (9, 209, '0000000209', 0, 1, now(), 'home-uuid-209');
INSERT INTO patient (patient_id,creator,date_created) VALUES (209, 1, now());
INSERT INTO patient_identifier (patient_id,identifier,identifier_type,location_id,creator,date_created,voided,uuid) VALUES (209, '209', 2, 1, 1, now(), 0, 'id-uuid-209');
INSERT INTO person (person_id,gender,birthdate,creator,date_created,voided,uuid) VALUES (210, 'M', '2000-02-02', 1, now(), 0, 'person-uuid-210');
INSERT INTO person_name (person_id,given_name,family_name,creator,date_created,voided,uuid) VALUES (210, 'John210', 'Doe210', 1, now(), 0, 'name-uuid-210');
INSERT INTO person_address (person_id,address1,creator,date_created,voided,uuid) VALUES (210, '123 Ocean Dr 210', 1, now(), 0, 'address-uuid-210');
INSERT INTO person_attribute (person_attribute_type_id,person_id,value,voided,creator,date_created,uuid) VALUES (8, 210, '0000000210', 0, 1, now(), 'mobile-uuid-210'), (9, 210, '0000000210', 0, 1, now(), 'home-uuid-210');
INSERT INTO patient (patient_id,creator,date_created) VALUES (210, 1, now());
INSERT INTO patient_identifier (patient_id,identifier,identifier_type,location_id,creator,date_created,voided,uuid) VALUES (210, '210', 2, 1, 1, now(), 0, 'id-uuid-210');
INSERT INTO person (person_id,gender,birthdate,creator,date_created,voided,uuid) VALUES (211, 'F', '2005-05-05', 1, now(), 0, 'person-uuid-211');
INSERT INTO person_name (person_id,given_name,family_name,creator,date_created,voided,uuid) VALUES (211, 'John211', 'Doe211', 1, now(), 0, 'name-uuid-211');
INSERT INTO person_address (person_id,address1,creator,date_created,voided,uuid) VALUES (211, '123 Ocean Dr 211', 1, now(), 0, 'address-uuid-211');
INSERT INTO person_attribute (person_attribute_type_id,person_id,value,voided,creator,date_created,uuid) VALUES (8, 211, '0000000211', 0, 1, now(), 'mobile-uuid-211'), (9, 211, '0000000211', 0, 1, now(), 'home-uuid-211');
INSERT INTO patient (patient_id,creator,date_created) VALUES (211, 1, now());
INSERT INTO patient_identifier (patient_id,identifier,identifier_type,location_id,creator,date_created,voided,uuid) VALUES (211, '211', 2, 1, 1, now(), 0, 'id-uuid-211');
INSERT INTO person (person_id,gender,birthdate,creator,date_created,voided,uuid) VALUES (212, 'M', '2000-02-02', 1, now(), 0, 'person-uuid-212');
INSERT INTO person_name (person_id,given_name,family_name,creator,date_created,voided,uuid) VALUES (212, 'John212', 'Doe212', 1, now(), 0, 'name-uuid-212');
INSERT INTO person_address (person_id,address1,creator,date_created,voided,uuid) VALUES (212, '123 Ocean Dr 212', 1, now(), 0, 'address-uuid-212');
INSERT INTO person_attribute (person_attribute_type_id,person_id,value,voided,creator,date_created,uuid) VALUES (8, 212, '0000000212', 0, 1, now(), 'mobile-uuid-212'), (9, 212, '0000000212', 0, 1, now(), 'home-uuid-212');
INSERT INTO patient (patient_id,creator,date_created) VALUES (212, 1, now());
INSERT INTO patient_identifier (patient_id,identifier,identifier_type,location_id,creator,date_created,voided,uuid) VALUES (212, '212', 2, 1, 1, now(), 0, 'id-uuid-212');
INSERT INTO person (person_id,gender,birthdate,creator,date_created,voided,uuid) VALUES (213, 'F', '2005-05-05', 1, now(), 0, 'person-uuid-213');
INSERT INTO person_name (person_id,given_name,family_name,creator,date_created,voided,uuid) VALUES (213, 'John213', 'Doe213', 1, now(), 0, 'name-uuid-213');
INSERT INTO person_address (person_id,address1,creator,date_created,voided,uuid) VALUES (213, '123 Ocean Dr 213', 1, now(), 0, 'address-uuid-213');
INSERT INTO person_attribute (person_attribute_type_id,person_id,value,voided,creator,date_created,uuid) VALUES (8, 213, '0000000213', 0, 1, now(), 'mobile-uuid-213'), (9, 213, '0000000213', 0, 1, now(), 'home-uuid-213');
INSERT INTO patient (patient_id,creator,date_created) VALUES (213, 1, now());
INSERT INTO patient_identifier (patient_id,identifier,identifier_type,location_id,creator,date_created,voided,uuid) VALUES (213, '213', 2, 1, 1, now(), 0, 'id-uuid-213');
INSERT INTO person (person_id,gender,birthdate,creator,date_created,voided,uuid) VALUES (214, 'M', '2000-02-02', 1, now(), 0, 'person-uuid-214');
INSERT INTO person_name (person_id,given_name,family_name,creator,date_created,voided,uuid) VALUES (214, 'John214', 'Doe214', 1, now(), 0, 'name-uuid-214');
INSERT INTO person_address (person_id,address1,creator,date_created,voided,uuid) VALUES (214, '123 Ocean Dr 214', 1, now(), 0, 'address-uuid-214');
INSERT INTO person_attribute (person_attribute_type_id,person_id,value,voided,creator,date_created,uuid) VALUES (8, 214, '0000000214', 0, 1, now(), 'mobile-uuid-214'), (9, 214, '0000000214', 0, 1, now(), 'home-uuid-214');
INSERT INTO patient (patient_id,creator,date_created) VALUES (214, 1, now());
INSERT INTO patient_identifier (patient_id,identifier,identifier_type,location_id,creator,date_created,voided,uuid) VALUES (214, '214', 2, 1, 1, now(), 0, 'id-uuid-214');
INSERT INTO person (person_id,gender,birthdate,creator,date_created,voided,uuid) VALUES (215, 'F', '2005-05-05', 1, now(), 0, 'person-uuid-215');
INSERT INTO person_name (person_id,given_name,family_name,creator,date_created,voided,uuid) VALUES (215, 'John215', 'Doe215', 1, now(), 0, 'name-uuid-215');
INSERT INTO person_address (person_id,address1,creator,date_created,voided,uuid) VALUES (215, '123 Ocean Dr 215', 1, now(), 0, 'address-uuid-215');
INSERT INTO person_attribute (person_attribute_type_id,person_id,value,voided,creator,date_created,uuid) VALUES (8, 215, '0000000215', 0, 1, now(), 'mobile-uuid-215'), (9, 215, '0000000215', 0, 1, now(), 'home-uuid-215');
INSERT INTO patient (patient_id,creator,date_created) VALUES (215, 1, now());
INSERT INTO patient_identifier (patient_id,identifier,identifier_type,location_id,creator,date_created,voided,uuid) VALUES (215, '215', 2, 1, 1, now(), 0, 'id-uuid-215');
INSERT INTO person (person_id,gender,birthdate,creator,date_created,voided,uuid) VALUES (216, 'M', '2000-02-02', 1, now(), 0, 'person-uuid-216');
INSERT INTO person_name (person_id,given_name,family_name,creator,date_created,voided,uuid) VALUES (216, 'John216', 'Doe216', 1, now(), 0, 'name-uuid-216');
INSERT INTO person_address (person_id,address1,creator,date_created,voided,uuid) VALUES (216, '123 Ocean Dr 216', 1, now(), 0, 'address-uuid-216');
INSERT INTO person_attribute (person_attribute_type_id,person_id,value,voided,creator,date_created,uuid) VALUES (8, 216, '0000000216', 0, 1, now(), 'mobile-uuid-216'), (9, 216, '0000000216', 0, 1, now(), 'home-uuid-216');
INSERT INTO patient (patient_id,creator,date_created) VALUES (216, 1, now());
INSERT INTO patient_identifier (patient_id,identifier,identifier_type,location_id,creator,date_created,voided,uuid) VALUES (216, '216', 2, 1, 1, now(), 0, 'id-uuid-216');
INSERT INTO person (person_id,gender,birthdate,creator,date_created,voided,uuid) VALUES (217, 'F', '2005-05-05', 1, now(), 0, 'person-uuid-217');
INSERT INTO person_name (person_id,given_name,family_name,creator,date_created,voided,uuid) VALUES (217, 'John217', 'Doe217', 1, now(), 0, 'name-uuid-217');
INSERT INTO person_address (person_id,address1,creator,date_created,voided,uuid) VALUES (217, '123 Ocean Dr 217', 1, now(), 0, 'address-uuid-217');
INSERT INTO person_attribute (person_attribute_type_id,person_id,value,voided,creator,date_created,uuid) VALUES (8, 217, '0000000217', 0, 1, now(), 'mobile-uuid-217'), (9, 217, '0000000217', 0, 1, now(), 'home-uuid-217');
INSERT INTO patient (patient_id,creator,date_created) VALUES (217, 1, now());
INSERT INTO patient_identifier (patient_id,identifier,identifier_type,location_id,creator,date_created,voided,uuid) VALUES (217, '217', 2, 1, 1, now(), 0, 'id-uuid-217');
INSERT INTO person (person_id,gender,birthdate,creator,date_created,voided,uuid) VALUES (218, 'M', '2000-02-02', 1, now(), 0, 'person-uuid-218');
INSERT INTO person_name (person_id,given_name,family_name,creator,date_created,voided,uuid) VALUES (218, 'John218', 'Doe218', 1, now(), 0, 'name-uuid-218');
INSERT INTO person_address (person_id,address1,creator,date_created,voided,uuid) VALUES (218, '123 Ocean Dr 218', 1, now(), 0, 'address-uuid-218');
INSERT INTO person_attribute (person_attribute_type_id,person_id,value,voided,creator,date_created,uuid) VALUES (8, 218, '0000000218', 0, 1, now(), 'mobile-uuid-218'), (9, 218, '0000000218', 0, 1, now(), 'home-uuid-218');
INSERT INTO patient (patient_id,creator,date_created) VALUES (218, 1, now());
INSERT INTO patient_identifier (patient_id,identifier,identifier_type,location_id,creator,date_created,voided,uuid) VALUES (218, '218', 2, 1, 1, now(), 0, 'id-uuid-218');
INSERT INTO person (person_id,gender,birthdate,creator,date_created,voided,uuid) VALUES (219, 'F', '2005-05-05', 1, now(), 0, 'person-uuid-219');
INSERT INTO person_name (person_id,given_name,family_name,creator,date_created,voided,uuid) VALUES (219, 'John219', 'Doe219', 1, now(), 0, 'name-uuid-219');
INSERT INTO person_address (person_id,address1,creator,date_created,voided,uuid) VALUES (219, '123 Ocean Dr 219', 1, now(), 0, 'address-uuid-219');
INSERT INTO person_attribute (person_attribute_type_id,person_id,value,voided,creator,date_created,uuid) VALUES (8, 219, '0000000219', 0, 1, now(), 'mobile-uuid-219'), (9, 219, '0000000219', 0, 1, now(), 'home-uuid-219');
INSERT INTO patient (patient_id,creator,date_created) VALUES (219, 1, now());
INSERT INTO patient_identifier (patient_id,identifier,identifier_type,location_id,creator,date_created,voided,uuid) VALUES (219, '219', 2, 1, 1, now(), 0, 'id-uuid-219');
INSERT INTO person (person_id,gender,birthdate,creator,date_created,voided,uuid) VALUES (220, 'M', '2000-02-02', 1, now(), 0, 'person-uuid-220');
INSERT INTO person_name (person_id,given_name,family_name,creator,date_created,voided,uuid) VALUES (220, 'John220', 'Doe220', 1, now(), 0, 'name-uuid-220');
INSERT INTO person_address (person_id,address1,creator,date_created,voided,uuid) VALUES (220, '123 Ocean Dr 220', 1, now(), 0, 'address-uuid-220');
INSERT INTO person_attribute (person_attribute_type_id,person_id,value,voided,creator,date_created,uuid) VALUES (8, 220, '0000000220', 0, 1, now(), 'mobile-uuid-220'), (9, 220, '0000000220', 0, 1, now(), 'home-uuid-220');
INSERT INTO patient (patient_id,creator,date_created) VALUES (220, 1, now());
INSERT INTO patient_identifier (patient_id,identifier,identifier_type,location_id,creator,date_created,voided,uuid) VALUES (220, '220', 2, 1, 1, now(), 0, 'id-uuid-220');
INSERT INTO person (person_id,gender,birthdate,creator,date_created,voided,uuid) VALUES (221, 'F', '2005-05-05', 1, now(), 0, 'person-uuid-221');
INSERT INTO person_name (person_id,given_name,family_name,creator,date_created,voided,uuid) VALUES (221, 'John221', 'Doe221', 1, now(), 0, 'name-uuid-221');
INSERT INTO person_address (person_id,address1,creator,date_created,voided,uuid) VALUES (221, '123 Ocean Dr 221', 1, now(), 0, 'address-uuid-221');
INSERT INTO person_attribute (person_attribute_type_id,person_id,value,voided,creator,date_created,uuid) VALUES (8, 221, '0000000221', 0, 1, now(), 'mobile-uuid-221'), (9, 221, '0000000221', 0, 1, now(), 'home-uuid-221');
INSERT INTO patient (patient_id,creator,date_created) VALUES (221, 1, now());
INSERT INTO patient_identifier (patient_id,identifier,identifier_type,location_id,creator,date_created,voided,uuid) VALUES (221, '221', 2, 1, 1, now(), 0, 'id-uuid-221');
INSERT INTO person (person_id,gender,birthdate,creator,date_created,voided,uuid) VALUES (222, 'M', '2000-02-02', 1, now(), 0, 'person-uuid-222');
INSERT INTO person_name (person_id,given_name,family_name,creator,date_created,voided,uuid) VALUES (222, 'John222', 'Doe222', 1, now(), 0, 'name-uuid-222');
INSERT INTO person_address (person_id,address1,creator,date_created,voided,uuid) VALUES (222, '123 Ocean Dr 222', 1, now(), 0, 'address-uuid-222');
INSERT INTO person_attribute (person_attribute_type_id,person_id,value,voided,creator,date_created,uuid) VALUES (8, 222, '0000000222', 0, 1, now(), 'mobile-uuid-222'), (9, 222, '0000000222', 0, 1, now(), 'home-uuid-222');
INSERT INTO patient (patient_id,creator,date_created) VALUES (222, 1, now());
INSERT INTO patient_identifier (patient_id,identifier,identifier_type,location_id,creator,date_created,voided,uuid) VALUES (222, '222', 2, 1, 1, now(), 0, 'id-uuid-222');
INSERT INTO person (person_id,gender,birthdate,creator,date_created,voided,uuid) VALUES (223, 'F', '2005-05-05', 1, now(), 0, 'person-uuid-223');
INSERT INTO person_name (person_id,given_name,family_name,creator,date_created,voided,uuid) VALUES (223, 'John223', 'Doe223', 1, now(), 0, 'name-uuid-223');
INSERT INTO person_address (person_id,address1,creator,date_created,voided,uuid) VALUES (223, '123 Ocean Dr 223', 1, now(), 0, 'address-uuid-223');
INSERT INTO person_attribute (person_attribute_type_id,person_id,value,voided,creator,date_created,uuid) VALUES (8, 223, '0000000223', 0, 1, now(), 'mobile-uuid-223'), (9, 223, '0000000223', 0, 1, now(), 'home-uuid-223');
INSERT INTO patient (patient_id,creator,date_created) VALUES (223, 1, now());
INSERT INTO patient_identifier (patient_id,identifier,identifier_type,location_id,creator,date_created,voided,uuid) VALUES (223, '223', 2, 1, 1, now(), 0, 'id-uuid-223');
INSERT INTO person (person_id,gender,birthdate,creator,date_created,voided,uuid) VALUES (224, 'M', '2000-02-02', 1, now(), 0, 'person-uuid-224');
INSERT INTO person_name (person_id,given_name,family_name,creator,date_created,voided,uuid) VALUES (224, 'John224', 'Doe224', 1, now(), 0, 'name-uuid-224');
INSERT INTO person_address (person_id,address1,creator,date_created,voided,uuid) VALUES (224, '123 Ocean Dr 224', 1, now(), 0, 'address-uuid-224');
INSERT INTO person_attribute (person_attribute_type_id,person_id,value,voided,creator,date_created,uuid) VALUES (8, 224, '0000000224', 0, 1, now(), 'mobile-uuid-224'), (9, 224, '0000000224', 0, 1, now(), 'home-uuid-224');
INSERT INTO patient (patient_id,creator,date_created) VALUES (224, 1, now());
INSERT INTO patient_identifier (patient_id,identifier,identifier_type,location_id,creator,date_created,voided,uuid) VALUES (224, '224', 2, 1, 1, now(), 0, 'id-uuid-224');
INSERT INTO person (person_id,gender,birthdate,creator,date_created,voided,uuid) VALUES (225, 'F', '2005-05-05', 1, now(), 0, 'person-uuid-225');
INSERT INTO person_name (person_id,given_name,family_name,creator,date_created,voided,uuid) VALUES (225, 'John225', 'Doe225', 1, now(), 0, 'name-uuid-225');
INSERT INTO person_address (person_id,address1,creator,date_created,voided,uuid) VALUES (225, '123 Ocean Dr 225', 1, now(), 0, 'address-uuid-225');
INSERT INTO person_attribute (person_attribute_type_id,person_id,value,voided,creator,date_created,uuid) VALUES (8, 225, '0000000225', 0, 1, now(), 'mobile-uuid-225'), (9, 225, '0000000225', 0, 1, now(), 'home-uuid-225');
INSERT INTO patient (patient_id,creator,date_created) VALUES (225, 1, now());
INSERT INTO patient_identifier (patient_id,identifier,identifier_type,location_id,creator,date_created,voided,uuid) VALUES (225, '225', 2, 1, 1, now(), 0, 'id-uuid-225');
INSERT INTO person (person_id,gender,birthdate,creator,date_created,voided,uuid) VALUES (226, 'M', '2000-02-02', 1, now(), 0, 'person-uuid-226');
INSERT INTO person_name (person_id,given_name,family_name,creator,date_created,voided,uuid) VALUES (226, 'John226', 'Doe226', 1, now(), 0, 'name-uuid-226');
INSERT INTO person_address (person_id,address1,creator,date_created,voided,uuid) VALUES (226, '123 Ocean Dr 226', 1, now(), 0, 'address-uuid-226');
INSERT INTO person_attribute (person_attribute_type_id,person_id,value,voided,creator,date_created,uuid) VALUES (8, 226, '0000000226', 0, 1, now(), 'mobile-uuid-226'), (9, 226, '0000000226', 0, 1, now(), 'home-uuid-226');
INSERT INTO patient (patient_id,creator,date_created) VALUES (226, 1, now());
INSERT INTO patient_identifier (patient_id,identifier,identifier_type,location_id,creator,date_created,voided,uuid) VALUES (226, '226', 2, 1, 1, now(), 0, 'id-uuid-226');
INSERT INTO person (person_id,gender,birthdate,creator,date_created,voided,uuid) VALUES (227, 'F', '2005-05-05', 1, now(), 0, 'person-uuid-227');
INSERT INTO person_name (person_id,given_name,family_name,creator,date_created,voided,uuid) VALUES (227, 'John227', 'Doe227', 1, now(), 0, 'name-uuid-227');
INSERT INTO person_address (person_id,address1,creator,date_created,voided,uuid) VALUES (227, '123 Ocean Dr 227', 1, now(), 0, 'address-uuid-227');
INSERT INTO person_attribute (person_attribute_type_id,person_id,value,voided,creator,date_created,uuid) VALUES (8, 227, '0000000227', 0, 1, now(), 'mobile-uuid-227'), (9, 227, '0000000227', 0, 1, now(), 'home-uuid-227');
INSERT INTO patient (patient_id,creator,date_created) VALUES (227, 1, now());
INSERT INTO patient_identifier (patient_id,identifier,identifier_type,location_id,creator,date_created,voided,uuid) VALUES (227, '227', 2, 1, 1, now(), 0, 'id-uuid-227');
INSERT INTO person (person_id,gender,birthdate,creator,date_created,voided,uuid) VALUES (228, 'M', '2000-02-02', 1, now(), 0, 'person-uuid-228');
INSERT INTO person_name (person_id,given_name,family_name,creator,date_created,voided,uuid) VALUES (228, 'John228', 'Doe228', 1, now(), 0, 'name-uuid-228');
INSERT INTO person_address (person_id,address1,creator,date_created,voided,uuid) VALUES (228, '123 Ocean Dr 228', 1, now(), 0, 'address-uuid-228');
INSERT INTO person_attribute (person_attribute_type_id,person_id,value,voided,creator,date_created,uuid) VALUES (8, 228, '0000000228', 0, 1, now(), 'mobile-uuid-228'), (9, 228, '0000000228', 0, 1, now(), 'home-uuid-228');
INSERT INTO patient (patient_id,creator,date_created) VALUES (228, 1, now());
INSERT INTO patient_identifier (patient_id,identifier,identifier_type,location_id,creator,date_created,voided,uuid) VALUES (228, '228', 2, 1, 1, now(), 0, 'id-uuid-228');
INSERT INTO person (person_id,gender,birthdate,creator,date_created,voided,uuid) VALUES (229, 'F', '2005-05-05', 1, now(), 0, 'person-uuid-229');
INSERT INTO person_name (person_id,given_name,family_name,creator,date_created,voided,uuid) VALUES (229, 'John229', 'Doe229', 1, now(), 0, 'name-uuid-229');
INSERT INTO person_address (person_id,address1,creator,date_created,voided,uuid) VALUES (229, '123 Ocean Dr 229', 1, now(), 0, 'address-uuid-229');
INSERT INTO person_attribute (person_attribute_type_id,person_id,value,voided,creator,date_created,uuid) VALUES (8, 229, '0000000229', 0, 1, now(), 'mobile-uuid-229'), (9, 229, '0000000229', 0, 1, now(), 'home-uuid-229');
INSERT INTO patient (patient_id,creator,date_created) VALUES (229, 1, now());
INSERT INTO patient_identifier (patient_id,identifier,identifier_type,location_id,creator,date_created,voided,uuid) VALUES (229, '229', 2, 1, 1, now(), 0, 'id-uuid-229');
INSERT INTO person (person_id,gender,birthdate,creator,date_created,voided,uuid) VALUES (230, 'M', '2000-02-02', 1, now(), 0, 'person-uuid-230');
INSERT INTO person_name (person_id,given_name,family_name,creator,date_created,voided,uuid) VALUES (230, 'John230', 'Doe230', 1, now(), 0, 'name-uuid-230');
INSERT INTO person_address (person_id,address1,creator,date_created,voided,uuid) VALUES (230, '123 Ocean Dr 230', 1, now(), 0, 'address-uuid-230');
INSERT INTO person_attribute (person_attribute_type_id,person_id,value,voided,creator,date_created,uuid) VALUES (8, 230, '0000000230', 0, 1, now(), 'mobile-uuid-230'), (9, 230, '0000000230', 0, 1, now(), 'home-uuid-230');
INSERT INTO patient (patient_id,creator,date_created) VALUES (230, 1, now());
INSERT INTO patient_identifier (patient_id,identifier,identifier_type,location_id,creator,date_created,voided,uuid) VALUES (230, '230', 2, 1, 1, now(), 0, 'id-uuid-230');
INSERT INTO person (person_id,gender,birthdate,creator,date_created,voided,uuid) VALUES (231, 'F', '2005-05-05', 1, now(), 0, 'person-uuid-231');
INSERT INTO person_name (person_id,given_name,family_name,creator,date_created,voided,uuid) VALUES (231, 'John231', 'Doe231', 1, now(), 0, 'name-uuid-231');
INSERT INTO person_address (person_id,address1,creator,date_created,voided,uuid) VALUES (231, '123 Ocean Dr 231', 1, now(), 0, 'address-uuid-231');
INSERT INTO person_attribute (person_attribute_type_id,person_id,value,voided,creator,date_created,uuid) VALUES (8, 231, '0000000231', 0, 1, now(), 'mobile-uuid-231'), (9, 231, '0000000231', 0, 1, now(), 'home-uuid-231');
INSERT INTO patient (patient_id,creator,date_created) VALUES (231, 1, now());
INSERT INTO patient_identifier (patient_id,identifier,identifier_type,location_id,creator,date_created,voided,uuid) VALUES (231, '231', 2, 1, 1, now(), 0, 'id-uuid-231');
INSERT INTO person (person_id,gender,birthdate,creator,date_created,voided,uuid) VALUES (232, 'M', '2000-02-02', 1, now(), 0, 'person-uuid-232');
INSERT INTO person_name (person_id,given_name,family_name,creator,date_created,voided,uuid) VALUES (232, 'John232', 'Doe232', 1, now(), 0, 'name-uuid-232');
INSERT INTO person_address (person_id,address1,creator,date_created,voided,uuid) VALUES (232, '123 Ocean Dr 232', 1, now(), 0, 'address-uuid-232');
INSERT INTO person_attribute (person_attribute_type_id,person_id,value,voided,creator,date_created,uuid) VALUES (8, 232, '0000000232', 0, 1, now(), 'mobile-uuid-232'), (9, 232, '0000000232', 0, 1, now(), 'home-uuid-232');
INSERT INTO patient (patient_id,creator,date_created) VALUES (232, 1, now());
INSERT INTO patient_identifier (patient_id,identifier,identifier_type,location_id,creator,date_created,voided,uuid) VALUES (232, '232', 2, 1, 1, now(), 0, 'id-uuid-232');
INSERT INTO person (person_id,gender,birthdate,creator,date_created,voided,uuid) VALUES (233, 'F', '2005-05-05', 1, now(), 0, 'person-uuid-233');
INSERT INTO person_name (person_id,given_name,family_name,creator,date_created,voided,uuid) VALUES (233, 'John233', 'Doe233', 1, now(), 0, 'name-uuid-233');
INSERT INTO person_address (person_id,address1,creator,date_created,voided,uuid) VALUES (233, '123 Ocean Dr 233', 1, now(), 0, 'address-uuid-233');
INSERT INTO person_attribute (person_attribute_type_id,person_id,value,voided,creator,date_created,uuid) VALUES (8, 233, '0000000233', 0, 1, now(), 'mobile-uuid-233'), (9, 233, '0000000233', 0, 1, now(), 'home-uuid-233');
INSERT INTO patient (patient_id,creator,date_created) VALUES (233, 1, now());
INSERT INTO patient_identifier (patient_id,identifier,identifier_type,location_id,creator,date_created,voided,uuid) VALUES (233, '233', 2, 1, 1, now(), 0, 'id-uuid-233');
INSERT INTO person (person_id,gender,birthdate,creator,date_created,voided,uuid) VALUES (234, 'M', '2000-02-02', 1, now(), 0, 'person-uuid-234');
INSERT INTO person_name (person_id,given_name,family_name,creator,date_created,voided,uuid) VALUES (234, 'John234', 'Doe234', 1, now(), 0, 'name-uuid-234');
INSERT INTO person_address (person_id,address1,creator,date_created,voided,uuid) VALUES (234, '123 Ocean Dr 234', 1, now(), 0, 'address-uuid-234');
INSERT INTO person_attribute (person_attribute_type_id,person_id,value,voided,creator,date_created,uuid) VALUES (8, 234, '0000000234', 0, 1, now(), 'mobile-uuid-234'), (9, 234, '0000000234', 0, 1, now(), 'home-uuid-234');
INSERT INTO patient (patient_id,creator,date_created) VALUES (234, 1, now());
INSERT INTO patient_identifier (patient_id,identifier,identifier_type,location_id,creator,date_created,voided,uuid) VALUES (234, '234', 2, 1, 1, now(), 0, 'id-uuid-234');
INSERT INTO person (person_id,gender,birthdate,creator,date_created,voided,uuid) VALUES (235, 'F', '2005-05-05', 1, now(), 0, 'person-uuid-235');
INSERT INTO person_name (person_id,given_name,family_name,creator,date_created,voided,uuid) VALUES (235, 'John235', 'Doe235', 1, now(), 0, 'name-uuid-235');
INSERT INTO person_address (person_id,address1,creator,date_created,voided,uuid) VALUES (235, '123 Ocean Dr 235', 1, now(), 0, 'address-uuid-235');
INSERT INTO person_attribute (person_attribute_type_id,person_id,value,voided,creator,date_created,uuid) VALUES (8, 235, '0000000235', 0, 1, now(), 'mobile-uuid-235'), (9, 235, '0000000235', 0, 1, now(), 'home-uuid-235');
INSERT INTO patient (patient_id,creator,date_created) VALUES (235, 1, now());
INSERT INTO patient_identifier (patient_id,identifier,identifier_type,location_id,creator,date_created,voided,uuid) VALUES (235, '235', 2, 1, 1, now(), 0, 'id-uuid-235');
INSERT INTO person (person_id,gender,birthdate,creator,date_created,voided,uuid) VALUES (236, 'M', '2000-02-02', 1, now(), 0, 'person-uuid-236');
INSERT INTO person_name (person_id,given_name,family_name,creator,date_created,voided,uuid) VALUES (236, 'John236', 'Doe236', 1, now(), 0, 'name-uuid-236');
INSERT INTO person_address (person_id,address1,creator,date_created,voided,uuid) VALUES (236, '123 Ocean Dr 236', 1, now(), 0, 'address-uuid-236');
INSERT INTO person_attribute (person_attribute_type_id,person_id,value,voided,creator,date_created,uuid) VALUES (8, 236, '0000000236', 0, 1, now(), 'mobile-uuid-236'), (9, 236, '0000000236', 0, 1, now(), 'home-uuid-236');
INSERT INTO patient (patient_id,creator,date_created) VALUES (236, 1, now());
INSERT INTO patient_identifier (patient_id,identifier,identifier_type,location_id,creator,date_created,voided,uuid) VALUES (236, '236', 2, 1, 1, now(), 0, 'id-uuid-236');
INSERT INTO person (person_id,gender,birthdate,creator,date_created,voided,uuid) VALUES (237, 'F', '2005-05-05', 1, now(), 0, 'person-uuid-237');
INSERT INTO person_name (person_id,given_name,family_name,creator,date_created,voided,uuid) VALUES (237, 'John237', 'Doe237', 1, now(), 0, 'name-uuid-237');
INSERT INTO person_address (person_id,address1,creator,date_created,voided,uuid) VALUES (237, '123 Ocean Dr 237', 1, now(), 0, 'address-uuid-237');
INSERT INTO person_attribute (person_attribute_type_id,person_id,value,voided,creator,date_created,uuid) VALUES (8, 237, '0000000237', 0, 1, now(), 'mobile-uuid-237'), (9, 237, '0000000237', 0, 1, now(), 'home-uuid-237');
INSERT INTO patient (patient_id,creator,date_created) VALUES (237, 1, now());
INSERT INTO patient_identifier (patient_id,identifier,identifier_type,location_id,creator,date_created,voided,uuid) VALUES (237, '237', 2, 1, 1, now(), 0, 'id-uuid-237');
INSERT INTO person (person_id,gender,birthdate,creator,date_created,voided,uuid) VALUES (238, 'M', '2000-02-02', 1, now(), 0, 'person-uuid-238');
INSERT INTO person_name (person_id,given_name,family_name,creator,date_created,voided,uuid) VALUES (238, 'John238', 'Doe238', 1, now(), 0, 'name-uuid-238');
INSERT INTO person_address (person_id,address1,creator,date_created,voided,uuid) VALUES (238, '123 Ocean Dr 238', 1, now(), 0, 'address-uuid-238');
INSERT INTO person_attribute (person_attribute_type_id,person_id,value,voided,creator,date_created,uuid) VALUES (8, 238, '0000000238', 0, 1, now(), 'mobile-uuid-238'), (9, 238, '0000000238', 0, 1, now(), 'home-uuid-238');
INSERT INTO patient (patient_id,creator,date_created) VALUES (238, 1, now());
INSERT INTO patient_identifier (patient_id,identifier,identifier_type,location_id,creator,date_created,voided,uuid) VALUES (238, '238', 2, 1, 1, now(), 0, 'id-uuid-238');
INSERT INTO person (person_id,gender,birthdate,creator,date_created,voided,uuid) VALUES (239, 'F', '2005-05-05', 1, now(), 0, 'person-uuid-239');
INSERT INTO person_name (person_id,given_name,family_name,creator,date_created,voided,uuid) VALUES (239, 'John239', 'Doe239', 1, now(), 0, 'name-uuid-239');
INSERT INTO person_address (person_id,address1,creator,date_created,voided,uuid) VALUES (239, '123 Ocean Dr 239', 1, now(), 0, 'address-uuid-239');
INSERT INTO person_attribute (person_attribute_type_id,person_id,value,voided,creator,date_created,uuid) VALUES (8, 239, '0000000239', 0, 1, now(), 'mobile-uuid-239'), (9, 239, '0000000239', 0, 1, now(), 'home-uuid-239');
INSERT INTO patient (patient_id,creator,date_created) VALUES (239, 1, now());
INSERT INTO patient_identifier (patient_id,identifier,identifier_type,location_id,creator,date_created,voided,uuid) VALUES (239, '239', 2, 1, 1, now(), 0, 'id-uuid-239');
INSERT INTO person (person_id,gender,birthdate,creator,date_created,voided,uuid) VALUES (240, 'M', '2000-02-02', 1, now(), 0, 'person-uuid-240');
INSERT INTO person_name (person_id,given_name,family_name,creator,date_created,voided,uuid) VALUES (240, 'John240', 'Doe240', 1, now(), 0, 'name-uuid-240');
INSERT INTO person_address (person_id,address1,creator,date_created,voided,uuid) VALUES (240, '123 Ocean Dr 240', 1, now(), 0, 'address-uuid-240');
INSERT INTO person_attribute (person_attribute_type_id,person_id,value,voided,creator,date_created,uuid) VALUES (8, 240, '0000000240', 0, 1, now(), 'mobile-uuid-240'), (9, 240, '0000000240', 0, 1, now(), 'home-uuid-240');
INSERT INTO patient (patient_id,creator,date_created) VALUES (240, 1, now());
INSERT INTO patient_identifier (patient_id,identifier,identifier_type,location_id,creator,date_created,voided,uuid) VALUES (240, '240', 2, 1, 1, now(), 0, 'id-uuid-240');
INSERT INTO person (person_id,gender,birthdate,creator,date_created,voided,uuid) VALUES (241, 'F', '2005-05-05', 1, now(), 0, 'person-uuid-241');
INSERT INTO person_name (person_id,given_name,family_name,creator,date_created,voided,uuid) VALUES (241, 'John241', 'Doe241', 1, now(), 0, 'name-uuid-241');
INSERT INTO person_address (person_id,address1,creator,date_created,voided,uuid) VALUES (241, '123 Ocean Dr 241', 1, now(), 0, 'address-uuid-241');
INSERT INTO person_attribute (person_attribute_type_id,person_id,value,voided,creator,date_created,uuid) VALUES (8, 241, '0000000241', 0, 1, now(), 'mobile-uuid-241'), (9, 241, '0000000241', 0, 1, now(), 'home-uuid-241');
INSERT INTO patient (patient_id,creator,date_created) VALUES (241, 1, now());
INSERT INTO patient_identifier (patient_id,identifier,identifier_type,location_id,creator,date_created,voided,uuid) VALUES (241, '241', 2, 1, 1, now(), 0, 'id-uuid-241');
INSERT INTO person (person_id,gender,birthdate,creator,date_created,voided,uuid) VALUES (242, 'M', '2000-02-02', 1, now(), 0, 'person-uuid-242');
INSERT INTO person_name (person_id,given_name,family_name,creator,date_created,voided,uuid) VALUES (242, 'John242', 'Doe242', 1, now(), 0, 'name-uuid-242');
INSERT INTO person_address (person_id,address1,creator,date_created,voided,uuid) VALUES (242, '123 Ocean Dr 242', 1, now(), 0, 'address-uuid-242');
INSERT INTO person_attribute (person_attribute_type_id,person_id,value,voided,creator,date_created,uuid) VALUES (8, 242, '0000000242', 0, 1, now(), 'mobile-uuid-242'), (9, 242, '0000000242', 0, 1, now(), 'home-uuid-242');
INSERT INTO patient (patient_id,creator,date_created) VALUES (242, 1, now());
INSERT INTO patient_identifier (patient_id,identifier,identifier_type,location_id,creator,date_created,voided,uuid) VALUES (242, '242', 2, 1, 1, now(), 0, 'id-uuid-242');
INSERT INTO person (person_id,gender,birthdate,creator,date_created,voided,uuid) VALUES (243, 'F', '2005-05-05', 1, now(), 0, 'person-uuid-243');
INSERT INTO person_name (person_id,given_name,family_name,creator,date_created,voided,uuid) VALUES (243, 'John243', 'Doe243', 1, now(), 0, 'name-uuid-243');
INSERT INTO person_address (person_id,address1,creator,date_created,voided,uuid) VALUES (243, '123 Ocean Dr 243', 1, now(), 0, 'address-uuid-243');
INSERT INTO person_attribute (person_attribute_type_id,person_id,value,voided,creator,date_created,uuid) VALUES (8, 243, '0000000243', 0, 1, now(), 'mobile-uuid-243'), (9, 243, '0000000243', 0, 1, now(), 'home-uuid-243');
INSERT INTO patient (patient_id,creator,date_created) VALUES (243, 1, now());
INSERT INTO patient_identifier (patient_id,identifier,identifier_type,location_id,creator,date_created,voided,uuid) VALUES (243, '243', 2, 1, 1, now(), 0, 'id-uuid-243');
INSERT INTO person (person_id,gender,birthdate,creator,date_created,voided,uuid) VALUES (244, 'M', '2000-02-02', 1, now(), 0, 'person-uuid-244');
INSERT INTO person_name (person_id,given_name,family_name,creator,date_created,voided,uuid) VALUES (244, 'John244', 'Doe244', 1, now(), 0, 'name-uuid-244');
INSERT INTO person_address (person_id,address1,creator,date_created,voided,uuid) VALUES (244, '123 Ocean Dr 244', 1, now(), 0, 'address-uuid-244');
INSERT INTO person_attribute (person_attribute_type_id,person_id,value,voided,creator,date_created,uuid) VALUES (8, 244, '0000000244', 0, 1, now(), 'mobile-uuid-244'), (9, 244, '0000000244', 0, 1, now(), 'home-uuid-244');
INSERT INTO patient (patient_id,creator,date_created) VALUES (244, 1, now());
INSERT INTO patient_identifier (patient_id,identifier,identifier_type,location_id,creator,date_created,voided,uuid) VALUES (244, '244', 2, 1, 1, now(), 0, 'id-uuid-244');
INSERT INTO person (person_id,gender,birthdate,creator,date_created,voided,uuid) VALUES (245, 'F', '2005-05-05', 1, now(), 0, 'person-uuid-245');
INSERT INTO person_name (person_id,given_name,family_name,creator,date_created,voided,uuid) VALUES (245, 'John245', 'Doe245', 1, now(), 0, 'name-uuid-245');
INSERT INTO person_address (person_id,address1,creator,date_created,voided,uuid) VALUES (245, '123 Ocean Dr 245', 1, now(), 0, 'address-uuid-245');
INSERT INTO person_attribute (person_attribute_type_id,person_id,value,voided,creator,date_created,uuid) VALUES (8, 245, '0000000245', 0, 1, now(), 'mobile-uuid-245'), (9, 245, '0000000245', 0, 1, now(), 'home-uuid-245');
INSERT INTO patient (patient_id,creator,date_created) VALUES (245, 1, now());
INSERT INTO patient_identifier (patient_id,identifier,identifier_type,location_id,creator,date_created,voided,uuid) VALUES (245, '245', 2, 1, 1, now(), 0, 'id-uuid-245');
INSERT INTO person (person_id,gender,birthdate,creator,date_created,voided,uuid) VALUES (246, 'M', '2000-02-02', 1, now(), 0, 'person-uuid-246');
INSERT INTO person_name (person_id,given_name,family_name,creator,date_created,voided,uuid) VALUES (246, 'John246', 'Doe246', 1, now(), 0, 'name-uuid-246');
INSERT INTO person_address (person_id,address1,creator,date_created,voided,uuid) VALUES (246, '123 Ocean Dr 246', 1, now(), 0, 'address-uuid-246');
INSERT INTO person_attribute (person_attribute_type_id,person_id,value,voided,creator,date_created,uuid) VALUES (8, 246, '0000000246', 0, 1, now(), 'mobile-uuid-246'), (9, 246, '0000000246', 0, 1, now(), 'home-uuid-246');
INSERT INTO patient (patient_id,creator,date_created) VALUES (246, 1, now());
INSERT INTO patient_identifier (patient_id,identifier,identifier_type,location_id,creator,date_created,voided,uuid) VALUES (246, '246', 2, 1, 1, now(), 0, 'id-uuid-246');
INSERT INTO person (person_id,gender,birthdate,creator,date_created,voided,uuid) VALUES (247, 'F', '2005-05-05', 1, now(), 0, 'person-uuid-247');
INSERT INTO person_name (person_id,given_name,family_name,creator,date_created,voided,uuid) VALUES (247, 'John247', 'Doe247', 1, now(), 0, 'name-uuid-247');
INSERT INTO person_address (person_id,address1,creator,date_created,voided,uuid) VALUES (247, '123 Ocean Dr 247', 1, now(), 0, 'address-uuid-247');
INSERT INTO person_attribute (person_attribute_type_id,person_id,value,voided,creator,date_created,uuid) VALUES (8, 247, '0000000247', 0, 1, now(), 'mobile-uuid-247'), (9, 247, '0000000247', 0, 1, now(), 'home-uuid-247');
INSERT INTO patient (patient_id,creator,date_created) VALUES (247, 1, now());
INSERT INTO patient_identifier (patient_id,identifier,identifier_type,location_id,creator,date_created,voided,uuid) VALUES (247, '247', 2, 1, 1, now(), 0, 'id-uuid-247');
INSERT INTO person (person_id,gender,birthdate,creator,date_created,voided,uuid) VALUES (248, 'M', '2000-02-02', 1, now(), 0, 'person-uuid-248');
INSERT INTO person_name (person_id,given_name,family_name,creator,date_created,voided,uuid) VALUES (248, 'John248', 'Doe248', 1, now(), 0, 'name-uuid-248');
INSERT INTO person_address (person_id,address1,creator,date_created,voided,uuid) VALUES (248, '123 Ocean Dr 248', 1, now(), 0, 'address-uuid-248');
INSERT INTO person_attribute (person_attribute_type_id,person_id,value,voided,creator,date_created,uuid) VALUES (8, 248, '0000000248', 0, 1, now(), 'mobile-uuid-248'), (9, 248, '0000000248', 0, 1, now(), 'home-uuid-248');
INSERT INTO patient (patient_id,creator,date_created) VALUES (248, 1, now());
INSERT INTO patient_identifier (patient_id,identifier,identifier_type,location_id,creator,date_created,voided,uuid) VALUES (248, '248', 2, 1, 1, now(), 0, 'id-uuid-248');
INSERT INTO person (person_id,gender,birthdate,creator,date_created,voided,uuid) VALUES (249, 'F', '2005-05-05', 1, now(), 0, 'person-uuid-249');
INSERT INTO person_name (person_id,given_name,family_name,creator,date_created,voided,uuid) VALUES (249, 'John249', 'Doe249', 1, now(), 0, 'name-uuid-249');
INSERT INTO person_address (person_id,address1,creator,date_created,voided,uuid) VALUES (249, '123 Ocean Dr 249', 1, now(), 0, 'address-uuid-249');
INSERT INTO person_attribute (person_attribute_type_id,person_id,value,voided,creator,date_created,uuid) VALUES (8, 249, '0000000249', 0, 1, now(), 'mobile-uuid-249'), (9, 249, '0000000249', 0, 1, now(), 'home-uuid-249');
INSERT INTO patient (patient_id,creator,date_created) VALUES (249, 1, now());
INSERT INTO patient_identifier (patient_id,identifier,identifier_type,location_id,creator,date_created,voided,uuid) VALUES (249, '249', 2, 1, 1, now(), 0, 'id-uuid-249');
INSERT INTO person (person_id,gender,birthdate,creator,date_created,voided,uuid) VALUES (250, 'M', '2000-02-02', 1, now(), 0, 'person-uuid-250');
INSERT INTO person_name (person_id,given_name,family_name,creator,date_created,voided,uuid) VALUES (250, 'John250', 'Doe250', 1, now(), 0, 'name-uuid-250');
INSERT INTO person_address (person_id,address1,creator,date_created,voided,uuid) VALUES (250, '123 Ocean Dr 250', 1, now(), 0, 'address-uuid-250');
INSERT INTO person_attribute (person_attribute_type_id,person_id,value,voided,creator,date_created,uuid) VALUES (8, 250, '0000000250', 0, 1, now(), 'mobile-uuid-250'), (9, 250, '0000000250', 0, 1, now(), 'home-uuid-250');
INSERT INTO patient (patient_id,creator,date_created) VALUES (250, 1, now());
INSERT INTO patient_identifier (patient_id,identifier,identifier_type,location_id,creator,date_created,voided,uuid) VALUES (250, '250', 2, 1, 1, now(), 0, 'id-uuid-250');
INSERT INTO person (person_id,gender,birthdate,creator,date_created,voided,uuid) VALUES (251, 'F', '2005-05-05', 1, now(), 0, 'person-uuid-251');
INSERT INTO person_name (person_id,given_name,family_name,creator,date_created,voided,uuid) VALUES (251, 'John251', 'Doe251', 1, now(), 0, 'name-uuid-251');
INSERT INTO person_address (person_id,address1,creator,date_created,voided,uuid) VALUES (251, '123 Ocean Dr 251', 1, now(), 0, 'address-uuid-251');
INSERT INTO person_attribute (person_attribute_type_id,person_id,value,voided,creator,date_created,uuid) VALUES (8, 251, '0000000251', 0, 1, now(), 'mobile-uuid-251'), (9, 251, '0000000251', 0, 1, now(), 'home-uuid-251');
INSERT INTO patient (patient_id,creator,date_created) VALUES (251, 1, now());
INSERT INTO patient_identifier (patient_id,identifier,identifier_type,location_id,creator,date_created,voided,uuid) VALUES (251, '251', 2, 1, 1, now(), 0, 'id-uuid-251');
INSERT INTO person (person_id,gender,birthdate,creator,date_created,voided,uuid) VALUES (252, 'M', '2000-02-02', 1, now(), 0, 'person-uuid-252');
INSERT INTO person_name (person_id,given_name,family_name,creator,date_created,voided,uuid) VALUES (252, 'John252', 'Doe252', 1, now(), 0, 'name-uuid-252');
INSERT INTO person_address (person_id,address1,creator,date_created,voided,uuid) VALUES (252, '123 Ocean Dr 252', 1, now(), 0, 'address-uuid-252');
INSERT INTO person_attribute (person_attribute_type_id,person_id,value,voided,creator,date_created,uuid) VALUES (8, 252, '0000000252', 0, 1, now(), 'mobile-uuid-252'), (9, 252, '0000000252', 0, 1, now(), 'home-uuid-252');
INSERT INTO patient (patient_id,creator,date_created) VALUES (252, 1, now());
INSERT INTO patient_identifier (patient_id,identifier,identifier_type,location_id,creator,date_created,voided,uuid) VALUES (252, '252', 2, 1, 1, now(), 0, 'id-uuid-252');
INSERT INTO person (person_id,gender,birthdate,creator,date_created,voided,uuid) VALUES (253, 'F', '2005-05-05', 1, now(), 0, 'person-uuid-253');
INSERT INTO person_name (person_id,given_name,family_name,creator,date_created,voided,uuid) VALUES (253, 'John253', 'Doe253', 1, now(), 0, 'name-uuid-253');
INSERT INTO person_address (person_id,address1,creator,date_created,voided,uuid) VALUES (253, '123 Ocean Dr 253', 1, now(), 0, 'address-uuid-253');
INSERT INTO person_attribute (person_attribute_type_id,person_id,value,voided,creator,date_created,uuid) VALUES (8, 253, '0000000253', 0, 1, now(), 'mobile-uuid-253'), (9, 253, '0000000253', 0, 1, now(), 'home-uuid-253');
INSERT INTO patient (patient_id,creator,date_created) VALUES (253, 1, now());
INSERT INTO patient_identifier (patient_id,identifier,identifier_type,location_id,creator,date_created,voided,uuid) VALUES (253, '253', 2, 1, 1, now(), 0, 'id-uuid-253');
INSERT INTO person (person_id,gender,birthdate,creator,date_created,voided,uuid) VALUES (254, 'M', '2000-02-02', 1, now(), 0, 'person-uuid-254');
INSERT INTO person_name (person_id,given_name,family_name,creator,date_created,voided,uuid) VALUES (254, 'John254', 'Doe254', 1, now(), 0, 'name-uuid-254');
INSERT INTO person_address (person_id,address1,creator,date_created,voided,uuid) VALUES (254, '123 Ocean Dr 254', 1, now(), 0, 'address-uuid-254');
INSERT INTO person_attribute (person_attribute_type_id,person_id,value,voided,creator,date_created,uuid) VALUES (8, 254, '0000000254', 0, 1, now(), 'mobile-uuid-254'), (9, 254, '0000000254', 0, 1, now(), 'home-uuid-254');
INSERT INTO patient (patient_id,creator,date_created) VALUES (254, 1, now());
INSERT INTO patient_identifier (patient_id,identifier,identifier_type,location_id,creator,date_created,voided,uuid) VALUES (254, '254', 2, 1, 1, now(), 0, 'id-uuid-254');
INSERT INTO person (person_id,gender,birthdate,creator,date_created,voided,uuid) VALUES (255, 'F', '2005-05-05', 1, now(), 0, 'person-uuid-255');
INSERT INTO person_name (person_id,given_name,family_name,creator,date_created,voided,uuid) VALUES (255, 'John255', 'Doe255', 1, now(), 0, 'name-uuid-255');
INSERT INTO person_address (person_id,address1,creator,date_created,voided,uuid) VALUES (255, '123 Ocean Dr 255', 1, now(), 0, 'address-uuid-255');
INSERT INTO person_attribute (person_attribute_type_id,person_id,value,voided,creator,date_created,uuid) VALUES (8, 255, '0000000255', 0, 1, now(), 'mobile-uuid-255'), (9, 255, '0000000255', 0, 1, now(), 'home-uuid-255');
INSERT INTO patient (patient_id,creator,date_created) VALUES (255, 1, now());
INSERT INTO patient_identifier (patient_id,identifier,identifier_type,location_id,creator,date_created,voided,uuid) VALUES (255, '255', 2, 1, 1, now(), 0, 'id-uuid-255');
INSERT INTO person (person_id,gender,birthdate,creator,date_created,voided,uuid) VALUES (256, 'M', '2000-02-02', 1, now(), 0, 'person-uuid-256');
INSERT INTO person_name (person_id,given_name,family_name,creator,date_created,voided,uuid) VALUES (256, 'John256', 'Doe256', 1, now(), 0, 'name-uuid-256');
INSERT INTO person_address (person_id,address1,creator,date_created,voided,uuid) VALUES (256, '123 Ocean Dr 256', 1, now(), 0, 'address-uuid-256');
INSERT INTO person_attribute (person_attribute_type_id,person_id,value,voided,creator,date_created,uuid) VALUES (8, 256, '0000000256', 0, 1, now(), 'mobile-uuid-256'), (9, 256, '0000000256', 0, 1, now(), 'home-uuid-256');
INSERT INTO patient (patient_id,creator,date_created) VALUES (256, 1, now());
INSERT INTO patient_identifier (patient_id,identifier,identifier_type,location_id,creator,date_created,voided,uuid) VALUES (256, '256', 2, 1, 1, now(), 0, 'id-uuid-256');
INSERT INTO person (person_id,gender,birthdate,creator,date_created,voided,uuid) VALUES (257, 'F', '2005-05-05', 1, now(), 0, 'person-uuid-257');
INSERT INTO person_name (person_id,given_name,family_name,creator,date_created,voided,uuid) VALUES (257, 'John257', 'Doe257', 1, now(), 0, 'name-uuid-257');
INSERT INTO person_address (person_id,address1,creator,date_created,voided,uuid) VALUES (257, '123 Ocean Dr 257', 1, now(), 0, 'address-uuid-257');
INSERT INTO person_attribute (person_attribute_type_id,person_id,value,voided,creator,date_created,uuid) VALUES (8, 257, '0000000257', 0, 1, now(), 'mobile-uuid-257'), (9, 257, '0000000257', 0, 1, now(), 'home-uuid-257');
INSERT INTO patient (patient_id,creator,date_created) VALUES (257, 1, now());
INSERT INTO patient_identifier (patient_id,identifier,identifier_type,location_id,creator,date_created,voided,uuid) VALUES (257, '257', 2, 1, 1, now(), 0, 'id-uuid-257');
INSERT INTO person (person_id,gender,birthdate,creator,date_created,voided,uuid) VALUES (258, 'M', '2000-02-02', 1, now(), 0, 'person-uuid-258');
INSERT INTO person_name (person_id,given_name,family_name,creator,date_created,voided,uuid) VALUES (258, 'John258', 'Doe258', 1, now(), 0, 'name-uuid-258');
INSERT INTO person_address (person_id,address1,creator,date_created,voided,uuid) VALUES (258, '123 Ocean Dr 258', 1, now(), 0, 'address-uuid-258');
INSERT INTO person_attribute (person_attribute_type_id,person_id,value,voided,creator,date_created,uuid) VALUES (8, 258, '0000000258', 0, 1, now(), 'mobile-uuid-258'), (9, 258, '0000000258', 0, 1, now(), 'home-uuid-258');
INSERT INTO patient (patient_id,creator,date_created) VALUES (258, 1, now());
INSERT INTO patient_identifier (patient_id,identifier,identifier_type,location_id,creator,date_created,voided,uuid) VALUES (258, '258', 2, 1, 1, now(), 0, 'id-uuid-258');
INSERT INTO person (person_id,gender,birthdate,creator,date_created,voided,uuid) VALUES (259, 'F', '2005-05-05', 1, now(), 0, 'person-uuid-259');
INSERT INTO person_name (person_id,given_name,family_name,creator,date_created,voided,uuid) VALUES (259, 'John259', 'Doe259', 1, now(), 0, 'name-uuid-259');
INSERT INTO person_address (person_id,address1,creator,date_created,voided,uuid) VALUES (259, '123 Ocean Dr 259', 1, now(), 0, 'address-uuid-259');
INSERT INTO person_attribute (person_attribute_type_id,person_id,value,voided,creator,date_created,uuid) VALUES (8, 259, '0000000259', 0, 1, now(), 'mobile-uuid-259'), (9, 259, '0000000259', 0, 1, now(), 'home-uuid-259');
INSERT INTO patient (patient_id,creator,date_created) VALUES (259, 1, now());
INSERT INTO patient_identifier (patient_id,identifier,identifier_type,location_id,creator,date_created,voided,uuid) VALUES (259, '259', 2, 1, 1, now(), 0, 'id-uuid-259');
INSERT INTO person (person_id,gender,birthdate,creator,date_created,voided,uuid) VALUES (260, 'M', '2000-02-02', 1, now(), 0, 'person-uuid-260');
INSERT INTO person_name (person_id,given_name,family_name,creator,date_created,voided,uuid) VALUES (260, 'John260', 'Doe260', 1, now(), 0, 'name-uuid-260');
INSERT INTO person_address (person_id,address1,creator,date_created,voided,uuid) VALUES (260, '123 Ocean Dr 260', 1, now(), 0, 'address-uuid-260');
INSERT INTO person_attribute (person_attribute_type_id,person_id,value,voided,creator,date_created,uuid) VALUES (8, 260, '0000000260', 0, 1, now(), 'mobile-uuid-260'), (9, 260, '0000000260', 0, 1, now(), 'home-uuid-260');
INSERT INTO patient (patient_id,creator,date_created) VALUES (260, 1, now());
INSERT INTO patient_identifier (patient_id,identifier,identifier_type,location_id,creator,date_created,voided,uuid) VALUES (260, '260', 2, 1, 1, now(), 0, 'id-uuid-260');
INSERT INTO person (person_id,gender,birthdate,creator,date_created,voided,uuid) VALUES (261, 'F', '2005-05-05', 1, now(), 0, 'person-uuid-261');
INSERT INTO person_name (person_id,given_name,family_name,creator,date_created,voided,uuid) VALUES (261, 'John261', 'Doe261', 1, now(), 0, 'name-uuid-261');
INSERT INTO person_address (person_id,address1,creator,date_created,voided,uuid) VALUES (261, '123 Ocean Dr 261', 1, now(), 0, 'address-uuid-261');
INSERT INTO person_attribute (person_attribute_type_id,person_id,value,voided,creator,date_created,uuid) VALUES (8, 261, '0000000261', 0, 1, now(), 'mobile-uuid-261'), (9, 261, '0000000261', 0, 1, now(), 'home-uuid-261');
INSERT INTO patient (patient_id,creator,date_created) VALUES (261, 1, now());
INSERT INTO patient_identifier (patient_id,identifier,identifier_type,location_id,creator,date_created,voided,uuid) VALUES (261, '261', 2, 1, 1, now(), 0, 'id-uuid-261');
INSERT INTO person (person_id,gender,birthdate,creator,date_created,voided,uuid) VALUES (262, 'M', '2000-02-02', 1, now(), 0, 'person-uuid-262');
INSERT INTO person_name (person_id,given_name,family_name,creator,date_created,voided,uuid) VALUES (262, 'John262', 'Doe262', 1, now(), 0, 'name-uuid-262');
INSERT INTO person_address (person_id,address1,creator,date_created,voided,uuid) VALUES (262, '123 Ocean Dr 262', 1, now(), 0, 'address-uuid-262');
INSERT INTO person_attribute (person_attribute_type_id,person_id,value,voided,creator,date_created,uuid) VALUES (8, 262, '0000000262', 0, 1, now(), 'mobile-uuid-262'), (9, 262, '0000000262', 0, 1, now(), 'home-uuid-262');
INSERT INTO patient (patient_id,creator,date_created) VALUES (262, 1, now());
INSERT INTO patient_identifier (patient_id,identifier,identifier_type,location_id,creator,date_created,voided,uuid) VALUES (262, '262', 2, 1, 1, now(), 0, 'id-uuid-262');
INSERT INTO person (person_id,gender,birthdate,creator,date_created,voided,uuid) VALUES (263, 'F', '2005-05-05', 1, now(), 0, 'person-uuid-263');
INSERT INTO person_name (person_id,given_name,family_name,creator,date_created,voided,uuid) VALUES (263, 'John263', 'Doe263', 1, now(), 0, 'name-uuid-263');
INSERT INTO person_address (person_id,address1,creator,date_created,voided,uuid) VALUES (263, '123 Ocean Dr 263', 1, now(), 0, 'address-uuid-263');
INSERT INTO person_attribute (person_attribute_type_id,person_id,value,voided,creator,date_created,uuid) VALUES (8, 263, '0000000263', 0, 1, now(), 'mobile-uuid-263'), (9, 263, '0000000263', 0, 1, now(), 'home-uuid-263');
INSERT INTO patient (patient_id,creator,date_created) VALUES (263, 1, now());
INSERT INTO patient_identifier (patient_id,identifier,identifier_type,location_id,creator,date_created,voided,uuid) VALUES (263, '263', 2, 1, 1, now(), 0, 'id-uuid-263');
INSERT INTO person (person_id,gender,birthdate,creator,date_created,voided,uuid) VALUES (264, 'M', '2000-02-02', 1, now(), 0, 'person-uuid-264');
INSERT INTO person_name (person_id,given_name,family_name,creator,date_created,voided,uuid) VALUES (264, 'John264', 'Doe264', 1, now(), 0, 'name-uuid-264');
INSERT INTO person_address (person_id,address1,creator,date_created,voided,uuid) VALUES (264, '123 Ocean Dr 264', 1, now(), 0, 'address-uuid-264');
INSERT INTO person_attribute (person_attribute_type_id,person_id,value,voided,creator,date_created,uuid) VALUES (8, 264, '0000000264', 0, 1, now(), 'mobile-uuid-264'), (9, 264, '0000000264', 0, 1, now(), 'home-uuid-264');
INSERT INTO patient (patient_id,creator,date_created) VALUES (264, 1, now());
INSERT INTO patient_identifier (patient_id,identifier,identifier_type,location_id,creator,date_created,voided,uuid) VALUES (264, '264', 2, 1, 1, now(), 0, 'id-uuid-264');
INSERT INTO person (person_id,gender,birthdate,creator,date_created,voided,uuid) VALUES (265, 'F', '2005-05-05', 1, now(), 0, 'person-uuid-265');
INSERT INTO person_name (person_id,given_name,family_name,creator,date_created,voided,uuid) VALUES (265, 'John265', 'Doe265', 1, now(), 0, 'name-uuid-265');
INSERT INTO person_address (person_id,address1,creator,date_created,voided,uuid) VALUES (265, '123 Ocean Dr 265', 1, now(), 0, 'address-uuid-265');
INSERT INTO person_attribute (person_attribute_type_id,person_id,value,voided,creator,date_created,uuid) VALUES (8, 265, '0000000265', 0, 1, now(), 'mobile-uuid-265'), (9, 265, '0000000265', 0, 1, now(), 'home-uuid-265');
INSERT INTO patient (patient_id,creator,date_created) VALUES (265, 1, now());
INSERT INTO patient_identifier (patient_id,identifier,identifier_type,location_id,creator,date_created,voided,uuid) VALUES (265, '265', 2, 1, 1, now(), 0, 'id-uuid-265');
INSERT INTO person (person_id,gender,birthdate,creator,date_created,voided,uuid) VALUES (266, 'M', '2000-02-02', 1, now(), 0, 'person-uuid-266');
INSERT INTO person_name (person_id,given_name,family_name,creator,date_created,voided,uuid) VALUES (266, 'John266', 'Doe266', 1, now(), 0, 'name-uuid-266');
INSERT INTO person_address (person_id,address1,creator,date_created,voided,uuid) VALUES (266, '123 Ocean Dr 266', 1, now(), 0, 'address-uuid-266');
INSERT INTO person_attribute (person_attribute_type_id,person_id,value,voided,creator,date_created,uuid) VALUES (8, 266, '0000000266', 0, 1, now(), 'mobile-uuid-266'), (9, 266, '0000000266', 0, 1, now(), 'home-uuid-266');
INSERT INTO patient (patient_id,creator,date_created) VALUES (266, 1, now());
INSERT INTO patient_identifier (patient_id,identifier,identifier_type,location_id,creator,date_created,voided,uuid) VALUES (266, '266', 2, 1, 1, now(), 0, 'id-uuid-266');
INSERT INTO person (person_id,gender,birthdate,creator,date_created,voided,uuid) VALUES (267, 'F', '2005-05-05', 1, now(), 0, 'person-uuid-267');
INSERT INTO person_name (person_id,given_name,family_name,creator,date_created,voided,uuid) VALUES (267, 'John267', 'Doe267', 1, now(), 0, 'name-uuid-267');
INSERT INTO person_address (person_id,address1,creator,date_created,voided,uuid) VALUES (267, '123 Ocean Dr 267', 1, now(), 0, 'address-uuid-267');
INSERT INTO person_attribute (person_attribute_type_id,person_id,value,voided,creator,date_created,uuid) VALUES (8, 267, '0000000267', 0, 1, now(), 'mobile-uuid-267'), (9, 267, '0000000267', 0, 1, now(), 'home-uuid-267');
INSERT INTO patient (patient_id,creator,date_created) VALUES (267, 1, now());
INSERT INTO patient_identifier (patient_id,identifier,identifier_type,location_id,creator,date_created,voided,uuid) VALUES (267, '267', 2, 1, 1, now(), 0, 'id-uuid-267');
INSERT INTO person (person_id,gender,birthdate,creator,date_created,voided,uuid) VALUES (268, 'M', '2000-02-02', 1, now(), 0, 'person-uuid-268');
INSERT INTO person_name (person_id,given_name,family_name,creator,date_created,voided,uuid) VALUES (268, 'John268', 'Doe268', 1, now(), 0, 'name-uuid-268');
INSERT INTO person_address (person_id,address1,creator,date_created,voided,uuid) VALUES (268, '123 Ocean Dr 268', 1, now(), 0, 'address-uuid-268');
INSERT INTO person_attribute (person_attribute_type_id,person_id,value,voided,creator,date_created,uuid) VALUES (8, 268, '0000000268', 0, 1, now(), 'mobile-uuid-268'), (9, 268, '0000000268', 0, 1, now(), 'home-uuid-268');
INSERT INTO patient (patient_id,creator,date_created) VALUES (268, 1, now());
INSERT INTO patient_identifier (patient_id,identifier,identifier_type,location_id,creator,date_created,voided,uuid) VALUES (268, '268', 2, 1, 1, now(), 0, 'id-uuid-268');
INSERT INTO person (person_id,gender,birthdate,creator,date_created,voided,uuid) VALUES (269, 'F', '2005-05-05', 1, now(), 0, 'person-uuid-269');
INSERT INTO person_name (person_id,given_name,family_name,creator,date_created,voided,uuid) VALUES (269, 'John269', 'Doe269', 1, now(), 0, 'name-uuid-269');
INSERT INTO person_address (person_id,address1,creator,date_created,voided,uuid) VALUES (269, '123 Ocean Dr 269', 1, now(), 0, 'address-uuid-269');
INSERT INTO person_attribute (person_attribute_type_id,person_id,value,voided,creator,date_created,uuid) VALUES (8, 269, '0000000269', 0, 1, now(), 'mobile-uuid-269'), (9, 269, '0000000269', 0, 1, now(), 'home-uuid-269');
INSERT INTO patient (patient_id,creator,date_created) VALUES (269, 1, now());
INSERT INTO patient_identifier (patient_id,identifier,identifier_type,location_id,creator,date_created,voided,uuid) VALUES (269, '269', 2, 1, 1, now(), 0, 'id-uuid-269');
INSERT INTO person (person_id,gender,birthdate,creator,date_created,voided,uuid) VALUES (270, 'M', '2000-02-02', 1, now(), 0, 'person-uuid-270');
INSERT INTO person_name (person_id,given_name,family_name,creator,date_created,voided,uuid) VALUES (270, 'John270', 'Doe270', 1, now(), 0, 'name-uuid-270');
INSERT INTO person_address (person_id,address1,creator,date_created,voided,uuid) VALUES (270, '123 Ocean Dr 270', 1, now(), 0, 'address-uuid-270');
INSERT INTO person_attribute (person_attribute_type_id,person_id,value,voided,creator,date_created,uuid) VALUES (8, 270, '0000000270', 0, 1, now(), 'mobile-uuid-270'), (9, 270, '0000000270', 0, 1, now(), 'home-uuid-270');
INSERT INTO patient (patient_id,creator,date_created) VALUES (270, 1, now());
INSERT INTO patient_identifier (patient_id,identifier,identifier_type,location_id,creator,date_created,voided,uuid) VALUES (270, '270', 2, 1, 1, now(), 0, 'id-uuid-270');
INSERT INTO person (person_id,gender,birthdate,creator,date_created,voided,uuid) VALUES (271, 'F', '2005-05-05', 1, now(), 0, 'person-uuid-271');
INSERT INTO person_name (person_id,given_name,family_name,creator,date_created,voided,uuid) VALUES (271, 'John271', 'Doe271', 1, now(), 0, 'name-uuid-271');
INSERT INTO person_address (person_id,address1,creator,date_created,voided,uuid) VALUES (271, '123 Ocean Dr 271', 1, now(), 0, 'address-uuid-271');
INSERT INTO person_attribute (person_attribute_type_id,person_id,value,voided,creator,date_created,uuid) VALUES (8, 271, '0000000271', 0, 1, now(), 'mobile-uuid-271'), (9, 271, '0000000271', 0, 1, now(), 'home-uuid-271');
INSERT INTO patient (patient_id,creator,date_created) VALUES (271, 1, now());
INSERT INTO patient_identifier (patient_id,identifier,identifier_type,location_id,creator,date_created,voided,uuid) VALUES (271, '271', 2, 1, 1, now(), 0, 'id-uuid-271');
INSERT INTO person (person_id,gender,birthdate,creator,date_created,voided,uuid) VALUES (272, 'M', '2000-02-02', 1, now(), 0, 'person-uuid-272');
INSERT INTO person_name (person_id,given_name,family_name,creator,date_created,voided,uuid) VALUES (272, 'John272', 'Doe272', 1, now(), 0, 'name-uuid-272');
INSERT INTO person_address (person_id,address1,creator,date_created,voided,uuid) VALUES (272, '123 Ocean Dr 272', 1, now(), 0, 'address-uuid-272');
INSERT INTO person_attribute (person_attribute_type_id,person_id,value,voided,creator,date_created,uuid) VALUES (8, 272, '0000000272', 0, 1, now(), 'mobile-uuid-272'), (9, 272, '0000000272', 0, 1, now(), 'home-uuid-272');
INSERT INTO patient (patient_id,creator,date_created) VALUES (272, 1, now());
INSERT INTO patient_identifier (patient_id,identifier,identifier_type,location_id,creator,date_created,voided,uuid) VALUES (272, '272', 2, 1, 1, now(), 0, 'id-uuid-272');
INSERT INTO person (person_id,gender,birthdate,creator,date_created,voided,uuid) VALUES (273, 'F', '2005-05-05', 1, now(), 0, 'person-uuid-273');
INSERT INTO person_name (person_id,given_name,family_name,creator,date_created,voided,uuid) VALUES (273, 'John273', 'Doe273', 1, now(), 0, 'name-uuid-273');
INSERT INTO person_address (person_id,address1,creator,date_created,voided,uuid) VALUES (273, '123 Ocean Dr 273', 1, now(), 0, 'address-uuid-273');
INSERT INTO person_attribute (person_attribute_type_id,person_id,value,voided,creator,date_created,uuid) VALUES (8, 273, '0000000273', 0, 1, now(), 'mobile-uuid-273'), (9, 273, '0000000273', 0, 1, now(), 'home-uuid-273');
INSERT INTO patient (patient_id,creator,date_created) VALUES (273, 1, now());
INSERT INTO patient_identifier (patient_id,identifier,identifier_type,location_id,creator,date_created,voided,uuid) VALUES (273, '273', 2, 1, 1, now(), 0, 'id-uuid-273');
INSERT INTO person (person_id,gender,birthdate,creator,date_created,voided,uuid) VALUES (274, 'M', '2000-02-02', 1, now(), 0, 'person-uuid-274');
INSERT INTO person_name (person_id,given_name,family_name,creator,date_created,voided,uuid) VALUES (274, 'John274', 'Doe274', 1, now(), 0, 'name-uuid-274');
INSERT INTO person_address (person_id,address1,creator,date_created,voided,uuid) VALUES (274, '123 Ocean Dr 274', 1, now(), 0, 'address-uuid-274');
INSERT INTO person_attribute (person_attribute_type_id,person_id,value,voided,creator,date_created,uuid) VALUES (8, 274, '0000000274', 0, 1, now(), 'mobile-uuid-274'), (9, 274, '0000000274', 0, 1, now(), 'home-uuid-274');
INSERT INTO patient (patient_id,creator,date_created) VALUES (274, 1, now());
INSERT INTO patient_identifier (patient_id,identifier,identifier_type,location_id,creator,date_created,voided,uuid) VALUES (274, '274', 2, 1, 1, now(), 0, 'id-uuid-274');
INSERT INTO person (person_id,gender,birthdate,creator,date_created,voided,uuid) VALUES (275, 'F', '2005-05-05', 1, now(), 0, 'person-uuid-275');
INSERT INTO person_name (person_id,given_name,family_name,creator,date_created,voided,uuid) VALUES (275, 'John275', 'Doe275', 1, now(), 0, 'name-uuid-275');
INSERT INTO person_address (person_id,address1,creator,date_created,voided,uuid) VALUES (275, '123 Ocean Dr 275', 1, now(), 0, 'address-uuid-275');
INSERT INTO person_attribute (person_attribute_type_id,person_id,value,voided,creator,date_created,uuid) VALUES (8, 275, '0000000275', 0, 1, now(), 'mobile-uuid-275'), (9, 275, '0000000275', 0, 1, now(), 'home-uuid-275');
INSERT INTO patient (patient_id,creator,date_created) VALUES (275, 1, now());
INSERT INTO patient_identifier (patient_id,identifier,identifier_type,location_id,creator,date_created,voided,uuid) VALUES (275, '275', 2, 1, 1, now(), 0, 'id-uuid-275');
INSERT INTO person (person_id,gender,birthdate,creator,date_created,voided,uuid) VALUES (276, 'M', '2000-02-02', 1, now(), 0, 'person-uuid-276');
INSERT INTO person_name (person_id,given_name,family_name,creator,date_created,voided,uuid) VALUES (276, 'John276', 'Doe276', 1, now(), 0, 'name-uuid-276');
INSERT INTO person_address (person_id,address1,creator,date_created,voided,uuid) VALUES (276, '123 Ocean Dr 276', 1, now(), 0, 'address-uuid-276');
INSERT INTO person_attribute (person_attribute_type_id,person_id,value,voided,creator,date_created,uuid) VALUES (8, 276, '0000000276', 0, 1, now(), 'mobile-uuid-276'), (9, 276, '0000000276', 0, 1, now(), 'home-uuid-276');
INSERT INTO patient (patient_id,creator,date_created) VALUES (276, 1, now());
INSERT INTO patient_identifier (patient_id,identifier,identifier_type,location_id,creator,date_created,voided,uuid) VALUES (276, '276', 2, 1, 1, now(), 0, 'id-uuid-276');
INSERT INTO person (person_id,gender,birthdate,creator,date_created,voided,uuid) VALUES (277, 'F', '2005-05-05', 1, now(), 0, 'person-uuid-277');
INSERT INTO person_name (person_id,given_name,family_name,creator,date_created,voided,uuid) VALUES (277, 'John277', 'Doe277', 1, now(), 0, 'name-uuid-277');
INSERT INTO person_address (person_id,address1,creator,date_created,voided,uuid) VALUES (277, '123 Ocean Dr 277', 1, now(), 0, 'address-uuid-277');
INSERT INTO person_attribute (person_attribute_type_id,person_id,value,voided,creator,date_created,uuid) VALUES (8, 277, '0000000277', 0, 1, now(), 'mobile-uuid-277'), (9, 277, '0000000277', 0, 1, now(), 'home-uuid-277');
INSERT INTO patient (patient_id,creator,date_created) VALUES (277, 1, now());
INSERT INTO patient_identifier (patient_id,identifier,identifier_type,location_id,creator,date_created,voided,uuid) VALUES (277, '277', 2, 1, 1, now(), 0, 'id-uuid-277');
INSERT INTO person (person_id,gender,birthdate,creator,date_created,voided,uuid) VALUES (278, 'M', '2000-02-02', 1, now(), 0, 'person-uuid-278');
INSERT INTO person_name (person_id,given_name,family_name,creator,date_created,voided,uuid) VALUES (278, 'John278', 'Doe278', 1, now(), 0, 'name-uuid-278');
INSERT INTO person_address (person_id,address1,creator,date_created,voided,uuid) VALUES (278, '123 Ocean Dr 278', 1, now(), 0, 'address-uuid-278');
INSERT INTO person_attribute (person_attribute_type_id,person_id,value,voided,creator,date_created,uuid) VALUES (8, 278, '0000000278', 0, 1, now(), 'mobile-uuid-278'), (9, 278, '0000000278', 0, 1, now(), 'home-uuid-278');
INSERT INTO patient (patient_id,creator,date_created) VALUES (278, 1, now());
INSERT INTO patient_identifier (patient_id,identifier,identifier_type,location_id,creator,date_created,voided,uuid) VALUES (278, '278', 2, 1, 1, now(), 0, 'id-uuid-278');
INSERT INTO person (person_id,gender,birthdate,creator,date_created,voided,uuid) VALUES (279, 'F', '2005-05-05', 1, now(), 0, 'person-uuid-279');
INSERT INTO person_name (person_id,given_name,family_name,creator,date_created,voided,uuid) VALUES (279, 'John279', 'Doe279', 1, now(), 0, 'name-uuid-279');
INSERT INTO person_address (person_id,address1,creator,date_created,voided,uuid) VALUES (279, '123 Ocean Dr 279', 1, now(), 0, 'address-uuid-279');
INSERT INTO person_attribute (person_attribute_type_id,person_id,value,voided,creator,date_created,uuid) VALUES (8, 279, '0000000279', 0, 1, now(), 'mobile-uuid-279'), (9, 279, '0000000279', 0, 1, now(), 'home-uuid-279');
INSERT INTO patient (patient_id,creator,date_created) VALUES (279, 1, now());
INSERT INTO patient_identifier (patient_id,identifier,identifier_type,location_id,creator,date_created,voided,uuid) VALUES (279, '279', 2, 1, 1, now(), 0, 'id-uuid-279');
INSERT INTO person (person_id,gender,birthdate,creator,date_created,voided,uuid) VALUES (280, 'M', '2000-02-02', 1, now(), 0, 'person-uuid-280');
INSERT INTO person_name (person_id,given_name,family_name,creator,date_created,voided,uuid) VALUES (280, 'John280', 'Doe280', 1, now(), 0, 'name-uuid-280');
INSERT INTO person_address (person_id,address1,creator,date_created,voided,uuid) VALUES (280, '123 Ocean Dr 280', 1, now(), 0, 'address-uuid-280');
INSERT INTO person_attribute (person_attribute_type_id,person_id,value,voided,creator,date_created,uuid) VALUES (8, 280, '0000000280', 0, 1, now(), 'mobile-uuid-280'), (9, 280, '0000000280', 0, 1, now(), 'home-uuid-280');
INSERT INTO patient (patient_id,creator,date_created) VALUES (280, 1, now());
INSERT INTO patient_identifier (patient_id,identifier,identifier_type,location_id,creator,date_created,voided,uuid) VALUES (280, '280', 2, 1, 1, now(), 0, 'id-uuid-280');
INSERT INTO person (person_id,gender,birthdate,creator,date_created,voided,uuid) VALUES (281, 'F', '2005-05-05', 1, now(), 0, 'person-uuid-281');
INSERT INTO person_name (person_id,given_name,family_name,creator,date_created,voided,uuid) VALUES (281, 'John281', 'Doe281', 1, now(), 0, 'name-uuid-281');
INSERT INTO person_address (person_id,address1,creator,date_created,voided,uuid) VALUES (281, '123 Ocean Dr 281', 1, now(), 0, 'address-uuid-281');
INSERT INTO person_attribute (person_attribute_type_id,person_id,value,voided,creator,date_created,uuid) VALUES (8, 281, '0000000281', 0, 1, now(), 'mobile-uuid-281'), (9, 281, '0000000281', 0, 1, now(), 'home-uuid-281');
INSERT INTO patient (patient_id,creator,date_created) VALUES (281, 1, now());
INSERT INTO patient_identifier (patient_id,identifier,identifier_type,location_id,creator,date_created,voided,uuid) VALUES (281, '281', 2, 1, 1, now(), 0, 'id-uuid-281');
INSERT INTO person (person_id,gender,birthdate,creator,date_created,voided,uuid) VALUES (282, 'M', '2000-02-02', 1, now(), 0, 'person-uuid-282');
INSERT INTO person_name (person_id,given_name,family_name,creator,date_created,voided,uuid) VALUES (282, 'John282', 'Doe282', 1, now(), 0, 'name-uuid-282');
INSERT INTO person_address (person_id,address1,creator,date_created,voided,uuid) VALUES (282, '123 Ocean Dr 282', 1, now(), 0, 'address-uuid-282');
INSERT INTO person_attribute (person_attribute_type_id,person_id,value,voided,creator,date_created,uuid) VALUES (8, 282, '0000000282', 0, 1, now(), 'mobile-uuid-282'), (9, 282, '0000000282', 0, 1, now(), 'home-uuid-282');
INSERT INTO patient (patient_id,creator,date_created) VALUES (282, 1, now());
INSERT INTO patient_identifier (patient_id,identifier,identifier_type,location_id,creator,date_created,voided,uuid) VALUES (282, '282', 2, 1, 1, now(), 0, 'id-uuid-282');
INSERT INTO person (person_id,gender,birthdate,creator,date_created,voided,uuid) VALUES (283, 'F', '2005-05-05', 1, now(), 0, 'person-uuid-283');
INSERT INTO person_name (person_id,given_name,family_name,creator,date_created,voided,uuid) VALUES (283, 'John283', 'Doe283', 1, now(), 0, 'name-uuid-283');
INSERT INTO person_address (person_id,address1,creator,date_created,voided,uuid) VALUES (283, '123 Ocean Dr 283', 1, now(), 0, 'address-uuid-283');
INSERT INTO person_attribute (person_attribute_type_id,person_id,value,voided,creator,date_created,uuid) VALUES (8, 283, '0000000283', 0, 1, now(), 'mobile-uuid-283'), (9, 283, '0000000283', 0, 1, now(), 'home-uuid-283');
INSERT INTO patient (patient_id,creator,date_created) VALUES (283, 1, now());
INSERT INTO patient_identifier (patient_id,identifier,identifier_type,location_id,creator,date_created,voided,uuid) VALUES (283, '283', 2, 1, 1, now(), 0, 'id-uuid-283');
INSERT INTO person (person_id,gender,birthdate,creator,date_created,voided,uuid) VALUES (284, 'M', '2000-02-02', 1, now(), 0, 'person-uuid-284');
INSERT INTO person_name (person_id,given_name,family_name,creator,date_created,voided,uuid) VALUES (284, 'John284', 'Doe284', 1, now(), 0, 'name-uuid-284');
INSERT INTO person_address (person_id,address1,creator,date_created,voided,uuid) VALUES (284, '123 Ocean Dr 284', 1, now(), 0, 'address-uuid-284');
INSERT INTO person_attribute (person_attribute_type_id,person_id,value,voided,creator,date_created,uuid) VALUES (8, 284, '0000000284', 0, 1, now(), 'mobile-uuid-284'), (9, 284, '0000000284', 0, 1, now(), 'home-uuid-284');
INSERT INTO patient (patient_id,creator,date_created) VALUES (284, 1, now());
INSERT INTO patient_identifier (patient_id,identifier,identifier_type,location_id,creator,date_created,voided,uuid) VALUES (284, '284', 2, 1, 1, now(), 0, 'id-uuid-284');
INSERT INTO person (person_id,gender,birthdate,creator,date_created,voided,uuid) VALUES (285, 'F', '2005-05-05', 1, now(), 0, 'person-uuid-285');
INSERT INTO person_name (person_id,given_name,family_name,creator,date_created,voided,uuid) VALUES (285, 'John285', 'Doe285', 1, now(), 0, 'name-uuid-285');
INSERT INTO person_address (person_id,address1,creator,date_created,voided,uuid) VALUES (285, '123 Ocean Dr 285', 1, now(), 0, 'address-uuid-285');
INSERT INTO person_attribute (person_attribute_type_id,person_id,value,voided,creator,date_created,uuid) VALUES (8, 285, '0000000285', 0, 1, now(), 'mobile-uuid-285'), (9, 285, '0000000285', 0, 1, now(), 'home-uuid-285');
INSERT INTO patient (patient_id,creator,date_created) VALUES (285, 1, now());
INSERT INTO patient_identifier (patient_id,identifier,identifier_type,location_id,creator,date_created,voided,uuid) VALUES (285, '285', 2, 1, 1, now(), 0, 'id-uuid-285');
INSERT INTO person (person_id,gender,birthdate,creator,date_created,voided,uuid) VALUES (286, 'M', '2000-02-02', 1, now(), 0, 'person-uuid-286');
INSERT INTO person_name (person_id,given_name,family_name,creator,date_created,voided,uuid) VALUES (286, 'John286', 'Doe286', 1, now(), 0, 'name-uuid-286');
INSERT INTO person_address (person_id,address1,creator,date_created,voided,uuid) VALUES (286, '123 Ocean Dr 286', 1, now(), 0, 'address-uuid-286');
INSERT INTO person_attribute (person_attribute_type_id,person_id,value,voided,creator,date_created,uuid) VALUES (8, 286, '0000000286', 0, 1, now(), 'mobile-uuid-286'), (9, 286, '0000000286', 0, 1, now(), 'home-uuid-286');
INSERT INTO patient (patient_id,creator,date_created) VALUES (286, 1, now());
INSERT INTO patient_identifier (patient_id,identifier,identifier_type,location_id,creator,date_created,voided,uuid) VALUES (286, '286', 2, 1, 1, now(), 0, 'id-uuid-286');
INSERT INTO person (person_id,gender,birthdate,creator,date_created,voided,uuid) VALUES (287, 'F', '2005-05-05', 1, now(), 0, 'person-uuid-287');
INSERT INTO person_name (person_id,given_name,family_name,creator,date_created,voided,uuid) VALUES (287, 'John287', 'Doe287', 1, now(), 0, 'name-uuid-287');
INSERT INTO person_address (person_id,address1,creator,date_created,voided,uuid) VALUES (287, '123 Ocean Dr 287', 1, now(), 0, 'address-uuid-287');
INSERT INTO person_attribute (person_attribute_type_id,person_id,value,voided,creator,date_created,uuid) VALUES (8, 287, '0000000287', 0, 1, now(), 'mobile-uuid-287'), (9, 287, '0000000287', 0, 1, now(), 'home-uuid-287');
INSERT INTO patient (patient_id,creator,date_created) VALUES (287, 1, now());
INSERT INTO patient_identifier (patient_id,identifier,identifier_type,location_id,creator,date_created,voided,uuid) VALUES (287, '287', 2, 1, 1, now(), 0, 'id-uuid-287');
INSERT INTO person (person_id,gender,birthdate,creator,date_created,voided,uuid) VALUES (288, 'M', '2000-02-02', 1, now(), 0, 'person-uuid-288');
INSERT INTO person_name (person_id,given_name,family_name,creator,date_created,voided,uuid) VALUES (288, 'John288', 'Doe288', 1, now(), 0, 'name-uuid-288');
INSERT INTO person_address (person_id,address1,creator,date_created,voided,uuid) VALUES (288, '123 Ocean Dr 288', 1, now(), 0, 'address-uuid-288');
INSERT INTO person_attribute (person_attribute_type_id,person_id,value,voided,creator,date_created,uuid) VALUES (8, 288, '0000000288', 0, 1, now(), 'mobile-uuid-288'), (9, 288, '0000000288', 0, 1, now(), 'home-uuid-288');
INSERT INTO patient (patient_id,creator,date_created) VALUES (288, 1, now());
INSERT INTO patient_identifier (patient_id,identifier,identifier_type,location_id,creator,date_created,voided,uuid) VALUES (288, '288', 2, 1, 1, now(), 0, 'id-uuid-288');
INSERT INTO person (person_id,gender,birthdate,creator,date_created,voided,uuid) VALUES (289, 'F', '2005-05-05', 1, now(), 0, 'person-uuid-289');
INSERT INTO person_name (person_id,given_name,family_name,creator,date_created,voided,uuid) VALUES (289, 'John289', 'Doe289', 1, now(), 0, 'name-uuid-289');
INSERT INTO person_address (person_id,address1,creator,date_created,voided,uuid) VALUES (289, '123 Ocean Dr 289', 1, now(), 0, 'address-uuid-289');
INSERT INTO person_attribute (person_attribute_type_id,person_id,value,voided,creator,date_created,uuid) VALUES (8, 289, '0000000289', 0, 1, now(), 'mobile-uuid-289'), (9, 289, '0000000289', 0, 1, now(), 'home-uuid-289');
INSERT INTO patient (patient_id,creator,date_created) VALUES (289, 1, now());
INSERT INTO patient_identifier (patient_id,identifier,identifier_type,location_id,creator,date_created,voided,uuid) VALUES (289, '289', 2, 1, 1, now(), 0, 'id-uuid-289');
INSERT INTO person (person_id,gender,birthdate,creator,date_created,voided,uuid) VALUES (290, 'M', '2000-02-02', 1, now(), 0, 'person-uuid-290');
INSERT INTO person_name (person_id,given_name,family_name,creator,date_created,voided,uuid) VALUES (290, 'John290', 'Doe290', 1, now(), 0, 'name-uuid-290');
INSERT INTO person_address (person_id,address1,creator,date_created,voided,uuid) VALUES (290, '123 Ocean Dr 290', 1, now(), 0, 'address-uuid-290');
INSERT INTO person_attribute (person_attribute_type_id,person_id,value,voided,creator,date_created,uuid) VALUES (8, 290, '0000000290', 0, 1, now(), 'mobile-uuid-290'), (9, 290, '0000000290', 0, 1, now(), 'home-uuid-290');
INSERT INTO patient (patient_id,creator,date_created) VALUES (290, 1, now());
INSERT INTO patient_identifier (patient_id,identifier,identifier_type,location_id,creator,date_created,voided,uuid) VALUES (290, '290', 2, 1, 1, now(), 0, 'id-uuid-290');
INSERT INTO person (person_id,gender,birthdate,creator,date_created,voided,uuid) VALUES (291, 'F', '2005-05-05', 1, now(), 0, 'person-uuid-291');
INSERT INTO person_name (person_id,given_name,family_name,creator,date_created,voided,uuid) VALUES (291, 'John291', 'Doe291', 1, now(), 0, 'name-uuid-291');
INSERT INTO person_address (person_id,address1,creator,date_created,voided,uuid) VALUES (291, '123 Ocean Dr 291', 1, now(), 0, 'address-uuid-291');
INSERT INTO person_attribute (person_attribute_type_id,person_id,value,voided,creator,date_created,uuid) VALUES (8, 291, '0000000291', 0, 1, now(), 'mobile-uuid-291'), (9, 291, '0000000291', 0, 1, now(), 'home-uuid-291');
INSERT INTO patient (patient_id,creator,date_created) VALUES (291, 1, now());
INSERT INTO patient_identifier (patient_id,identifier,identifier_type,location_id,creator,date_created,voided,uuid) VALUES (291, '291', 2, 1, 1, now(), 0, 'id-uuid-291');
INSERT INTO person (person_id,gender,birthdate,creator,date_created,voided,uuid) VALUES (292, 'M', '2000-02-02', 1, now(), 0, 'person-uuid-292');
INSERT INTO person_name (person_id,given_name,family_name,creator,date_created,voided,uuid) VALUES (292, 'John292', 'Doe292', 1, now(), 0, 'name-uuid-292');
INSERT INTO person_address (person_id,address1,creator,date_created,voided,uuid) VALUES (292, '123 Ocean Dr 292', 1, now(), 0, 'address-uuid-292');
INSERT INTO person_attribute (person_attribute_type_id,person_id,value,voided,creator,date_created,uuid) VALUES (8, 292, '0000000292', 0, 1, now(), 'mobile-uuid-292'), (9, 292, '0000000292', 0, 1, now(), 'home-uuid-292');
INSERT INTO patient (patient_id,creator,date_created) VALUES (292, 1, now());
INSERT INTO patient_identifier (patient_id,identifier,identifier_type,location_id,creator,date_created,voided,uuid) VALUES (292, '292', 2, 1, 1, now(), 0, 'id-uuid-292');
INSERT INTO person (person_id,gender,birthdate,creator,date_created,voided,uuid) VALUES (293, 'F', '2005-05-05', 1, now(), 0, 'person-uuid-293');
INSERT INTO person_name (person_id,given_name,family_name,creator,date_created,voided,uuid) VALUES (293, 'John293', 'Doe293', 1, now(), 0, 'name-uuid-293');
INSERT INTO person_address (person_id,address1,creator,date_created,voided,uuid) VALUES (293, '123 Ocean Dr 293', 1, now(), 0, 'address-uuid-293');
INSERT INTO person_attribute (person_attribute_type_id,person_id,value,voided,creator,date_created,uuid) VALUES (8, 293, '0000000293', 0, 1, now(), 'mobile-uuid-293'), (9, 293, '0000000293', 0, 1, now(), 'home-uuid-293');
INSERT INTO patient (patient_id,creator,date_created) VALUES (293, 1, now());
INSERT INTO patient_identifier (patient_id,identifier,identifier_type,location_id,creator,date_created,voided,uuid) VALUES (293, '293', 2, 1, 1, now(), 0, 'id-uuid-293');
INSERT INTO person (person_id,gender,birthdate,creator,date_created,voided,uuid) VALUES (294, 'M', '2000-02-02', 1, now(), 0, 'person-uuid-294');
INSERT INTO person_name (person_id,given_name,family_name,creator,date_created,voided,uuid) VALUES (294, 'John294', 'Doe294', 1, now(), 0, 'name-uuid-294');
INSERT INTO person_address (person_id,address1,creator,date_created,voided,uuid) VALUES (294, '123 Ocean Dr 294', 1, now(), 0, 'address-uuid-294');
INSERT INTO person_attribute (person_attribute_type_id,person_id,value,voided,creator,date_created,uuid) VALUES (8, 294, '0000000294', 0, 1, now(), 'mobile-uuid-294'), (9, 294, '0000000294', 0, 1, now(), 'home-uuid-294');
INSERT INTO patient (patient_id,creator,date_created) VALUES (294, 1, now());
INSERT INTO patient_identifier (patient_id,identifier,identifier_type,location_id,creator,date_created,voided,uuid) VALUES (294, '294', 2, 1, 1, now(), 0, 'id-uuid-294');
INSERT INTO person (person_id,gender,birthdate,creator,date_created,voided,uuid) VALUES (295, 'F', '2005-05-05', 1, now(), 0, 'person-uuid-295');
INSERT INTO person_name (person_id,given_name,family_name,creator,date_created,voided,uuid) VALUES (295, 'John295', 'Doe295', 1, now(), 0, 'name-uuid-295');
INSERT INTO person_address (person_id,address1,creator,date_created,voided,uuid) VALUES (295, '123 Ocean Dr 295', 1, now(), 0, 'address-uuid-295');
INSERT INTO person_attribute (person_attribute_type_id,person_id,value,voided,creator,date_created,uuid) VALUES (8, 295, '0000000295', 0, 1, now(), 'mobile-uuid-295'), (9, 295, '0000000295', 0, 1, now(), 'home-uuid-295');
INSERT INTO patient (patient_id,creator,date_created) VALUES (295, 1, now());
INSERT INTO patient_identifier (patient_id,identifier,identifier_type,location_id,creator,date_created,voided,uuid) VALUES (295, '295', 2, 1, 1, now(), 0, 'id-uuid-295');
INSERT INTO person (person_id,gender,birthdate,creator,date_created,voided,uuid) VALUES (296, 'M', '2000-02-02', 1, now(), 0, 'person-uuid-296');
INSERT INTO person_name (person_id,given_name,family_name,creator,date_created,voided,uuid) VALUES (296, 'John296', 'Doe296', 1, now(), 0, 'name-uuid-296');
INSERT INTO person_address (person_id,address1,creator,date_created,voided,uuid) VALUES (296, '123 Ocean Dr 296', 1, now(), 0, 'address-uuid-296');
INSERT INTO person_attribute (person_attribute_type_id,person_id,value,voided,creator,date_created,uuid) VALUES (8, 296, '0000000296', 0, 1, now(), 'mobile-uuid-296'), (9, 296, '0000000296', 0, 1, now(), 'home-uuid-296');
INSERT INTO patient (patient_id,creator,date_created) VALUES (296, 1, now());
INSERT INTO patient_identifier (patient_id,identifier,identifier_type,location_id,creator,date_created,voided,uuid) VALUES (296, '296', 2, 1, 1, now(), 0, 'id-uuid-296');
INSERT INTO person (person_id,gender,birthdate,creator,date_created,voided,uuid) VALUES (297, 'F', '2005-05-05', 1, now(), 0, 'person-uuid-297');
INSERT INTO person_name (person_id,given_name,family_name,creator,date_created,voided,uuid) VALUES (297, 'John297', 'Doe297', 1, now(), 0, 'name-uuid-297');
INSERT INTO person_address (person_id,address1,creator,date_created,voided,uuid) VALUES (297, '123 Ocean Dr 297', 1, now(), 0, 'address-uuid-297');
INSERT INTO person_attribute (person_attribute_type_id,person_id,value,voided,creator,date_created,uuid) VALUES (8, 297, '0000000297', 0, 1, now(), 'mobile-uuid-297'), (9, 297, '0000000297', 0, 1, now(), 'home-uuid-297');
INSERT INTO patient (patient_id,creator,date_created) VALUES (297, 1, now());
INSERT INTO patient_identifier (patient_id,identifier,identifier_type,location_id,creator,date_created,voided,uuid) VALUES (297, '297', 2, 1, 1, now(), 0, 'id-uuid-297');
INSERT INTO person (person_id,gender,birthdate,creator,date_created,voided,uuid) VALUES (298, 'M', '2000-02-02', 1, now(), 0, 'person-uuid-298');
INSERT INTO person_name (person_id,given_name,family_name,creator,date_created,voided,uuid) VALUES (298, 'John298', 'Doe298', 1, now(), 0, 'name-uuid-298');
INSERT INTO person_address (person_id,address1,creator,date_created,voided,uuid) VALUES (298, '123 Ocean Dr 298', 1, now(), 0, 'address-uuid-298');
INSERT INTO person_attribute (person_attribute_type_id,person_id,value,voided,creator,date_created,uuid) VALUES (8, 298, '0000000298', 0, 1, now(), 'mobile-uuid-298'), (9, 298, '0000000298', 0, 1, now(), 'home-uuid-298');
INSERT INTO patient (patient_id,creator,date_created) VALUES (298, 1, now());
INSERT INTO patient_identifier (patient_id,identifier,identifier_type,location_id,creator,date_created,voided,uuid) VALUES (298, '298', 2, 1, 1, now(), 0, 'id-uuid-298');
INSERT INTO person (person_id,gender,birthdate,creator,date_created,voided,uuid) VALUES (299, 'F', '2005-05-05', 1, now(), 0, 'person-uuid-299');
INSERT INTO person_name (person_id,given_name,family_name,creator,date_created,voided,uuid) VALUES (299, 'John299', 'Doe299', 1, now(), 0, 'name-uuid-299');
INSERT INTO person_address (person_id,address1,creator,date_created,voided,uuid) VALUES (299, '123 Ocean Dr 299', 1, now(), 0, 'address-uuid-299');
INSERT INTO person_attribute (person_attribute_type_id,person_id,value,voided,creator,date_created,uuid) VALUES (8, 299, '0000000299', 0, 1, now(), 'mobile-uuid-299'), (9, 299, '0000000299', 0, 1, now(), 'home-uuid-299');
INSERT INTO patient (patient_id,creator,date_created) VALUES (299, 1, now());
INSERT INTO patient_identifier (patient_id,identifier,identifier_type,location_id,creator,date_created,voided,uuid) VALUES (299, '299', 2, 1, 1, now(), 0, 'id-uuid-299');
INSERT INTO person (person_id,gender,birthdate,creator,date_created,voided,uuid) VALUES (300, 'M', '2000-02-02', 1, now(), 0, 'person-uuid-300');
INSERT INTO person_name (person_id,given_name,family_name,creator,date_created,voided,uuid) VALUES (300, 'John300', 'Doe300', 1, now(), 0, 'name-uuid-300');
INSERT INTO person_address (person_id,address1,creator,date_created,voided,uuid) VALUES (300, '123 Ocean Dr 300', 1, now(), 0, 'address-uuid-300');
INSERT INTO person_attribute (person_attribute_type_id,person_id,value,voided,creator,date_created,uuid) VALUES (8, 300, '0000000300', 0, 1, now(), 'mobile-uuid-300'), (9, 300, '0000000300', 0, 1, now(), 'home-uuid-300');
INSERT INTO patient (patient_id,creator,date_created) VALUES (300, 1, now());
INSERT INTO patient_identifier (patient_id,identifier,identifier_type,location_id,creator,date_created,voided,uuid) VALUES (300, '300', 2, 1, 1, now(), 0, 'id-uuid-300');
INSERT INTO person (person_id,gender,birthdate,creator,date_created,voided,uuid) VALUES (301, 'F', '2005-05-05', 1, now(), 0, 'person-uuid-301');
INSERT INTO person_name (person_id,given_name,family_name,creator,date_created,voided,uuid) VALUES (301, 'John301', 'Doe301', 1, now(), 0, 'name-uuid-301');
INSERT INTO person_address (person_id,address1,creator,date_created,voided,uuid) VALUES (301, '123 Ocean Dr 301', 1, now(), 0, 'address-uuid-301');
INSERT INTO person_attribute (person_attribute_type_id,person_id,value,voided,creator,date_created,uuid) VALUES (8, 301, '0000000301', 0, 1, now(), 'mobile-uuid-301'), (9, 301, '0000000301', 0, 1, now(), 'home-uuid-301');
INSERT INTO patient (patient_id,creator,date_created) VALUES (301, 1, now());
INSERT INTO patient_identifier (patient_id,identifier,identifier_type,location_id,creator,date_created,voided,uuid) VALUES (301, '301', 2, 1, 1, now(), 0, 'id-uuid-301');
INSERT INTO person (person_id,gender,birthdate,creator,date_created,voided,uuid) VALUES (302, 'M', '2000-02-02', 1, now(), 0, 'person-uuid-302');
INSERT INTO person_name (person_id,given_name,family_name,creator,date_created,voided,uuid) VALUES (302, 'John302', 'Doe302', 1, now(), 0, 'name-uuid-302');
INSERT INTO person_address (person_id,address1,creator,date_created,voided,uuid) VALUES (302, '123 Ocean Dr 302', 1, now(), 0, 'address-uuid-302');
INSERT INTO person_attribute (person_attribute_type_id,person_id,value,voided,creator,date_created,uuid) VALUES (8, 302, '0000000302', 0, 1, now(), 'mobile-uuid-302'), (9, 302, '0000000302', 0, 1, now(), 'home-uuid-302');
INSERT INTO patient (patient_id,creator,date_created) VALUES (302, 1, now());
INSERT INTO patient_identifier (patient_id,identifier,identifier_type,location_id,creator,date_created,voided,uuid) VALUES (302, '302', 2, 1, 1, now(), 0, 'id-uuid-302');
INSERT INTO person (person_id,gender,birthdate,creator,date_created,voided,uuid) VALUES (303, 'F', '2005-05-05', 1, now(), 0, 'person-uuid-303');
INSERT INTO person_name (person_id,given_name,family_name,creator,date_created,voided,uuid) VALUES (303, 'John303', 'Doe303', 1, now(), 0, 'name-uuid-303');
INSERT INTO person_address (person_id,address1,creator,date_created,voided,uuid) VALUES (303, '123 Ocean Dr 303', 1, now(), 0, 'address-uuid-303');
INSERT INTO person_attribute (person_attribute_type_id,person_id,value,voided,creator,date_created,uuid) VALUES (8, 303, '0000000303', 0, 1, now(), 'mobile-uuid-303'), (9, 303, '0000000303', 0, 1, now(), 'home-uuid-303');
INSERT INTO patient (patient_id,creator,date_created) VALUES (303, 1, now());
INSERT INTO patient_identifier (patient_id,identifier,identifier_type,location_id,creator,date_created,voided,uuid) VALUES (303, '303', 2, 1, 1, now(), 0, 'id-uuid-303');
INSERT INTO person (person_id,gender,birthdate,creator,date_created,voided,uuid) VALUES (304, 'M', '2000-02-02', 1, now(), 0, 'person-uuid-304');
INSERT INTO person_name (person_id,given_name,family_name,creator,date_created,voided,uuid) VALUES (304, 'John304', 'Doe304', 1, now(), 0, 'name-uuid-304');
INSERT INTO person_address (person_id,address1,creator,date_created,voided,uuid) VALUES (304, '123 Ocean Dr 304', 1, now(), 0, 'address-uuid-304');
INSERT INTO person_attribute (person_attribute_type_id,person_id,value,voided,creator,date_created,uuid) VALUES (8, 304, '0000000304', 0, 1, now(), 'mobile-uuid-304'), (9, 304, '0000000304', 0, 1, now(), 'home-uuid-304');
INSERT INTO patient (patient_id,creator,date_created) VALUES (304, 1, now());
INSERT INTO patient_identifier (patient_id,identifier,identifier_type,location_id,creator,date_created,voided,uuid) VALUES (304, '304', 2, 1, 1, now(), 0, 'id-uuid-304');
INSERT INTO person (person_id,gender,birthdate,creator,date_created,voided,uuid) VALUES (305, 'F', '2005-05-05', 1, now(), 0, 'person-uuid-305');
INSERT INTO person_name (person_id,given_name,family_name,creator,date_created,voided,uuid) VALUES (305, 'John305', 'Doe305', 1, now(), 0, 'name-uuid-305');
INSERT INTO person_address (person_id,address1,creator,date_created,voided,uuid) VALUES (305, '123 Ocean Dr 305', 1, now(), 0, 'address-uuid-305');
INSERT INTO person_attribute (person_attribute_type_id,person_id,value,voided,creator,date_created,uuid) VALUES (8, 305, '0000000305', 0, 1, now(), 'mobile-uuid-305'), (9, 305, '0000000305', 0, 1, now(), 'home-uuid-305');
INSERT INTO patient (patient_id,creator,date_created) VALUES (305, 1, now());
INSERT INTO patient_identifier (patient_id,identifier,identifier_type,location_id,creator,date_created,voided,uuid) VALUES (305, '305', 2, 1, 1, now(), 0, 'id-uuid-305');
INSERT INTO person (person_id,gender,birthdate,creator,date_created,voided,uuid) VALUES (306, 'M', '2000-02-02', 1, now(), 0, 'person-uuid-306');
INSERT INTO person_name (person_id,given_name,family_name,creator,date_created,voided,uuid) VALUES (306, 'John306', 'Doe306', 1, now(), 0, 'name-uuid-306');
INSERT INTO person_address (person_id,address1,creator,date_created,voided,uuid) VALUES (306, '123 Ocean Dr 306', 1, now(), 0, 'address-uuid-306');
INSERT INTO person_attribute (person_attribute_type_id,person_id,value,voided,creator,date_created,uuid) VALUES (8, 306, '0000000306', 0, 1, now(), 'mobile-uuid-306'), (9, 306, '0000000306', 0, 1, now(), 'home-uuid-306');
INSERT INTO patient (patient_id,creator,date_created) VALUES (306, 1, now());
INSERT INTO patient_identifier (patient_id,identifier,identifier_type,location_id,creator,date_created,voided,uuid) VALUES (306, '306', 2, 1, 1, now(), 0, 'id-uuid-306');
INSERT INTO person (person_id,gender,birthdate,creator,date_created,voided,uuid) VALUES (307, 'F', '2005-05-05', 1, now(), 0, 'person-uuid-307');
INSERT INTO person_name (person_id,given_name,family_name,creator,date_created,voided,uuid) VALUES (307, 'John307', 'Doe307', 1, now(), 0, 'name-uuid-307');
INSERT INTO person_address (person_id,address1,creator,date_created,voided,uuid) VALUES (307, '123 Ocean Dr 307', 1, now(), 0, 'address-uuid-307');
INSERT INTO person_attribute (person_attribute_type_id,person_id,value,voided,creator,date_created,uuid) VALUES (8, 307, '0000000307', 0, 1, now(), 'mobile-uuid-307'), (9, 307, '0000000307', 0, 1, now(), 'home-uuid-307');
INSERT INTO patient (patient_id,creator,date_created) VALUES (307, 1, now());
INSERT INTO patient_identifier (patient_id,identifier,identifier_type,location_id,creator,date_created,voided,uuid) VALUES (307, '307', 2, 1, 1, now(), 0, 'id-uuid-307');
INSERT INTO person (person_id,gender,birthdate,creator,date_created,voided,uuid) VALUES (308, 'M', '2000-02-02', 1, now(), 0, 'person-uuid-308');
INSERT INTO person_name (person_id,given_name,family_name,creator,date_created,voided,uuid) VALUES (308, 'John308', 'Doe308', 1, now(), 0, 'name-uuid-308');
INSERT INTO person_address (person_id,address1,creator,date_created,voided,uuid) VALUES (308, '123 Ocean Dr 308', 1, now(), 0, 'address-uuid-308');
INSERT INTO person_attribute (person_attribute_type_id,person_id,value,voided,creator,date_created,uuid) VALUES (8, 308, '0000000308', 0, 1, now(), 'mobile-uuid-308'), (9, 308, '0000000308', 0, 1, now(), 'home-uuid-308');
INSERT INTO patient (patient_id,creator,date_created) VALUES (308, 1, now());
INSERT INTO patient_identifier (patient_id,identifier,identifier_type,location_id,creator,date_created,voided,uuid) VALUES (308, '308', 2, 1, 1, now(), 0, 'id-uuid-308');
INSERT INTO person (person_id,gender,birthdate,creator,date_created,voided,uuid) VALUES (309, 'F', '2005-05-05', 1, now(), 0, 'person-uuid-309');
INSERT INTO person_name (person_id,given_name,family_name,creator,date_created,voided,uuid) VALUES (309, 'John309', 'Doe309', 1, now(), 0, 'name-uuid-309');
INSERT INTO person_address (person_id,address1,creator,date_created,voided,uuid) VALUES (309, '123 Ocean Dr 309', 1, now(), 0, 'address-uuid-309');
INSERT INTO person_attribute (person_attribute_type_id,person_id,value,voided,creator,date_created,uuid) VALUES (8, 309, '0000000309', 0, 1, now(), 'mobile-uuid-309'), (9, 309, '0000000309', 0, 1, now(), 'home-uuid-309');
INSERT INTO patient (patient_id,creator,date_created) VALUES (309, 1, now());
INSERT INTO patient_identifier (patient_id,identifier,identifier_type,location_id,creator,date_created,voided,uuid) VALUES (309, '309', 2, 1, 1, now(), 0, 'id-uuid-309');
INSERT INTO person (person_id,gender,birthdate,creator,date_created,voided,uuid) VALUES (310, 'M', '2000-02-02', 1, now(), 0, 'person-uuid-310');
INSERT INTO person_name (person_id,given_name,family_name,creator,date_created,voided,uuid) VALUES (310, 'John310', 'Doe310', 1, now(), 0, 'name-uuid-310');
INSERT INTO person_address (person_id,address1,creator,date_created,voided,uuid) VALUES (310, '123 Ocean Dr 310', 1, now(), 0, 'address-uuid-310');
INSERT INTO person_attribute (person_attribute_type_id,person_id,value,voided,creator,date_created,uuid) VALUES (8, 310, '0000000310', 0, 1, now(), 'mobile-uuid-310'), (9, 310, '0000000310', 0, 1, now(), 'home-uuid-310');
INSERT INTO patient (patient_id,creator,date_created) VALUES (310, 1, now());
INSERT INTO patient_identifier (patient_id,identifier,identifier_type,location_id,creator,date_created,voided,uuid) VALUES (310, '310', 2, 1, 1, now(), 0, 'id-uuid-310');
INSERT INTO person (person_id,gender,birthdate,creator,date_created,voided,uuid) VALUES (311, 'F', '2005-05-05', 1, now(), 0, 'person-uuid-311');
INSERT INTO person_name (person_id,given_name,family_name,creator,date_created,voided,uuid) VALUES (311, 'John311', 'Doe311', 1, now(), 0, 'name-uuid-311');
INSERT INTO person_address (person_id,address1,creator,date_created,voided,uuid) VALUES (311, '123 Ocean Dr 311', 1, now(), 0, 'address-uuid-311');
INSERT INTO person_attribute (person_attribute_type_id,person_id,value,voided,creator,date_created,uuid) VALUES (8, 311, '0000000311', 0, 1, now(), 'mobile-uuid-311'), (9, 311, '0000000311', 0, 1, now(), 'home-uuid-311');
INSERT INTO patient (patient_id,creator,date_created) VALUES (311, 1, now());
INSERT INTO patient_identifier (patient_id,identifier,identifier_type,location_id,creator,date_created,voided,uuid) VALUES (311, '311', 2, 1, 1, now(), 0, 'id-uuid-311');
INSERT INTO person (person_id,gender,birthdate,creator,date_created,voided,uuid) VALUES (312, 'M', '2000-02-02', 1, now(), 0, 'person-uuid-312');
INSERT INTO person_name (person_id,given_name,family_name,creator,date_created,voided,uuid) VALUES (312, 'John312', 'Doe312', 1, now(), 0, 'name-uuid-312');
INSERT INTO person_address (person_id,address1,creator,date_created,voided,uuid) VALUES (312, '123 Ocean Dr 312', 1, now(), 0, 'address-uuid-312');
INSERT INTO person_attribute (person_attribute_type_id,person_id,value,voided,creator,date_created,uuid) VALUES (8, 312, '0000000312', 0, 1, now(), 'mobile-uuid-312'), (9, 312, '0000000312', 0, 1, now(), 'home-uuid-312');
INSERT INTO patient (patient_id,creator,date_created) VALUES (312, 1, now());
INSERT INTO patient_identifier (patient_id,identifier,identifier_type,location_id,creator,date_created,voided,uuid) VALUES (312, '312', 2, 1, 1, now(), 0, 'id-uuid-312');
INSERT INTO person (person_id,gender,birthdate,creator,date_created,voided,uuid) VALUES (313, 'F', '2005-05-05', 1, now(), 0, 'person-uuid-313');
INSERT INTO person_name (person_id,given_name,family_name,creator,date_created,voided,uuid) VALUES (313, 'John313', 'Doe313', 1, now(), 0, 'name-uuid-313');
INSERT INTO person_address (person_id,address1,creator,date_created,voided,uuid) VALUES (313, '123 Ocean Dr 313', 1, now(), 0, 'address-uuid-313');
INSERT INTO person_attribute (person_attribute_type_id,person_id,value,voided,creator,date_created,uuid) VALUES (8, 313, '0000000313', 0, 1, now(), 'mobile-uuid-313'), (9, 313, '0000000313', 0, 1, now(), 'home-uuid-313');
INSERT INTO patient (patient_id,creator,date_created) VALUES (313, 1, now());
INSERT INTO patient_identifier (patient_id,identifier,identifier_type,location_id,creator,date_created,voided,uuid) VALUES (313, '313', 2, 1, 1, now(), 0, 'id-uuid-313');
INSERT INTO person (person_id,gender,birthdate,creator,date_created,voided,uuid) VALUES (314, 'M', '2000-02-02', 1, now(), 0, 'person-uuid-314');
INSERT INTO person_name (person_id,given_name,family_name,creator,date_created,voided,uuid) VALUES (314, 'John314', 'Doe314', 1, now(), 0, 'name-uuid-314');
INSERT INTO person_address (person_id,address1,creator,date_created,voided,uuid) VALUES (314, '123 Ocean Dr 314', 1, now(), 0, 'address-uuid-314');
INSERT INTO person_attribute (person_attribute_type_id,person_id,value,voided,creator,date_created,uuid) VALUES (8, 314, '0000000314', 0, 1, now(), 'mobile-uuid-314'), (9, 314, '0000000314', 0, 1, now(), 'home-uuid-314');
INSERT INTO patient (patient_id,creator,date_created) VALUES (314, 1, now());
INSERT INTO patient_identifier (patient_id,identifier,identifier_type,location_id,creator,date_created,voided,uuid) VALUES (314, '314', 2, 1, 1, now(), 0, 'id-uuid-314');
INSERT INTO person (person_id,gender,birthdate,creator,date_created,voided,uuid) VALUES (315, 'F', '2005-05-05', 1, now(), 0, 'person-uuid-315');
INSERT INTO person_name (person_id,given_name,family_name,creator,date_created,voided,uuid) VALUES (315, 'John315', 'Doe315', 1, now(), 0, 'name-uuid-315');
INSERT INTO person_address (person_id,address1,creator,date_created,voided,uuid) VALUES (315, '123 Ocean Dr 315', 1, now(), 0, 'address-uuid-315');
INSERT INTO person_attribute (person_attribute_type_id,person_id,value,voided,creator,date_created,uuid) VALUES (8, 315, '0000000315', 0, 1, now(), 'mobile-uuid-315'), (9, 315, '0000000315', 0, 1, now(), 'home-uuid-315');
INSERT INTO patient (patient_id,creator,date_created) VALUES (315, 1, now());
INSERT INTO patient_identifier (patient_id,identifier,identifier_type,location_id,creator,date_created,voided,uuid) VALUES (315, '315', 2, 1, 1, now(), 0, 'id-uuid-315');
INSERT INTO person (person_id,gender,birthdate,creator,date_created,voided,uuid) VALUES (316, 'M', '2000-02-02', 1, now(), 0, 'person-uuid-316');
INSERT INTO person_name (person_id,given_name,family_name,creator,date_created,voided,uuid) VALUES (316, 'John316', 'Doe316', 1, now(), 0, 'name-uuid-316');
INSERT INTO person_address (person_id,address1,creator,date_created,voided,uuid) VALUES (316, '123 Ocean Dr 316', 1, now(), 0, 'address-uuid-316');
INSERT INTO person_attribute (person_attribute_type_id,person_id,value,voided,creator,date_created,uuid) VALUES (8, 316, '0000000316', 0, 1, now(), 'mobile-uuid-316'), (9, 316, '0000000316', 0, 1, now(), 'home-uuid-316');
INSERT INTO patient (patient_id,creator,date_created) VALUES (316, 1, now());
INSERT INTO patient_identifier (patient_id,identifier,identifier_type,location_id,creator,date_created,voided,uuid) VALUES (316, '316', 2, 1, 1, now(), 0, 'id-uuid-316');
INSERT INTO person (person_id,gender,birthdate,creator,date_created,voided,uuid) VALUES (317, 'F', '2005-05-05', 1, now(), 0, 'person-uuid-317');
INSERT INTO person_name (person_id,given_name,family_name,creator,date_created,voided,uuid) VALUES (317, 'John317', 'Doe317', 1, now(), 0, 'name-uuid-317');
INSERT INTO person_address (person_id,address1,creator,date_created,voided,uuid) VALUES (317, '123 Ocean Dr 317', 1, now(), 0, 'address-uuid-317');
INSERT INTO person_attribute (person_attribute_type_id,person_id,value,voided,creator,date_created,uuid) VALUES (8, 317, '0000000317', 0, 1, now(), 'mobile-uuid-317'), (9, 317, '0000000317', 0, 1, now(), 'home-uuid-317');
INSERT INTO patient (patient_id,creator,date_created) VALUES (317, 1, now());
INSERT INTO patient_identifier (patient_id,identifier,identifier_type,location_id,creator,date_created,voided,uuid) VALUES (317, '317', 2, 1, 1, now(), 0, 'id-uuid-317');
INSERT INTO person (person_id,gender,birthdate,creator,date_created,voided,uuid) VALUES (318, 'M', '2000-02-02', 1, now(), 0, 'person-uuid-318');
INSERT INTO person_name (person_id,given_name,family_name,creator,date_created,voided,uuid) VALUES (318, 'John318', 'Doe318', 1, now(), 0, 'name-uuid-318');
INSERT INTO person_address (person_id,address1,creator,date_created,voided,uuid) VALUES (318, '123 Ocean Dr 318', 1, now(), 0, 'address-uuid-318');
INSERT INTO person_attribute (person_attribute_type_id,person_id,value,voided,creator,date_created,uuid) VALUES (8, 318, '0000000318', 0, 1, now(), 'mobile-uuid-318'), (9, 318, '0000000318', 0, 1, now(), 'home-uuid-318');
INSERT INTO patient (patient_id,creator,date_created) VALUES (318, 1, now());
INSERT INTO patient_identifier (patient_id,identifier,identifier_type,location_id,creator,date_created,voided,uuid) VALUES (318, '318', 2, 1, 1, now(), 0, 'id-uuid-318');
INSERT INTO person (person_id,gender,birthdate,creator,date_created,voided,uuid) VALUES (319, 'F', '2005-05-05', 1, now(), 0, 'person-uuid-319');
INSERT INTO person_name (person_id,given_name,family_name,creator,date_created,voided,uuid) VALUES (319, 'John319', 'Doe319', 1, now(), 0, 'name-uuid-319');
INSERT INTO person_address (person_id,address1,creator,date_created,voided,uuid) VALUES (319, '123 Ocean Dr 319', 1, now(), 0, 'address-uuid-319');
INSERT INTO person_attribute (person_attribute_type_id,person_id,value,voided,creator,date_created,uuid) VALUES (8, 319, '0000000319', 0, 1, now(), 'mobile-uuid-319'), (9, 319, '0000000319', 0, 1, now(), 'home-uuid-319');
INSERT INTO patient (patient_id,creator,date_created) VALUES (319, 1, now());
INSERT INTO patient_identifier (patient_id,identifier,identifier_type,location_id,creator,date_created,voided,uuid) VALUES (319, '319', 2, 1, 1, now(), 0, 'id-uuid-319');
INSERT INTO person (person_id,gender,birthdate,creator,date_created,voided,uuid) VALUES (320, 'M', '2000-02-02', 1, now(), 0, 'person-uuid-320');
INSERT INTO person_name (person_id,given_name,family_name,creator,date_created,voided,uuid) VALUES (320, 'John320', 'Doe320', 1, now(), 0, 'name-uuid-320');
INSERT INTO person_address (person_id,address1,creator,date_created,voided,uuid) VALUES (320, '123 Ocean Dr 320', 1, now(), 0, 'address-uuid-320');
INSERT INTO person_attribute (person_attribute_type_id,person_id,value,voided,creator,date_created,uuid) VALUES (8, 320, '0000000320', 0, 1, now(), 'mobile-uuid-320'), (9, 320, '0000000320', 0, 1, now(), 'home-uuid-320');
INSERT INTO patient (patient_id,creator,date_created) VALUES (320, 1, now());
INSERT INTO patient_identifier (patient_id,identifier,identifier_type,location_id,creator,date_created,voided,uuid) VALUES (320, '320', 2, 1, 1, now(), 0, 'id-uuid-320');
INSERT INTO person (person_id,gender,birthdate,creator,date_created,voided,uuid) VALUES (321, 'F', '2005-05-05', 1, now(), 0, 'person-uuid-321');
INSERT INTO person_name (person_id,given_name,family_name,creator,date_created,voided,uuid) VALUES (321, 'John321', 'Doe321', 1, now(), 0, 'name-uuid-321');
INSERT INTO person_address (person_id,address1,creator,date_created,voided,uuid) VALUES (321, '123 Ocean Dr 321', 1, now(), 0, 'address-uuid-321');
INSERT INTO person_attribute (person_attribute_type_id,person_id,value,voided,creator,date_created,uuid) VALUES (8, 321, '0000000321', 0, 1, now(), 'mobile-uuid-321'), (9, 321, '0000000321', 0, 1, now(), 'home-uuid-321');
INSERT INTO patient (patient_id,creator,date_created) VALUES (321, 1, now());
INSERT INTO patient_identifier (patient_id,identifier,identifier_type,location_id,creator,date_created,voided,uuid) VALUES (321, '321', 2, 1, 1, now(), 0, 'id-uuid-321');
INSERT INTO person (person_id,gender,birthdate,creator,date_created,voided,uuid) VALUES (322, 'M', '2000-02-02', 1, now(), 0, 'person-uuid-322');
INSERT INTO person_name (person_id,given_name,family_name,creator,date_created,voided,uuid) VALUES (322, 'John322', 'Doe322', 1, now(), 0, 'name-uuid-322');
INSERT INTO person_address (person_id,address1,creator,date_created,voided,uuid) VALUES (322, '123 Ocean Dr 322', 1, now(), 0, 'address-uuid-322');
INSERT INTO person_attribute (person_attribute_type_id,person_id,value,voided,creator,date_created,uuid) VALUES (8, 322, '0000000322', 0, 1, now(), 'mobile-uuid-322'), (9, 322, '0000000322', 0, 1, now(), 'home-uuid-322');
INSERT INTO patient (patient_id,creator,date_created) VALUES (322, 1, now());
INSERT INTO patient_identifier (patient_id,identifier,identifier_type,location_id,creator,date_created,voided,uuid) VALUES (322, '322', 2, 1, 1, now(), 0, 'id-uuid-322');
INSERT INTO person (person_id,gender,birthdate,creator,date_created,voided,uuid) VALUES (323, 'F', '2005-05-05', 1, now(), 0, 'person-uuid-323');
INSERT INTO person_name (person_id,given_name,family_name,creator,date_created,voided,uuid) VALUES (323, 'John323', 'Doe323', 1, now(), 0, 'name-uuid-323');
INSERT INTO person_address (person_id,address1,creator,date_created,voided,uuid) VALUES (323, '123 Ocean Dr 323', 1, now(), 0, 'address-uuid-323');
INSERT INTO person_attribute (person_attribute_type_id,person_id,value,voided,creator,date_created,uuid) VALUES (8, 323, '0000000323', 0, 1, now(), 'mobile-uuid-323'), (9, 323, '0000000323', 0, 1, now(), 'home-uuid-323');
INSERT INTO patient (patient_id,creator,date_created) VALUES (323, 1, now());
INSERT INTO patient_identifier (patient_id,identifier,identifier_type,location_id,creator,date_created,voided,uuid) VALUES (323, '323', 2, 1, 1, now(), 0, 'id-uuid-323');
INSERT INTO person (person_id,gender,birthdate,creator,date_created,voided,uuid) VALUES (324, 'M', '2000-02-02', 1, now(), 0, 'person-uuid-324');
INSERT INTO person_name (person_id,given_name,family_name,creator,date_created,voided,uuid) VALUES (324, 'John324', 'Doe324', 1, now(), 0, 'name-uuid-324');
INSERT INTO person_address (person_id,address1,creator,date_created,voided,uuid) VALUES (324, '123 Ocean Dr 324', 1, now(), 0, 'address-uuid-324');
INSERT INTO person_attribute (person_attribute_type_id,person_id,value,voided,creator,date_created,uuid) VALUES (8, 324, '0000000324', 0, 1, now(), 'mobile-uuid-324'), (9, 324, '0000000324', 0, 1, now(), 'home-uuid-324');
INSERT INTO patient (patient_id,creator,date_created) VALUES (324, 1, now());
INSERT INTO patient_identifier (patient_id,identifier,identifier_type,location_id,creator,date_created,voided,uuid) VALUES (324, '324', 2, 1, 1, now(), 0, 'id-uuid-324');
INSERT INTO person (person_id,gender,birthdate,creator,date_created,voided,uuid) VALUES (325, 'F', '2005-05-05', 1, now(), 0, 'person-uuid-325');
INSERT INTO person_name (person_id,given_name,family_name,creator,date_created,voided,uuid) VALUES (325, 'John325', 'Doe325', 1, now(), 0, 'name-uuid-325');
INSERT INTO person_address (person_id,address1,creator,date_created,voided,uuid) VALUES (325, '123 Ocean Dr 325', 1, now(), 0, 'address-uuid-325');
INSERT INTO person_attribute (person_attribute_type_id,person_id,value,voided,creator,date_created,uuid) VALUES (8, 325, '0000000325', 0, 1, now(), 'mobile-uuid-325'), (9, 325, '0000000325', 0, 1, now(), 'home-uuid-325');
INSERT INTO patient (patient_id,creator,date_created) VALUES (325, 1, now());
INSERT INTO patient_identifier (patient_id,identifier,identifier_type,location_id,creator,date_created,voided,uuid) VALUES (325, '325', 2, 1, 1, now(), 0, 'id-uuid-325');
INSERT INTO person (person_id,gender,birthdate,creator,date_created,voided,uuid) VALUES (326, 'M', '2000-02-02', 1, now(), 0, 'person-uuid-326');
INSERT INTO person_name (person_id,given_name,family_name,creator,date_created,voided,uuid) VALUES (326, 'John326', 'Doe326', 1, now(), 0, 'name-uuid-326');
INSERT INTO person_address (person_id,address1,creator,date_created,voided,uuid) VALUES (326, '123 Ocean Dr 326', 1, now(), 0, 'address-uuid-326');
INSERT INTO person_attribute (person_attribute_type_id,person_id,value,voided,creator,date_created,uuid) VALUES (8, 326, '0000000326', 0, 1, now(), 'mobile-uuid-326'), (9, 326, '0000000326', 0, 1, now(), 'home-uuid-326');
INSERT INTO patient (patient_id,creator,date_created) VALUES (326, 1, now());
INSERT INTO patient_identifier (patient_id,identifier,identifier_type,location_id,creator,date_created,voided,uuid) VALUES (326, '326', 2, 1, 1, now(), 0, 'id-uuid-326');
INSERT INTO person (person_id,gender,birthdate,creator,date_created,voided,uuid) VALUES (327, 'F', '2005-05-05', 1, now(), 0, 'person-uuid-327');
INSERT INTO person_name (person_id,given_name,family_name,creator,date_created,voided,uuid) VALUES (327, 'John327', 'Doe327', 1, now(), 0, 'name-uuid-327');
INSERT INTO person_address (person_id,address1,creator,date_created,voided,uuid) VALUES (327, '123 Ocean Dr 327', 1, now(), 0, 'address-uuid-327');
INSERT INTO person_attribute (person_attribute_type_id,person_id,value,voided,creator,date_created,uuid) VALUES (8, 327, '0000000327', 0, 1, now(), 'mobile-uuid-327'), (9, 327, '0000000327', 0, 1, now(), 'home-uuid-327');
INSERT INTO patient (patient_id,creator,date_created) VALUES (327, 1, now());
INSERT INTO patient_identifier (patient_id,identifier,identifier_type,location_id,creator,date_created,voided,uuid) VALUES (327, '327', 2, 1, 1, now(), 0, 'id-uuid-327');
INSERT INTO person (person_id,gender,birthdate,creator,date_created,voided,uuid) VALUES (328, 'M', '2000-02-02', 1, now(), 0, 'person-uuid-328');
INSERT INTO person_name (person_id,given_name,family_name,creator,date_created,voided,uuid) VALUES (328, 'John328', 'Doe328', 1, now(), 0, 'name-uuid-328');
INSERT INTO person_address (person_id,address1,creator,date_created,voided,uuid) VALUES (328, '123 Ocean Dr 328', 1, now(), 0, 'address-uuid-328');
INSERT INTO person_attribute (person_attribute_type_id,person_id,value,voided,creator,date_created,uuid) VALUES (8, 328, '0000000328', 0, 1, now(), 'mobile-uuid-328'), (9, 328, '0000000328', 0, 1, now(), 'home-uuid-328');
INSERT INTO patient (patient_id,creator,date_created) VALUES (328, 1, now());
INSERT INTO patient_identifier (patient_id,identifier,identifier_type,location_id,creator,date_created,voided,uuid) VALUES (328, '328', 2, 1, 1, now(), 0, 'id-uuid-328');
INSERT INTO person (person_id,gender,birthdate,creator,date_created,voided,uuid) VALUES (329, 'F', '2005-05-05', 1, now(), 0, 'person-uuid-329');
INSERT INTO person_name (person_id,given_name,family_name,creator,date_created,voided,uuid) VALUES (329, 'John329', 'Doe329', 1, now(), 0, 'name-uuid-329');
INSERT INTO person_address (person_id,address1,creator,date_created,voided,uuid) VALUES (329, '123 Ocean Dr 329', 1, now(), 0, 'address-uuid-329');
INSERT INTO person_attribute (person_attribute_type_id,person_id,value,voided,creator,date_created,uuid) VALUES (8, 329, '0000000329', 0, 1, now(), 'mobile-uuid-329'), (9, 329, '0000000329', 0, 1, now(), 'home-uuid-329');
INSERT INTO patient (patient_id,creator,date_created) VALUES (329, 1, now());
INSERT INTO patient_identifier (patient_id,identifier,identifier_type,location_id,creator,date_created,voided,uuid) VALUES (329, '329', 2, 1, 1, now(), 0, 'id-uuid-329');
INSERT INTO person (person_id,gender,birthdate,creator,date_created,voided,uuid) VALUES (330, 'M', '2000-02-02', 1, now(), 0, 'person-uuid-330');
INSERT INTO person_name (person_id,given_name,family_name,creator,date_created,voided,uuid) VALUES (330, 'John330', 'Doe330', 1, now(), 0, 'name-uuid-330');
INSERT INTO person_address (person_id,address1,creator,date_created,voided,uuid) VALUES (330, '123 Ocean Dr 330', 1, now(), 0, 'address-uuid-330');
INSERT INTO person_attribute (person_attribute_type_id,person_id,value,voided,creator,date_created,uuid) VALUES (8, 330, '0000000330', 0, 1, now(), 'mobile-uuid-330'), (9, 330, '0000000330', 0, 1, now(), 'home-uuid-330');
INSERT INTO patient (patient_id,creator,date_created) VALUES (330, 1, now());
INSERT INTO patient_identifier (patient_id,identifier,identifier_type,location_id,creator,date_created,voided,uuid) VALUES (330, '330', 2, 1, 1, now(), 0, 'id-uuid-330');
INSERT INTO person (person_id,gender,birthdate,creator,date_created,voided,uuid) VALUES (331, 'F', '2005-05-05', 1, now(), 0, 'person-uuid-331');
INSERT INTO person_name (person_id,given_name,family_name,creator,date_created,voided,uuid) VALUES (331, 'John331', 'Doe331', 1, now(), 0, 'name-uuid-331');
INSERT INTO person_address (person_id,address1,creator,date_created,voided,uuid) VALUES (331, '123 Ocean Dr 331', 1, now(), 0, 'address-uuid-331');
INSERT INTO person_attribute (person_attribute_type_id,person_id,value,voided,creator,date_created,uuid) VALUES (8, 331, '0000000331', 0, 1, now(), 'mobile-uuid-331'), (9, 331, '0000000331', 0, 1, now(), 'home-uuid-331');
INSERT INTO patient (patient_id,creator,date_created) VALUES (331, 1, now());
INSERT INTO patient_identifier (patient_id,identifier,identifier_type,location_id,creator,date_created,voided,uuid) VALUES (331, '331', 2, 1, 1, now(), 0, 'id-uuid-331');
INSERT INTO person (person_id,gender,birthdate,creator,date_created,voided,uuid) VALUES (332, 'M', '2000-02-02', 1, now(), 0, 'person-uuid-332');
INSERT INTO person_name (person_id,given_name,family_name,creator,date_created,voided,uuid) VALUES (332, 'John332', 'Doe332', 1, now(), 0, 'name-uuid-332');
INSERT INTO person_address (person_id,address1,creator,date_created,voided,uuid) VALUES (332, '123 Ocean Dr 332', 1, now(), 0, 'address-uuid-332');
INSERT INTO person_attribute (person_attribute_type_id,person_id,value,voided,creator,date_created,uuid) VALUES (8, 332, '0000000332', 0, 1, now(), 'mobile-uuid-332'), (9, 332, '0000000332', 0, 1, now(), 'home-uuid-332');
INSERT INTO patient (patient_id,creator,date_created) VALUES (332, 1, now());
INSERT INTO patient_identifier (patient_id,identifier,identifier_type,location_id,creator,date_created,voided,uuid) VALUES (332, '332', 2, 1, 1, now(), 0, 'id-uuid-332');
INSERT INTO person (person_id,gender,birthdate,creator,date_created,voided,uuid) VALUES (333, 'F', '2005-05-05', 1, now(), 0, 'person-uuid-333');
INSERT INTO person_name (person_id,given_name,family_name,creator,date_created,voided,uuid) VALUES (333, 'John333', 'Doe333', 1, now(), 0, 'name-uuid-333');
INSERT INTO person_address (person_id,address1,creator,date_created,voided,uuid) VALUES (333, '123 Ocean Dr 333', 1, now(), 0, 'address-uuid-333');
INSERT INTO person_attribute (person_attribute_type_id,person_id,value,voided,creator,date_created,uuid) VALUES (8, 333, '0000000333', 0, 1, now(), 'mobile-uuid-333'), (9, 333, '0000000333', 0, 1, now(), 'home-uuid-333');
INSERT INTO patient (patient_id,creator,date_created) VALUES (333, 1, now());
INSERT INTO patient_identifier (patient_id,identifier,identifier_type,location_id,creator,date_created,voided,uuid) VALUES (333, '333', 2, 1, 1, now(), 0, 'id-uuid-333');
INSERT INTO person (person_id,gender,birthdate,creator,date_created,voided,uuid) VALUES (334, 'M', '2000-02-02', 1, now(), 0, 'person-uuid-334');
INSERT INTO person_name (person_id,given_name,family_name,creator,date_created,voided,uuid) VALUES (334, 'John334', 'Doe334', 1, now(), 0, 'name-uuid-334');
INSERT INTO person_address (person_id,address1,creator,date_created,voided,uuid) VALUES (334, '123 Ocean Dr 334', 1, now(), 0, 'address-uuid-334');
INSERT INTO person_attribute (person_attribute_type_id,person_id,value,voided,creator,date_created,uuid) VALUES (8, 334, '0000000334', 0, 1, now(), 'mobile-uuid-334'), (9, 334, '0000000334', 0, 1, now(), 'home-uuid-334');
INSERT INTO patient (patient_id,creator,date_created) VALUES (334, 1, now());
INSERT INTO patient_identifier (patient_id,identifier,identifier_type,location_id,creator,date_created,voided,uuid) VALUES (334, '334', 2, 1, 1, now(), 0, 'id-uuid-334');
INSERT INTO person (person_id,gender,birthdate,creator,date_created,voided,uuid) VALUES (335, 'F', '2005-05-05', 1, now(), 0, 'person-uuid-335');
INSERT INTO person_name (person_id,given_name,family_name,creator,date_created,voided,uuid) VALUES (335, 'John335', 'Doe335', 1, now(), 0, 'name-uuid-335');
INSERT INTO person_address (person_id,address1,creator,date_created,voided,uuid) VALUES (335, '123 Ocean Dr 335', 1, now(), 0, 'address-uuid-335');
INSERT INTO person_attribute (person_attribute_type_id,person_id,value,voided,creator,date_created,uuid) VALUES (8, 335, '0000000335', 0, 1, now(), 'mobile-uuid-335'), (9, 335, '0000000335', 0, 1, now(), 'home-uuid-335');
INSERT INTO patient (patient_id,creator,date_created) VALUES (335, 1, now());
INSERT INTO patient_identifier (patient_id,identifier,identifier_type,location_id,creator,date_created,voided,uuid) VALUES (335, '335', 2, 1, 1, now(), 0, 'id-uuid-335');
INSERT INTO person (person_id,gender,birthdate,creator,date_created,voided,uuid) VALUES (336, 'M', '2000-02-02', 1, now(), 0, 'person-uuid-336');
INSERT INTO person_name (person_id,given_name,family_name,creator,date_created,voided,uuid) VALUES (336, 'John336', 'Doe336', 1, now(), 0, 'name-uuid-336');
INSERT INTO person_address (person_id,address1,creator,date_created,voided,uuid) VALUES (336, '123 Ocean Dr 336', 1, now(), 0, 'address-uuid-336');
INSERT INTO person_attribute (person_attribute_type_id,person_id,value,voided,creator,date_created,uuid) VALUES (8, 336, '0000000336', 0, 1, now(), 'mobile-uuid-336'), (9, 336, '0000000336', 0, 1, now(), 'home-uuid-336');
INSERT INTO patient (patient_id,creator,date_created) VALUES (336, 1, now());
INSERT INTO patient_identifier (patient_id,identifier,identifier_type,location_id,creator,date_created,voided,uuid) VALUES (336, '336', 2, 1, 1, now(), 0, 'id-uuid-336');
INSERT INTO person (person_id,gender,birthdate,creator,date_created,voided,uuid) VALUES (337, 'F', '2005-05-05', 1, now(), 0, 'person-uuid-337');
INSERT INTO person_name (person_id,given_name,family_name,creator,date_created,voided,uuid) VALUES (337, 'John337', 'Doe337', 1, now(), 0, 'name-uuid-337');
INSERT INTO person_address (person_id,address1,creator,date_created,voided,uuid) VALUES (337, '123 Ocean Dr 337', 1, now(), 0, 'address-uuid-337');
INSERT INTO person_attribute (person_attribute_type_id,person_id,value,voided,creator,date_created,uuid) VALUES (8, 337, '0000000337', 0, 1, now(), 'mobile-uuid-337'), (9, 337, '0000000337', 0, 1, now(), 'home-uuid-337');
INSERT INTO patient (patient_id,creator,date_created) VALUES (337, 1, now());
INSERT INTO patient_identifier (patient_id,identifier,identifier_type,location_id,creator,date_created,voided,uuid) VALUES (337, '337', 2, 1, 1, now(), 0, 'id-uuid-337');
INSERT INTO person (person_id,gender,birthdate,creator,date_created,voided,uuid) VALUES (338, 'M', '2000-02-02', 1, now(), 0, 'person-uuid-338');
INSERT INTO person_name (person_id,given_name,family_name,creator,date_created,voided,uuid) VALUES (338, 'John338', 'Doe338', 1, now(), 0, 'name-uuid-338');
INSERT INTO person_address (person_id,address1,creator,date_created,voided,uuid) VALUES (338, '123 Ocean Dr 338', 1, now(), 0, 'address-uuid-338');
INSERT INTO person_attribute (person_attribute_type_id,person_id,value,voided,creator,date_created,uuid) VALUES (8, 338, '0000000338', 0, 1, now(), 'mobile-uuid-338'), (9, 338, '0000000338', 0, 1, now(), 'home-uuid-338');
INSERT INTO patient (patient_id,creator,date_created) VALUES (338, 1, now());
INSERT INTO patient_identifier (patient_id,identifier,identifier_type,location_id,creator,date_created,voided,uuid) VALUES (338, '338', 2, 1, 1, now(), 0, 'id-uuid-338');
INSERT INTO person (person_id,gender,birthdate,creator,date_created,voided,uuid) VALUES (339, 'F', '2005-05-05', 1, now(), 0, 'person-uuid-339');
INSERT INTO person_name (person_id,given_name,family_name,creator,date_created,voided,uuid) VALUES (339, 'John339', 'Doe339', 1, now(), 0, 'name-uuid-339');
INSERT INTO person_address (person_id,address1,creator,date_created,voided,uuid) VALUES (339, '123 Ocean Dr 339', 1, now(), 0, 'address-uuid-339');
INSERT INTO person_attribute (person_attribute_type_id,person_id,value,voided,creator,date_created,uuid) VALUES (8, 339, '0000000339', 0, 1, now(), 'mobile-uuid-339'), (9, 339, '0000000339', 0, 1, now(), 'home-uuid-339');
INSERT INTO patient (patient_id,creator,date_created) VALUES (339, 1, now());
INSERT INTO patient_identifier (patient_id,identifier,identifier_type,location_id,creator,date_created,voided,uuid) VALUES (339, '339', 2, 1, 1, now(), 0, 'id-uuid-339');
INSERT INTO person (person_id,gender,birthdate,creator,date_created,voided,uuid) VALUES (340, 'M', '2000-02-02', 1, now(), 0, 'person-uuid-340');
INSERT INTO person_name (person_id,given_name,family_name,creator,date_created,voided,uuid) VALUES (340, 'John340', 'Doe340', 1, now(), 0, 'name-uuid-340');
INSERT INTO person_address (person_id,address1,creator,date_created,voided,uuid) VALUES (340, '123 Ocean Dr 340', 1, now(), 0, 'address-uuid-340');
INSERT INTO person_attribute (person_attribute_type_id,person_id,value,voided,creator,date_created,uuid) VALUES (8, 340, '0000000340', 0, 1, now(), 'mobile-uuid-340'), (9, 340, '0000000340', 0, 1, now(), 'home-uuid-340');
INSERT INTO patient (patient_id,creator,date_created) VALUES (340, 1, now());
INSERT INTO patient_identifier (patient_id,identifier,identifier_type,location_id,creator,date_created,voided,uuid) VALUES (340, '340', 2, 1, 1, now(), 0, 'id-uuid-340');
INSERT INTO person (person_id,gender,birthdate,creator,date_created,voided,uuid) VALUES (341, 'F', '2005-05-05', 1, now(), 0, 'person-uuid-341');
INSERT INTO person_name (person_id,given_name,family_name,creator,date_created,voided,uuid) VALUES (341, 'John341', 'Doe341', 1, now(), 0, 'name-uuid-341');
INSERT INTO person_address (person_id,address1,creator,date_created,voided,uuid) VALUES (341, '123 Ocean Dr 341', 1, now(), 0, 'address-uuid-341');
INSERT INTO person_attribute (person_attribute_type_id,person_id,value,voided,creator,date_created,uuid) VALUES (8, 341, '0000000341', 0, 1, now(), 'mobile-uuid-341'), (9, 341, '0000000341', 0, 1, now(), 'home-uuid-341');
INSERT INTO patient (patient_id,creator,date_created) VALUES (341, 1, now());
INSERT INTO patient_identifier (patient_id,identifier,identifier_type,location_id,creator,date_created,voided,uuid) VALUES (341, '341', 2, 1, 1, now(), 0, 'id-uuid-341');
INSERT INTO person (person_id,gender,birthdate,creator,date_created,voided,uuid) VALUES (342, 'M', '2000-02-02', 1, now(), 0, 'person-uuid-342');
INSERT INTO person_name (person_id,given_name,family_name,creator,date_created,voided,uuid) VALUES (342, 'John342', 'Doe342', 1, now(), 0, 'name-uuid-342');
INSERT INTO person_address (person_id,address1,creator,date_created,voided,uuid) VALUES (342, '123 Ocean Dr 342', 1, now(), 0, 'address-uuid-342');
INSERT INTO person_attribute (person_attribute_type_id,person_id,value,voided,creator,date_created,uuid) VALUES (8, 342, '0000000342', 0, 1, now(), 'mobile-uuid-342'), (9, 342, '0000000342', 0, 1, now(), 'home-uuid-342');
INSERT INTO patient (patient_id,creator,date_created) VALUES (342, 1, now());
INSERT INTO patient_identifier (patient_id,identifier,identifier_type,location_id,creator,date_created,voided,uuid) VALUES (342, '342', 2, 1, 1, now(), 0, 'id-uuid-342');
INSERT INTO person (person_id,gender,birthdate,creator,date_created,voided,uuid) VALUES (343, 'F', '2005-05-05', 1, now(), 0, 'person-uuid-343');
INSERT INTO person_name (person_id,given_name,family_name,creator,date_created,voided,uuid) VALUES (343, 'John343', 'Doe343', 1, now(), 0, 'name-uuid-343');
INSERT INTO person_address (person_id,address1,creator,date_created,voided,uuid) VALUES (343, '123 Ocean Dr 343', 1, now(), 0, 'address-uuid-343');
INSERT INTO person_attribute (person_attribute_type_id,person_id,value,voided,creator,date_created,uuid) VALUES (8, 343, '0000000343', 0, 1, now(), 'mobile-uuid-343'), (9, 343, '0000000343', 0, 1, now(), 'home-uuid-343');
INSERT INTO patient (patient_id,creator,date_created) VALUES (343, 1, now());
INSERT INTO patient_identifier (patient_id,identifier,identifier_type,location_id,creator,date_created,voided,uuid) VALUES (343, '343', 2, 1, 1, now(), 0, 'id-uuid-343');
INSERT INTO person (person_id,gender,birthdate,creator,date_created,voided,uuid) VALUES (344, 'M', '2000-02-02', 1, now(), 0, 'person-uuid-344');
INSERT INTO person_name (person_id,given_name,family_name,creator,date_created,voided,uuid) VALUES (344, 'John344', 'Doe344', 1, now(), 0, 'name-uuid-344');
INSERT INTO person_address (person_id,address1,creator,date_created,voided,uuid) VALUES (344, '123 Ocean Dr 344', 1, now(), 0, 'address-uuid-344');
INSERT INTO person_attribute (person_attribute_type_id,person_id,value,voided,creator,date_created,uuid) VALUES (8, 344, '0000000344', 0, 1, now(), 'mobile-uuid-344'), (9, 344, '0000000344', 0, 1, now(), 'home-uuid-344');
INSERT INTO patient (patient_id,creator,date_created) VALUES (344, 1, now());
INSERT INTO patient_identifier (patient_id,identifier,identifier_type,location_id,creator,date_created,voided,uuid) VALUES (344, '344', 2, 1, 1, now(), 0, 'id-uuid-344');
INSERT INTO person (person_id,gender,birthdate,creator,date_created,voided,uuid) VALUES (345, 'F', '2005-05-05', 1, now(), 0, 'person-uuid-345');
INSERT INTO person_name (person_id,given_name,family_name,creator,date_created,voided,uuid) VALUES (345, 'John345', 'Doe345', 1, now(), 0, 'name-uuid-345');
INSERT INTO person_address (person_id,address1,creator,date_created,voided,uuid) VALUES (345, '123 Ocean Dr 345', 1, now(), 0, 'address-uuid-345');
INSERT INTO person_attribute (person_attribute_type_id,person_id,value,voided,creator,date_created,uuid) VALUES (8, 345, '0000000345', 0, 1, now(), 'mobile-uuid-345'), (9, 345, '0000000345', 0, 1, now(), 'home-uuid-345');
INSERT INTO patient (patient_id,creator,date_created) VALUES (345, 1, now());
INSERT INTO patient_identifier (patient_id,identifier,identifier_type,location_id,creator,date_created,voided,uuid) VALUES (345, '345', 2, 1, 1, now(), 0, 'id-uuid-345');
INSERT INTO person (person_id,gender,birthdate,creator,date_created,voided,uuid) VALUES (346, 'M', '2000-02-02', 1, now(), 0, 'person-uuid-346');
INSERT INTO person_name (person_id,given_name,family_name,creator,date_created,voided,uuid) VALUES (346, 'John346', 'Doe346', 1, now(), 0, 'name-uuid-346');
INSERT INTO person_address (person_id,address1,creator,date_created,voided,uuid) VALUES (346, '123 Ocean Dr 346', 1, now(), 0, 'address-uuid-346');
INSERT INTO person_attribute (person_attribute_type_id,person_id,value,voided,creator,date_created,uuid) VALUES (8, 346, '0000000346', 0, 1, now(), 'mobile-uuid-346'), (9, 346, '0000000346', 0, 1, now(), 'home-uuid-346');
INSERT INTO patient (patient_id,creator,date_created) VALUES (346, 1, now());
INSERT INTO patient_identifier (patient_id,identifier,identifier_type,location_id,creator,date_created,voided,uuid) VALUES (346, '346', 2, 1, 1, now(), 0, 'id-uuid-346');
INSERT INTO person (person_id,gender,birthdate,creator,date_created,voided,uuid) VALUES (347, 'F', '2005-05-05', 1, now(), 0, 'person-uuid-347');
INSERT INTO person_name (person_id,given_name,family_name,creator,date_created,voided,uuid) VALUES (347, 'John347', 'Doe347', 1, now(), 0, 'name-uuid-347');
INSERT INTO person_address (person_id,address1,creator,date_created,voided,uuid) VALUES (347, '123 Ocean Dr 347', 1, now(), 0, 'address-uuid-347');
INSERT INTO person_attribute (person_attribute_type_id,person_id,value,voided,creator,date_created,uuid) VALUES (8, 347, '0000000347', 0, 1, now(), 'mobile-uuid-347'), (9, 347, '0000000347', 0, 1, now(), 'home-uuid-347');
INSERT INTO patient (patient_id,creator,date_created) VALUES (347, 1, now());
INSERT INTO patient_identifier (patient_id,identifier,identifier_type,location_id,creator,date_created,voided,uuid) VALUES (347, '347', 2, 1, 1, now(), 0, 'id-uuid-347');
INSERT INTO person (person_id,gender,birthdate,creator,date_created,voided,uuid) VALUES (348, 'M', '2000-02-02', 1, now(), 0, 'person-uuid-348');
INSERT INTO person_name (person_id,given_name,family_name,creator,date_created,voided,uuid) VALUES (348, 'John348', 'Doe348', 1, now(), 0, 'name-uuid-348');
INSERT INTO person_address (person_id,address1,creator,date_created,voided,uuid) VALUES (348, '123 Ocean Dr 348', 1, now(), 0, 'address-uuid-348');
INSERT INTO person_attribute (person_attribute_type_id,person_id,value,voided,creator,date_created,uuid) VALUES (8, 348, '0000000348', 0, 1, now(), 'mobile-uuid-348'), (9, 348, '0000000348', 0, 1, now(), 'home-uuid-348');
INSERT INTO patient (patient_id,creator,date_created) VALUES (348, 1, now());
INSERT INTO patient_identifier (patient_id,identifier,identifier_type,location_id,creator,date_created,voided,uuid) VALUES (348, '348', 2, 1, 1, now(), 0, 'id-uuid-348');
INSERT INTO person (person_id,gender,birthdate,creator,date_created,voided,uuid) VALUES (349, 'F', '2005-05-05', 1, now(), 0, 'person-uuid-349');
INSERT INTO person_name (person_id,given_name,family_name,creator,date_created,voided,uuid) VALUES (349, 'John349', 'Doe349', 1, now(), 0, 'name-uuid-349');
INSERT INTO person_address (person_id,address1,creator,date_created,voided,uuid) VALUES (349, '123 Ocean Dr 349', 1, now(), 0, 'address-uuid-349');
INSERT INTO person_attribute (person_attribute_type_id,person_id,value,voided,creator,date_created,uuid) VALUES (8, 349, '0000000349', 0, 1, now(), 'mobile-uuid-349'), (9, 349, '0000000349', 0, 1, now(), 'home-uuid-349');
INSERT INTO patient (patient_id,creator,date_created) VALUES (349, 1, now());
INSERT INTO patient_identifier (patient_id,identifier,identifier_type,location_id,creator,date_created,voided,uuid) VALUES (349, '349', 2, 1, 1, now(), 0, 'id-uuid-349');
INSERT INTO person (person_id,gender,birthdate,creator,date_created,voided,uuid) VALUES (350, 'M', '2000-02-02', 1, now(), 0, 'person-uuid-350');
INSERT INTO person_name (person_id,given_name,family_name,creator,date_created,voided,uuid) VALUES (350, 'John350', 'Doe350', 1, now(), 0, 'name-uuid-350');
INSERT INTO person_address (person_id,address1,creator,date_created,voided,uuid) VALUES (350, '123 Ocean Dr 350', 1, now(), 0, 'address-uuid-350');
INSERT INTO person_attribute (person_attribute_type_id,person_id,value,voided,creator,date_created,uuid) VALUES (8, 350, '0000000350', 0, 1, now(), 'mobile-uuid-350'), (9, 350, '0000000350', 0, 1, now(), 'home-uuid-350');
INSERT INTO patient (patient_id,creator,date_created) VALUES (350, 1, now());
INSERT INTO patient_identifier (patient_id,identifier,identifier_type,location_id,creator,date_created,voided,uuid) VALUES (350, '350', 2, 1, 1, now(), 0, 'id-uuid-350');
INSERT INTO person (person_id,gender,birthdate,creator,date_created,voided,uuid) VALUES (351, 'F', '2005-05-05', 1, now(), 0, 'person-uuid-351');
INSERT INTO person_name (person_id,given_name,family_name,creator,date_created,voided,uuid) VALUES (351, 'John351', 'Doe351', 1, now(), 0, 'name-uuid-351');
INSERT INTO person_address (person_id,address1,creator,date_created,voided,uuid) VALUES (351, '123 Ocean Dr 351', 1, now(), 0, 'address-uuid-351');
INSERT INTO person_attribute (person_attribute_type_id,person_id,value,voided,creator,date_created,uuid) VALUES (8, 351, '0000000351', 0, 1, now(), 'mobile-uuid-351'), (9, 351, '0000000351', 0, 1, now(), 'home-uuid-351');
INSERT INTO patient (patient_id,creator,date_created) VALUES (351, 1, now());
INSERT INTO patient_identifier (patient_id,identifier,identifier_type,location_id,creator,date_created,voided,uuid) VALUES (351, '351', 2, 1, 1, now(), 0, 'id-uuid-351');
INSERT INTO person (person_id,gender,birthdate,creator,date_created,voided,uuid) VALUES (352, 'M', '2000-02-02', 1, now(), 0, 'person-uuid-352');
INSERT INTO person_name (person_id,given_name,family_name,creator,date_created,voided,uuid) VALUES (352, 'John352', 'Doe352', 1, now(), 0, 'name-uuid-352');
INSERT INTO person_address (person_id,address1,creator,date_created,voided,uuid) VALUES (352, '123 Ocean Dr 352', 1, now(), 0, 'address-uuid-352');
INSERT INTO person_attribute (person_attribute_type_id,person_id,value,voided,creator,date_created,uuid) VALUES (8, 352, '0000000352', 0, 1, now(), 'mobile-uuid-352'), (9, 352, '0000000352', 0, 1, now(), 'home-uuid-352');
INSERT INTO patient (patient_id,creator,date_created) VALUES (352, 1, now());
INSERT INTO patient_identifier (patient_id,identifier,identifier_type,location_id,creator,date_created,voided,uuid) VALUES (352, '352', 2, 1, 1, now(), 0, 'id-uuid-352');
INSERT INTO person (person_id,gender,birthdate,creator,date_created,voided,uuid) VALUES (353, 'F', '2005-05-05', 1, now(), 0, 'person-uuid-353');
INSERT INTO person_name (person_id,given_name,family_name,creator,date_created,voided,uuid) VALUES (353, 'John353', 'Doe353', 1, now(), 0, 'name-uuid-353');
INSERT INTO person_address (person_id,address1,creator,date_created,voided,uuid) VALUES (353, '123 Ocean Dr 353', 1, now(), 0, 'address-uuid-353');
INSERT INTO person_attribute (person_attribute_type_id,person_id,value,voided,creator,date_created,uuid) VALUES (8, 353, '0000000353', 0, 1, now(), 'mobile-uuid-353'), (9, 353, '0000000353', 0, 1, now(), 'home-uuid-353');
INSERT INTO patient (patient_id,creator,date_created) VALUES (353, 1, now());
INSERT INTO patient_identifier (patient_id,identifier,identifier_type,location_id,creator,date_created,voided,uuid) VALUES (353, '353', 2, 1, 1, now(), 0, 'id-uuid-353');
INSERT INTO person (person_id,gender,birthdate,creator,date_created,voided,uuid) VALUES (354, 'M', '2000-02-02', 1, now(), 0, 'person-uuid-354');
INSERT INTO person_name (person_id,given_name,family_name,creator,date_created,voided,uuid) VALUES (354, 'John354', 'Doe354', 1, now(), 0, 'name-uuid-354');
INSERT INTO person_address (person_id,address1,creator,date_created,voided,uuid) VALUES (354, '123 Ocean Dr 354', 1, now(), 0, 'address-uuid-354');
INSERT INTO person_attribute (person_attribute_type_id,person_id,value,voided,creator,date_created,uuid) VALUES (8, 354, '0000000354', 0, 1, now(), 'mobile-uuid-354'), (9, 354, '0000000354', 0, 1, now(), 'home-uuid-354');
INSERT INTO patient (patient_id,creator,date_created) VALUES (354, 1, now());
INSERT INTO patient_identifier (patient_id,identifier,identifier_type,location_id,creator,date_created,voided,uuid) VALUES (354, '354', 2, 1, 1, now(), 0, 'id-uuid-354');
INSERT INTO person (person_id,gender,birthdate,creator,date_created,voided,uuid) VALUES (355, 'F', '2005-05-05', 1, now(), 0, 'person-uuid-355');
INSERT INTO person_name (person_id,given_name,family_name,creator,date_created,voided,uuid) VALUES (355, 'John355', 'Doe355', 1, now(), 0, 'name-uuid-355');
INSERT INTO person_address (person_id,address1,creator,date_created,voided,uuid) VALUES (355, '123 Ocean Dr 355', 1, now(), 0, 'address-uuid-355');
INSERT INTO person_attribute (person_attribute_type_id,person_id,value,voided,creator,date_created,uuid) VALUES (8, 355, '0000000355', 0, 1, now(), 'mobile-uuid-355'), (9, 355, '0000000355', 0, 1, now(), 'home-uuid-355');
INSERT INTO patient (patient_id,creator,date_created) VALUES (355, 1, now());
INSERT INTO patient_identifier (patient_id,identifier,identifier_type,location_id,creator,date_created,voided,uuid) VALUES (355, '355', 2, 1, 1, now(), 0, 'id-uuid-355');
INSERT INTO person (person_id,gender,birthdate,creator,date_created,voided,uuid) VALUES (356, 'M', '2000-02-02', 1, now(), 0, 'person-uuid-356');
INSERT INTO person_name (person_id,given_name,family_name,creator,date_created,voided,uuid) VALUES (356, 'John356', 'Doe356', 1, now(), 0, 'name-uuid-356');
INSERT INTO person_address (person_id,address1,creator,date_created,voided,uuid) VALUES (356, '123 Ocean Dr 356', 1, now(), 0, 'address-uuid-356');
INSERT INTO person_attribute (person_attribute_type_id,person_id,value,voided,creator,date_created,uuid) VALUES (8, 356, '0000000356', 0, 1, now(), 'mobile-uuid-356'), (9, 356, '0000000356', 0, 1, now(), 'home-uuid-356');
INSERT INTO patient (patient_id,creator,date_created) VALUES (356, 1, now());
INSERT INTO patient_identifier (patient_id,identifier,identifier_type,location_id,creator,date_created,voided,uuid) VALUES (356, '356', 2, 1, 1, now(), 0, 'id-uuid-356');
INSERT INTO person (person_id,gender,birthdate,creator,date_created,voided,uuid) VALUES (357, 'F', '2005-05-05', 1, now(), 0, 'person-uuid-357');
INSERT INTO person_name (person_id,given_name,family_name,creator,date_created,voided,uuid) VALUES (357, 'John357', 'Doe357', 1, now(), 0, 'name-uuid-357');
INSERT INTO person_address (person_id,address1,creator,date_created,voided,uuid) VALUES (357, '123 Ocean Dr 357', 1, now(), 0, 'address-uuid-357');
INSERT INTO person_attribute (person_attribute_type_id,person_id,value,voided,creator,date_created,uuid) VALUES (8, 357, '0000000357', 0, 1, now(), 'mobile-uuid-357'), (9, 357, '0000000357', 0, 1, now(), 'home-uuid-357');
INSERT INTO patient (patient_id,creator,date_created) VALUES (357, 1, now());
INSERT INTO patient_identifier (patient_id,identifier,identifier_type,location_id,creator,date_created,voided,uuid) VALUES (357, '357', 2, 1, 1, now(), 0, 'id-uuid-357');
INSERT INTO person (person_id,gender,birthdate,creator,date_created,voided,uuid) VALUES (358, 'M', '2000-02-02', 1, now(), 0, 'person-uuid-358');
INSERT INTO person_name (person_id,given_name,family_name,creator,date_created,voided,uuid) VALUES (358, 'John358', 'Doe358', 1, now(), 0, 'name-uuid-358');
INSERT INTO person_address (person_id,address1,creator,date_created,voided,uuid) VALUES (358, '123 Ocean Dr 358', 1, now(), 0, 'address-uuid-358');
INSERT INTO person_attribute (person_attribute_type_id,person_id,value,voided,creator,date_created,uuid) VALUES (8, 358, '0000000358', 0, 1, now(), 'mobile-uuid-358'), (9, 358, '0000000358', 0, 1, now(), 'home-uuid-358');
INSERT INTO patient (patient_id,creator,date_created) VALUES (358, 1, now());
INSERT INTO patient_identifier (patient_id,identifier,identifier_type,location_id,creator,date_created,voided,uuid) VALUES (358, '358', 2, 1, 1, now(), 0, 'id-uuid-358');
INSERT INTO person (person_id,gender,birthdate,creator,date_created,voided,uuid) VALUES (359, 'F', '2005-05-05', 1, now(), 0, 'person-uuid-359');
INSERT INTO person_name (person_id,given_name,family_name,creator,date_created,voided,uuid) VALUES (359, 'John359', 'Doe359', 1, now(), 0, 'name-uuid-359');
INSERT INTO person_address (person_id,address1,creator,date_created,voided,uuid) VALUES (359, '123 Ocean Dr 359', 1, now(), 0, 'address-uuid-359');
INSERT INTO person_attribute (person_attribute_type_id,person_id,value,voided,creator,date_created,uuid) VALUES (8, 359, '0000000359', 0, 1, now(), 'mobile-uuid-359'), (9, 359, '0000000359', 0, 1, now(), 'home-uuid-359');
INSERT INTO patient (patient_id,creator,date_created) VALUES (359, 1, now());
INSERT INTO patient_identifier (patient_id,identifier,identifier_type,location_id,creator,date_created,voided,uuid) VALUES (359, '359', 2, 1, 1, now(), 0, 'id-uuid-359');
INSERT INTO person (person_id,gender,birthdate,creator,date_created,voided,uuid) VALUES (360, 'M', '2000-02-02', 1, now(), 0, 'person-uuid-360');
INSERT INTO person_name (person_id,given_name,family_name,creator,date_created,voided,uuid) VALUES (360, 'John360', 'Doe360', 1, now(), 0, 'name-uuid-360');
INSERT INTO person_address (person_id,address1,creator,date_created,voided,uuid) VALUES (360, '123 Ocean Dr 360', 1, now(), 0, 'address-uuid-360');
INSERT INTO person_attribute (person_attribute_type_id,person_id,value,voided,creator,date_created,uuid) VALUES (8, 360, '0000000360', 0, 1, now(), 'mobile-uuid-360'), (9, 360, '0000000360', 0, 1, now(), 'home-uuid-360');
INSERT INTO patient (patient_id,creator,date_created) VALUES (360, 1, now());
INSERT INTO patient_identifier (patient_id,identifier,identifier_type,location_id,creator,date_created,voided,uuid) VALUES (360, '360', 2, 1, 1, now(), 0, 'id-uuid-360');
INSERT INTO person (person_id,gender,birthdate,creator,date_created,voided,uuid) VALUES (361, 'F', '2005-05-05', 1, now(), 0, 'person-uuid-361');
INSERT INTO person_name (person_id,given_name,family_name,creator,date_created,voided,uuid) VALUES (361, 'John361', 'Doe361', 1, now(), 0, 'name-uuid-361');
INSERT INTO person_address (person_id,address1,creator,date_created,voided,uuid) VALUES (361, '123 Ocean Dr 361', 1, now(), 0, 'address-uuid-361');
INSERT INTO person_attribute (person_attribute_type_id,person_id,value,voided,creator,date_created,uuid) VALUES (8, 361, '0000000361', 0, 1, now(), 'mobile-uuid-361'), (9, 361, '0000000361', 0, 1, now(), 'home-uuid-361');
INSERT INTO patient (patient_id,creator,date_created) VALUES (361, 1, now());
INSERT INTO patient_identifier (patient_id,identifier,identifier_type,location_id,creator,date_created,voided,uuid) VALUES (361, '361', 2, 1, 1, now(), 0, 'id-uuid-361');
INSERT INTO person (person_id,gender,birthdate,creator,date_created,voided,uuid) VALUES (362, 'M', '2000-02-02', 1, now(), 0, 'person-uuid-362');
INSERT INTO person_name (person_id,given_name,family_name,creator,date_created,voided,uuid) VALUES (362, 'John362', 'Doe362', 1, now(), 0, 'name-uuid-362');
INSERT INTO person_address (person_id,address1,creator,date_created,voided,uuid) VALUES (362, '123 Ocean Dr 362', 1, now(), 0, 'address-uuid-362');
INSERT INTO person_attribute (person_attribute_type_id,person_id,value,voided,creator,date_created,uuid) VALUES (8, 362, '0000000362', 0, 1, now(), 'mobile-uuid-362'), (9, 362, '0000000362', 0, 1, now(), 'home-uuid-362');
INSERT INTO patient (patient_id,creator,date_created) VALUES (362, 1, now());
INSERT INTO patient_identifier (patient_id,identifier,identifier_type,location_id,creator,date_created,voided,uuid) VALUES (362, '362', 2, 1, 1, now(), 0, 'id-uuid-362');
INSERT INTO person (person_id,gender,birthdate,creator,date_created,voided,uuid) VALUES (363, 'F', '2005-05-05', 1, now(), 0, 'person-uuid-363');
INSERT INTO person_name (person_id,given_name,family_name,creator,date_created,voided,uuid) VALUES (363, 'John363', 'Doe363', 1, now(), 0, 'name-uuid-363');
INSERT INTO person_address (person_id,address1,creator,date_created,voided,uuid) VALUES (363, '123 Ocean Dr 363', 1, now(), 0, 'address-uuid-363');
INSERT INTO person_attribute (person_attribute_type_id,person_id,value,voided,creator,date_created,uuid) VALUES (8, 363, '0000000363', 0, 1, now(), 'mobile-uuid-363'), (9, 363, '0000000363', 0, 1, now(), 'home-uuid-363');
INSERT INTO patient (patient_id,creator,date_created) VALUES (363, 1, now());
INSERT INTO patient_identifier (patient_id,identifier,identifier_type,location_id,creator,date_created,voided,uuid) VALUES (363, '363', 2, 1, 1, now(), 0, 'id-uuid-363');
INSERT INTO person (person_id,gender,birthdate,creator,date_created,voided,uuid) VALUES (364, 'M', '2000-02-02', 1, now(), 0, 'person-uuid-364');
INSERT INTO person_name (person_id,given_name,family_name,creator,date_created,voided,uuid) VALUES (364, 'John364', 'Doe364', 1, now(), 0, 'name-uuid-364');
INSERT INTO person_address (person_id,address1,creator,date_created,voided,uuid) VALUES (364, '123 Ocean Dr 364', 1, now(), 0, 'address-uuid-364');
INSERT INTO person_attribute (person_attribute_type_id,person_id,value,voided,creator,date_created,uuid) VALUES (8, 364, '0000000364', 0, 1, now(), 'mobile-uuid-364'), (9, 364, '0000000364', 0, 1, now(), 'home-uuid-364');
INSERT INTO patient (patient_id,creator,date_created) VALUES (364, 1, now());
INSERT INTO patient_identifier (patient_id,identifier,identifier_type,location_id,creator,date_created,voided,uuid) VALUES (364, '364', 2, 1, 1, now(), 0, 'id-uuid-364');
INSERT INTO person (person_id,gender,birthdate,creator,date_created,voided,uuid) VALUES (365, 'F', '2005-05-05', 1, now(), 0, 'person-uuid-365');
INSERT INTO person_name (person_id,given_name,family_name,creator,date_created,voided,uuid) VALUES (365, 'John365', 'Doe365', 1, now(), 0, 'name-uuid-365');
INSERT INTO person_address (person_id,address1,creator,date_created,voided,uuid) VALUES (365, '123 Ocean Dr 365', 1, now(), 0, 'address-uuid-365');
INSERT INTO person_attribute (person_attribute_type_id,person_id,value,voided,creator,date_created,uuid) VALUES (8, 365, '0000000365', 0, 1, now(), 'mobile-uuid-365'), (9, 365, '0000000365', 0, 1, now(), 'home-uuid-365');
INSERT INTO patient (patient_id,creator,date_created) VALUES (365, 1, now());
INSERT INTO patient_identifier (patient_id,identifier,identifier_type,location_id,creator,date_created,voided,uuid) VALUES (365, '365', 2, 1, 1, now(), 0, 'id-uuid-365');
INSERT INTO person (person_id,gender,birthdate,creator,date_created,voided,uuid) VALUES (366, 'M', '2000-02-02', 1, now(), 0, 'person-uuid-366');
INSERT INTO person_name (person_id,given_name,family_name,creator,date_created,voided,uuid) VALUES (366, 'John366', 'Doe366', 1, now(), 0, 'name-uuid-366');
INSERT INTO person_address (person_id,address1,creator,date_created,voided,uuid) VALUES (366, '123 Ocean Dr 366', 1, now(), 0, 'address-uuid-366');
INSERT INTO person_attribute (person_attribute_type_id,person_id,value,voided,creator,date_created,uuid) VALUES (8, 366, '0000000366', 0, 1, now(), 'mobile-uuid-366'), (9, 366, '0000000366', 0, 1, now(), 'home-uuid-366');
INSERT INTO patient (patient_id,creator,date_created) VALUES (366, 1, now());
INSERT INTO patient_identifier (patient_id,identifier,identifier_type,location_id,creator,date_created,voided,uuid) VALUES (366, '366', 2, 1, 1, now(), 0, 'id-uuid-366');
INSERT INTO person (person_id,gender,birthdate,creator,date_created,voided,uuid) VALUES (367, 'F', '2005-05-05', 1, now(), 0, 'person-uuid-367');
INSERT INTO person_name (person_id,given_name,family_name,creator,date_created,voided,uuid) VALUES (367, 'John367', 'Doe367', 1, now(), 0, 'name-uuid-367');
INSERT INTO person_address (person_id,address1,creator,date_created,voided,uuid) VALUES (367, '123 Ocean Dr 367', 1, now(), 0, 'address-uuid-367');
INSERT INTO person_attribute (person_attribute_type_id,person_id,value,voided,creator,date_created,uuid) VALUES (8, 367, '0000000367', 0, 1, now(), 'mobile-uuid-367'), (9, 367, '0000000367', 0, 1, now(), 'home-uuid-367');
INSERT INTO patient (patient_id,creator,date_created) VALUES (367, 1, now());
INSERT INTO patient_identifier (patient_id,identifier,identifier_type,location_id,creator,date_created,voided,uuid) VALUES (367, '367', 2, 1, 1, now(), 0, 'id-uuid-367');
INSERT INTO person (person_id,gender,birthdate,creator,date_created,voided,uuid) VALUES (368, 'M', '2000-02-02', 1, now(), 0, 'person-uuid-368');
INSERT INTO person_name (person_id,given_name,family_name,creator,date_created,voided,uuid) VALUES (368, 'John368', 'Doe368', 1, now(), 0, 'name-uuid-368');
INSERT INTO person_address (person_id,address1,creator,date_created,voided,uuid) VALUES (368, '123 Ocean Dr 368', 1, now(), 0, 'address-uuid-368');
INSERT INTO person_attribute (person_attribute_type_id,person_id,value,voided,creator,date_created,uuid) VALUES (8, 368, '0000000368', 0, 1, now(), 'mobile-uuid-368'), (9, 368, '0000000368', 0, 1, now(), 'home-uuid-368');
INSERT INTO patient (patient_id,creator,date_created) VALUES (368, 1, now());
INSERT INTO patient_identifier (patient_id,identifier,identifier_type,location_id,creator,date_created,voided,uuid) VALUES (368, '368', 2, 1, 1, now(), 0, 'id-uuid-368');
INSERT INTO person (person_id,gender,birthdate,creator,date_created,voided,uuid) VALUES (369, 'F', '2005-05-05', 1, now(), 0, 'person-uuid-369');
INSERT INTO person_name (person_id,given_name,family_name,creator,date_created,voided,uuid) VALUES (369, 'John369', 'Doe369', 1, now(), 0, 'name-uuid-369');
INSERT INTO person_address (person_id,address1,creator,date_created,voided,uuid) VALUES (369, '123 Ocean Dr 369', 1, now(), 0, 'address-uuid-369');
INSERT INTO person_attribute (person_attribute_type_id,person_id,value,voided,creator,date_created,uuid) VALUES (8, 369, '0000000369', 0, 1, now(), 'mobile-uuid-369'), (9, 369, '0000000369', 0, 1, now(), 'home-uuid-369');
INSERT INTO patient (patient_id,creator,date_created) VALUES (369, 1, now());
INSERT INTO patient_identifier (patient_id,identifier,identifier_type,location_id,creator,date_created,voided,uuid) VALUES (369, '369', 2, 1, 1, now(), 0, 'id-uuid-369');
INSERT INTO person (person_id,gender,birthdate,creator,date_created,voided,uuid) VALUES (370, 'M', '2000-02-02', 1, now(), 0, 'person-uuid-370');
INSERT INTO person_name (person_id,given_name,family_name,creator,date_created,voided,uuid) VALUES (370, 'John370', 'Doe370', 1, now(), 0, 'name-uuid-370');
INSERT INTO person_address (person_id,address1,creator,date_created,voided,uuid) VALUES (370, '123 Ocean Dr 370', 1, now(), 0, 'address-uuid-370');
INSERT INTO person_attribute (person_attribute_type_id,person_id,value,voided,creator,date_created,uuid) VALUES (8, 370, '0000000370', 0, 1, now(), 'mobile-uuid-370'), (9, 370, '0000000370', 0, 1, now(), 'home-uuid-370');
INSERT INTO patient (patient_id,creator,date_created) VALUES (370, 1, now());
INSERT INTO patient_identifier (patient_id,identifier,identifier_type,location_id,creator,date_created,voided,uuid) VALUES (370, '370', 2, 1, 1, now(), 0, 'id-uuid-370');
INSERT INTO person (person_id,gender,birthdate,creator,date_created,voided,uuid) VALUES (371, 'F', '2005-05-05', 1, now(), 0, 'person-uuid-371');
INSERT INTO person_name (person_id,given_name,family_name,creator,date_created,voided,uuid) VALUES (371, 'John371', 'Doe371', 1, now(), 0, 'name-uuid-371');
INSERT INTO person_address (person_id,address1,creator,date_created,voided,uuid) VALUES (371, '123 Ocean Dr 371', 1, now(), 0, 'address-uuid-371');
INSERT INTO person_attribute (person_attribute_type_id,person_id,value,voided,creator,date_created,uuid) VALUES (8, 371, '0000000371', 0, 1, now(), 'mobile-uuid-371'), (9, 371, '0000000371', 0, 1, now(), 'home-uuid-371');
INSERT INTO patient (patient_id,creator,date_created) VALUES (371, 1, now());
INSERT INTO patient_identifier (patient_id,identifier,identifier_type,location_id,creator,date_created,voided,uuid) VALUES (371, '371', 2, 1, 1, now(), 0, 'id-uuid-371');
INSERT INTO person (person_id,gender,birthdate,creator,date_created,voided,uuid) VALUES (372, 'M', '2000-02-02', 1, now(), 0, 'person-uuid-372');
INSERT INTO person_name (person_id,given_name,family_name,creator,date_created,voided,uuid) VALUES (372, 'John372', 'Doe372', 1, now(), 0, 'name-uuid-372');
INSERT INTO person_address (person_id,address1,creator,date_created,voided,uuid) VALUES (372, '123 Ocean Dr 372', 1, now(), 0, 'address-uuid-372');
INSERT INTO person_attribute (person_attribute_type_id,person_id,value,voided,creator,date_created,uuid) VALUES (8, 372, '0000000372', 0, 1, now(), 'mobile-uuid-372'), (9, 372, '0000000372', 0, 1, now(), 'home-uuid-372');
INSERT INTO patient (patient_id,creator,date_created) VALUES (372, 1, now());
INSERT INTO patient_identifier (patient_id,identifier,identifier_type,location_id,creator,date_created,voided,uuid) VALUES (372, '372', 2, 1, 1, now(), 0, 'id-uuid-372');
INSERT INTO person (person_id,gender,birthdate,creator,date_created,voided,uuid) VALUES (373, 'F', '2005-05-05', 1, now(), 0, 'person-uuid-373');
INSERT INTO person_name (person_id,given_name,family_name,creator,date_created,voided,uuid) VALUES (373, 'John373', 'Doe373', 1, now(), 0, 'name-uuid-373');
INSERT INTO person_address (person_id,address1,creator,date_created,voided,uuid) VALUES (373, '123 Ocean Dr 373', 1, now(), 0, 'address-uuid-373');
INSERT INTO person_attribute (person_attribute_type_id,person_id,value,voided,creator,date_created,uuid) VALUES (8, 373, '0000000373', 0, 1, now(), 'mobile-uuid-373'), (9, 373, '0000000373', 0, 1, now(), 'home-uuid-373');
INSERT INTO patient (patient_id,creator,date_created) VALUES (373, 1, now());
INSERT INTO patient_identifier (patient_id,identifier,identifier_type,location_id,creator,date_created,voided,uuid) VALUES (373, '373', 2, 1, 1, now(), 0, 'id-uuid-373');
INSERT INTO person (person_id,gender,birthdate,creator,date_created,voided,uuid) VALUES (374, 'M', '2000-02-02', 1, now(), 0, 'person-uuid-374');
INSERT INTO person_name (person_id,given_name,family_name,creator,date_created,voided,uuid) VALUES (374, 'John374', 'Doe374', 1, now(), 0, 'name-uuid-374');
INSERT INTO person_address (person_id,address1,creator,date_created,voided,uuid) VALUES (374, '123 Ocean Dr 374', 1, now(), 0, 'address-uuid-374');
INSERT INTO person_attribute (person_attribute_type_id,person_id,value,voided,creator,date_created,uuid) VALUES (8, 374, '0000000374', 0, 1, now(), 'mobile-uuid-374'), (9, 374, '0000000374', 0, 1, now(), 'home-uuid-374');
INSERT INTO patient (patient_id,creator,date_created) VALUES (374, 1, now());
INSERT INTO patient_identifier (patient_id,identifier,identifier_type,location_id,creator,date_created,voided,uuid) VALUES (374, '374', 2, 1, 1, now(), 0, 'id-uuid-374');
INSERT INTO person (person_id,gender,birthdate,creator,date_created,voided,uuid) VALUES (375, 'F', '2005-05-05', 1, now(), 0, 'person-uuid-375');
INSERT INTO person_name (person_id,given_name,family_name,creator,date_created,voided,uuid) VALUES (375, 'John375', 'Doe375', 1, now(), 0, 'name-uuid-375');
INSERT INTO person_address (person_id,address1,creator,date_created,voided,uuid) VALUES (375, '123 Ocean Dr 375', 1, now(), 0, 'address-uuid-375');
INSERT INTO person_attribute (person_attribute_type_id,person_id,value,voided,creator,date_created,uuid) VALUES (8, 375, '0000000375', 0, 1, now(), 'mobile-uuid-375'), (9, 375, '0000000375', 0, 1, now(), 'home-uuid-375');
INSERT INTO patient (patient_id,creator,date_created) VALUES (375, 1, now());
INSERT INTO patient_identifier (patient_id,identifier,identifier_type,location_id,creator,date_created,voided,uuid) VALUES (375, '375', 2, 1, 1, now(), 0, 'id-uuid-375');
INSERT INTO person (person_id,gender,birthdate,creator,date_created,voided,uuid) VALUES (376, 'M', '2000-02-02', 1, now(), 0, 'person-uuid-376');
INSERT INTO person_name (person_id,given_name,family_name,creator,date_created,voided,uuid) VALUES (376, 'John376', 'Doe376', 1, now(), 0, 'name-uuid-376');
INSERT INTO person_address (person_id,address1,creator,date_created,voided,uuid) VALUES (376, '123 Ocean Dr 376', 1, now(), 0, 'address-uuid-376');
INSERT INTO person_attribute (person_attribute_type_id,person_id,value,voided,creator,date_created,uuid) VALUES (8, 376, '0000000376', 0, 1, now(), 'mobile-uuid-376'), (9, 376, '0000000376', 0, 1, now(), 'home-uuid-376');
INSERT INTO patient (patient_id,creator,date_created) VALUES (376, 1, now());
INSERT INTO patient_identifier (patient_id,identifier,identifier_type,location_id,creator,date_created,voided,uuid) VALUES (376, '376', 2, 1, 1, now(), 0, 'id-uuid-376');
INSERT INTO person (person_id,gender,birthdate,creator,date_created,voided,uuid) VALUES (377, 'F', '2005-05-05', 1, now(), 0, 'person-uuid-377');
INSERT INTO person_name (person_id,given_name,family_name,creator,date_created,voided,uuid) VALUES (377, 'John377', 'Doe377', 1, now(), 0, 'name-uuid-377');
INSERT INTO person_address (person_id,address1,creator,date_created,voided,uuid) VALUES (377, '123 Ocean Dr 377', 1, now(), 0, 'address-uuid-377');
INSERT INTO person_attribute (person_attribute_type_id,person_id,value,voided,creator,date_created,uuid) VALUES (8, 377, '0000000377', 0, 1, now(), 'mobile-uuid-377'), (9, 377, '0000000377', 0, 1, now(), 'home-uuid-377');
INSERT INTO patient (patient_id,creator,date_created) VALUES (377, 1, now());
INSERT INTO patient_identifier (patient_id,identifier,identifier_type,location_id,creator,date_created,voided,uuid) VALUES (377, '377', 2, 1, 1, now(), 0, 'id-uuid-377');
INSERT INTO person (person_id,gender,birthdate,creator,date_created,voided,uuid) VALUES (378, 'M', '2000-02-02', 1, now(), 0, 'person-uuid-378');
INSERT INTO person_name (person_id,given_name,family_name,creator,date_created,voided,uuid) VALUES (378, 'John378', 'Doe378', 1, now(), 0, 'name-uuid-378');
INSERT INTO person_address (person_id,address1,creator,date_created,voided,uuid) VALUES (378, '123 Ocean Dr 378', 1, now(), 0, 'address-uuid-378');
INSERT INTO person_attribute (person_attribute_type_id,person_id,value,voided,creator,date_created,uuid) VALUES (8, 378, '0000000378', 0, 1, now(), 'mobile-uuid-378'), (9, 378, '0000000378', 0, 1, now(), 'home-uuid-378');
INSERT INTO patient (patient_id,creator,date_created) VALUES (378, 1, now());
INSERT INTO patient_identifier (patient_id,identifier,identifier_type,location_id,creator,date_created,voided,uuid) VALUES (378, '378', 2, 1, 1, now(), 0, 'id-uuid-378');
INSERT INTO person (person_id,gender,birthdate,creator,date_created,voided,uuid) VALUES (379, 'F', '2005-05-05', 1, now(), 0, 'person-uuid-379');
INSERT INTO person_name (person_id,given_name,family_name,creator,date_created,voided,uuid) VALUES (379, 'John379', 'Doe379', 1, now(), 0, 'name-uuid-379');
INSERT INTO person_address (person_id,address1,creator,date_created,voided,uuid) VALUES (379, '123 Ocean Dr 379', 1, now(), 0, 'address-uuid-379');
INSERT INTO person_attribute (person_attribute_type_id,person_id,value,voided,creator,date_created,uuid) VALUES (8, 379, '0000000379', 0, 1, now(), 'mobile-uuid-379'), (9, 379, '0000000379', 0, 1, now(), 'home-uuid-379');
INSERT INTO patient (patient_id,creator,date_created) VALUES (379, 1, now());
INSERT INTO patient_identifier (patient_id,identifier,identifier_type,location_id,creator,date_created,voided,uuid) VALUES (379, '379', 2, 1, 1, now(), 0, 'id-uuid-379');
INSERT INTO person (person_id,gender,birthdate,creator,date_created,voided,uuid) VALUES (380, 'M', '2000-02-02', 1, now(), 0, 'person-uuid-380');
INSERT INTO person_name (person_id,given_name,family_name,creator,date_created,voided,uuid) VALUES (380, 'John380', 'Doe380', 1, now(), 0, 'name-uuid-380');
INSERT INTO person_address (person_id,address1,creator,date_created,voided,uuid) VALUES (380, '123 Ocean Dr 380', 1, now(), 0, 'address-uuid-380');
INSERT INTO person_attribute (person_attribute_type_id,person_id,value,voided,creator,date_created,uuid) VALUES (8, 380, '0000000380', 0, 1, now(), 'mobile-uuid-380'), (9, 380, '0000000380', 0, 1, now(), 'home-uuid-380');
INSERT INTO patient (patient_id,creator,date_created) VALUES (380, 1, now());
INSERT INTO patient_identifier (patient_id,identifier,identifier_type,location_id,creator,date_created,voided,uuid) VALUES (380, '380', 2, 1, 1, now(), 0, 'id-uuid-380');
INSERT INTO person (person_id,gender,birthdate,creator,date_created,voided,uuid) VALUES (381, 'F', '2005-05-05', 1, now(), 0, 'person-uuid-381');
INSERT INTO person_name (person_id,given_name,family_name,creator,date_created,voided,uuid) VALUES (381, 'John381', 'Doe381', 1, now(), 0, 'name-uuid-381');
INSERT INTO person_address (person_id,address1,creator,date_created,voided,uuid) VALUES (381, '123 Ocean Dr 381', 1, now(), 0, 'address-uuid-381');
INSERT INTO person_attribute (person_attribute_type_id,person_id,value,voided,creator,date_created,uuid) VALUES (8, 381, '0000000381', 0, 1, now(), 'mobile-uuid-381'), (9, 381, '0000000381', 0, 1, now(), 'home-uuid-381');
INSERT INTO patient (patient_id,creator,date_created) VALUES (381, 1, now());
INSERT INTO patient_identifier (patient_id,identifier,identifier_type,location_id,creator,date_created,voided,uuid) VALUES (381, '381', 2, 1, 1, now(), 0, 'id-uuid-381');
INSERT INTO person (person_id,gender,birthdate,creator,date_created,voided,uuid) VALUES (382, 'M', '2000-02-02', 1, now(), 0, 'person-uuid-382');
INSERT INTO person_name (person_id,given_name,family_name,creator,date_created,voided,uuid) VALUES (382, 'John382', 'Doe382', 1, now(), 0, 'name-uuid-382');
INSERT INTO person_address (person_id,address1,creator,date_created,voided,uuid) VALUES (382, '123 Ocean Dr 382', 1, now(), 0, 'address-uuid-382');
INSERT INTO person_attribute (person_attribute_type_id,person_id,value,voided,creator,date_created,uuid) VALUES (8, 382, '0000000382', 0, 1, now(), 'mobile-uuid-382'), (9, 382, '0000000382', 0, 1, now(), 'home-uuid-382');
INSERT INTO patient (patient_id,creator,date_created) VALUES (382, 1, now());
INSERT INTO patient_identifier (patient_id,identifier,identifier_type,location_id,creator,date_created,voided,uuid) VALUES (382, '382', 2, 1, 1, now(), 0, 'id-uuid-382');
INSERT INTO person (person_id,gender,birthdate,creator,date_created,voided,uuid) VALUES (383, 'F', '2005-05-05', 1, now(), 0, 'person-uuid-383');
INSERT INTO person_name (person_id,given_name,family_name,creator,date_created,voided,uuid) VALUES (383, 'John383', 'Doe383', 1, now(), 0, 'name-uuid-383');
INSERT INTO person_address (person_id,address1,creator,date_created,voided,uuid) VALUES (383, '123 Ocean Dr 383', 1, now(), 0, 'address-uuid-383');
INSERT INTO person_attribute (person_attribute_type_id,person_id,value,voided,creator,date_created,uuid) VALUES (8, 383, '0000000383', 0, 1, now(), 'mobile-uuid-383'), (9, 383, '0000000383', 0, 1, now(), 'home-uuid-383');
INSERT INTO patient (patient_id,creator,date_created) VALUES (383, 1, now());
INSERT INTO patient_identifier (patient_id,identifier,identifier_type,location_id,creator,date_created,voided,uuid) VALUES (383, '383', 2, 1, 1, now(), 0, 'id-uuid-383');
INSERT INTO person (person_id,gender,birthdate,creator,date_created,voided,uuid) VALUES (384, 'M', '2000-02-02', 1, now(), 0, 'person-uuid-384');
INSERT INTO person_name (person_id,given_name,family_name,creator,date_created,voided,uuid) VALUES (384, 'John384', 'Doe384', 1, now(), 0, 'name-uuid-384');
INSERT INTO person_address (person_id,address1,creator,date_created,voided,uuid) VALUES (384, '123 Ocean Dr 384', 1, now(), 0, 'address-uuid-384');
INSERT INTO person_attribute (person_attribute_type_id,person_id,value,voided,creator,date_created,uuid) VALUES (8, 384, '0000000384', 0, 1, now(), 'mobile-uuid-384'), (9, 384, '0000000384', 0, 1, now(), 'home-uuid-384');
INSERT INTO patient (patient_id,creator,date_created) VALUES (384, 1, now());
INSERT INTO patient_identifier (patient_id,identifier,identifier_type,location_id,creator,date_created,voided,uuid) VALUES (384, '384', 2, 1, 1, now(), 0, 'id-uuid-384');
INSERT INTO person (person_id,gender,birthdate,creator,date_created,voided,uuid) VALUES (385, 'F', '2005-05-05', 1, now(), 0, 'person-uuid-385');
INSERT INTO person_name (person_id,given_name,family_name,creator,date_created,voided,uuid) VALUES (385, 'John385', 'Doe385', 1, now(), 0, 'name-uuid-385');
INSERT INTO person_address (person_id,address1,creator,date_created,voided,uuid) VALUES (385, '123 Ocean Dr 385', 1, now(), 0, 'address-uuid-385');
INSERT INTO person_attribute (person_attribute_type_id,person_id,value,voided,creator,date_created,uuid) VALUES (8, 385, '0000000385', 0, 1, now(), 'mobile-uuid-385'), (9, 385, '0000000385', 0, 1, now(), 'home-uuid-385');
INSERT INTO patient (patient_id,creator,date_created) VALUES (385, 1, now());
INSERT INTO patient_identifier (patient_id,identifier,identifier_type,location_id,creator,date_created,voided,uuid) VALUES (385, '385', 2, 1, 1, now(), 0, 'id-uuid-385');
INSERT INTO person (person_id,gender,birthdate,creator,date_created,voided,uuid) VALUES (386, 'M', '2000-02-02', 1, now(), 0, 'person-uuid-386');
INSERT INTO person_name (person_id,given_name,family_name,creator,date_created,voided,uuid) VALUES (386, 'John386', 'Doe386', 1, now(), 0, 'name-uuid-386');
INSERT INTO person_address (person_id,address1,creator,date_created,voided,uuid) VALUES (386, '123 Ocean Dr 386', 1, now(), 0, 'address-uuid-386');
INSERT INTO person_attribute (person_attribute_type_id,person_id,value,voided,creator,date_created,uuid) VALUES (8, 386, '0000000386', 0, 1, now(), 'mobile-uuid-386'), (9, 386, '0000000386', 0, 1, now(), 'home-uuid-386');
INSERT INTO patient (patient_id,creator,date_created) VALUES (386, 1, now());
INSERT INTO patient_identifier (patient_id,identifier,identifier_type,location_id,creator,date_created,voided,uuid) VALUES (386, '386', 2, 1, 1, now(), 0, 'id-uuid-386');
INSERT INTO person (person_id,gender,birthdate,creator,date_created,voided,uuid) VALUES (387, 'F', '2005-05-05', 1, now(), 0, 'person-uuid-387');
INSERT INTO person_name (person_id,given_name,family_name,creator,date_created,voided,uuid) VALUES (387, 'John387', 'Doe387', 1, now(), 0, 'name-uuid-387');
INSERT INTO person_address (person_id,address1,creator,date_created,voided,uuid) VALUES (387, '123 Ocean Dr 387', 1, now(), 0, 'address-uuid-387');
INSERT INTO person_attribute (person_attribute_type_id,person_id,value,voided,creator,date_created,uuid) VALUES (8, 387, '0000000387', 0, 1, now(), 'mobile-uuid-387'), (9, 387, '0000000387', 0, 1, now(), 'home-uuid-387');
INSERT INTO patient (patient_id,creator,date_created) VALUES (387, 1, now());
INSERT INTO patient_identifier (patient_id,identifier,identifier_type,location_id,creator,date_created,voided,uuid) VALUES (387, '387', 2, 1, 1, now(), 0, 'id-uuid-387');
INSERT INTO person (person_id,gender,birthdate,creator,date_created,voided,uuid) VALUES (388, 'M', '2000-02-02', 1, now(), 0, 'person-uuid-388');
INSERT INTO person_name (person_id,given_name,family_name,creator,date_created,voided,uuid) VALUES (388, 'John388', 'Doe388', 1, now(), 0, 'name-uuid-388');
INSERT INTO person_address (person_id,address1,creator,date_created,voided,uuid) VALUES (388, '123 Ocean Dr 388', 1, now(), 0, 'address-uuid-388');
INSERT INTO person_attribute (person_attribute_type_id,person_id,value,voided,creator,date_created,uuid) VALUES (8, 388, '0000000388', 0, 1, now(), 'mobile-uuid-388'), (9, 388, '0000000388', 0, 1, now(), 'home-uuid-388');
INSERT INTO patient (patient_id,creator,date_created) VALUES (388, 1, now());
INSERT INTO patient_identifier (patient_id,identifier,identifier_type,location_id,creator,date_created,voided,uuid) VALUES (388, '388', 2, 1, 1, now(), 0, 'id-uuid-388');
INSERT INTO person (person_id,gender,birthdate,creator,date_created,voided,uuid) VALUES (389, 'F', '2005-05-05', 1, now(), 0, 'person-uuid-389');
INSERT INTO person_name (person_id,given_name,family_name,creator,date_created,voided,uuid) VALUES (389, 'John389', 'Doe389', 1, now(), 0, 'name-uuid-389');
INSERT INTO person_address (person_id,address1,creator,date_created,voided,uuid) VALUES (389, '123 Ocean Dr 389', 1, now(), 0, 'address-uuid-389');
INSERT INTO person_attribute (person_attribute_type_id,person_id,value,voided,creator,date_created,uuid) VALUES (8, 389, '0000000389', 0, 1, now(), 'mobile-uuid-389'), (9, 389, '0000000389', 0, 1, now(), 'home-uuid-389');
INSERT INTO patient (patient_id,creator,date_created) VALUES (389, 1, now());
INSERT INTO patient_identifier (patient_id,identifier,identifier_type,location_id,creator,date_created,voided,uuid) VALUES (389, '389', 2, 1, 1, now(), 0, 'id-uuid-389');
INSERT INTO person (person_id,gender,birthdate,creator,date_created,voided,uuid) VALUES (390, 'M', '2000-02-02', 1, now(), 0, 'person-uuid-390');
INSERT INTO person_name (person_id,given_name,family_name,creator,date_created,voided,uuid) VALUES (390, 'John390', 'Doe390', 1, now(), 0, 'name-uuid-390');
INSERT INTO person_address (person_id,address1,creator,date_created,voided,uuid) VALUES (390, '123 Ocean Dr 390', 1, now(), 0, 'address-uuid-390');
INSERT INTO person_attribute (person_attribute_type_id,person_id,value,voided,creator,date_created,uuid) VALUES (8, 390, '0000000390', 0, 1, now(), 'mobile-uuid-390'), (9, 390, '0000000390', 0, 1, now(), 'home-uuid-390');
INSERT INTO patient (patient_id,creator,date_created) VALUES (390, 1, now());
INSERT INTO patient_identifier (patient_id,identifier,identifier_type,location_id,creator,date_created,voided,uuid) VALUES (390, '390', 2, 1, 1, now(), 0, 'id-uuid-390');
INSERT INTO person (person_id,gender,birthdate,creator,date_created,voided,uuid) VALUES (391, 'F', '2005-05-05', 1, now(), 0, 'person-uuid-391');
INSERT INTO person_name (person_id,given_name,family_name,creator,date_created,voided,uuid) VALUES (391, 'John391', 'Doe391', 1, now(), 0, 'name-uuid-391');
INSERT INTO person_address (person_id,address1,creator,date_created,voided,uuid) VALUES (391, '123 Ocean Dr 391', 1, now(), 0, 'address-uuid-391');
INSERT INTO person_attribute (person_attribute_type_id,person_id,value,voided,creator,date_created,uuid) VALUES (8, 391, '0000000391', 0, 1, now(), 'mobile-uuid-391'), (9, 391, '0000000391', 0, 1, now(), 'home-uuid-391');
INSERT INTO patient (patient_id,creator,date_created) VALUES (391, 1, now());
INSERT INTO patient_identifier (patient_id,identifier,identifier_type,location_id,creator,date_created,voided,uuid) VALUES (391, '391', 2, 1, 1, now(), 0, 'id-uuid-391');
INSERT INTO person (person_id,gender,birthdate,creator,date_created,voided,uuid) VALUES (392, 'M', '2000-02-02', 1, now(), 0, 'person-uuid-392');
INSERT INTO person_name (person_id,given_name,family_name,creator,date_created,voided,uuid) VALUES (392, 'John392', 'Doe392', 1, now(), 0, 'name-uuid-392');
INSERT INTO person_address (person_id,address1,creator,date_created,voided,uuid) VALUES (392, '123 Ocean Dr 392', 1, now(), 0, 'address-uuid-392');
INSERT INTO person_attribute (person_attribute_type_id,person_id,value,voided,creator,date_created,uuid) VALUES (8, 392, '0000000392', 0, 1, now(), 'mobile-uuid-392'), (9, 392, '0000000392', 0, 1, now(), 'home-uuid-392');
INSERT INTO patient (patient_id,creator,date_created) VALUES (392, 1, now());
INSERT INTO patient_identifier (patient_id,identifier,identifier_type,location_id,creator,date_created,voided,uuid) VALUES (392, '392', 2, 1, 1, now(), 0, 'id-uuid-392');
INSERT INTO person (person_id,gender,birthdate,creator,date_created,voided,uuid) VALUES (393, 'F', '2005-05-05', 1, now(), 0, 'person-uuid-393');
INSERT INTO person_name (person_id,given_name,family_name,creator,date_created,voided,uuid) VALUES (393, 'John393', 'Doe393', 1, now(), 0, 'name-uuid-393');
INSERT INTO person_address (person_id,address1,creator,date_created,voided,uuid) VALUES (393, '123 Ocean Dr 393', 1, now(), 0, 'address-uuid-393');
INSERT INTO person_attribute (person_attribute_type_id,person_id,value,voided,creator,date_created,uuid) VALUES (8, 393, '0000000393', 0, 1, now(), 'mobile-uuid-393'), (9, 393, '0000000393', 0, 1, now(), 'home-uuid-393');
INSERT INTO patient (patient_id,creator,date_created) VALUES (393, 1, now());
INSERT INTO patient_identifier (patient_id,identifier,identifier_type,location_id,creator,date_created,voided,uuid) VALUES (393, '393', 2, 1, 1, now(), 0, 'id-uuid-393');
INSERT INTO person (person_id,gender,birthdate,creator,date_created,voided,uuid) VALUES (394, 'M', '2000-02-02', 1, now(), 0, 'person-uuid-394');
INSERT INTO person_name (person_id,given_name,family_name,creator,date_created,voided,uuid) VALUES (394, 'John394', 'Doe394', 1, now(), 0, 'name-uuid-394');
INSERT INTO person_address (person_id,address1,creator,date_created,voided,uuid) VALUES (394, '123 Ocean Dr 394', 1, now(), 0, 'address-uuid-394');
INSERT INTO person_attribute (person_attribute_type_id,person_id,value,voided,creator,date_created,uuid) VALUES (8, 394, '0000000394', 0, 1, now(), 'mobile-uuid-394'), (9, 394, '0000000394', 0, 1, now(), 'home-uuid-394');
INSERT INTO patient (patient_id,creator,date_created) VALUES (394, 1, now());
INSERT INTO patient_identifier (patient_id,identifier,identifier_type,location_id,creator,date_created,voided,uuid) VALUES (394, '394', 2, 1, 1, now(), 0, 'id-uuid-394');
INSERT INTO person (person_id,gender,birthdate,creator,date_created,voided,uuid) VALUES (395, 'F', '2005-05-05', 1, now(), 0, 'person-uuid-395');
INSERT INTO person_name (person_id,given_name,family_name,creator,date_created,voided,uuid) VALUES (395, 'John395', 'Doe395', 1, now(), 0, 'name-uuid-395');
INSERT INTO person_address (person_id,address1,creator,date_created,voided,uuid) VALUES (395, '123 Ocean Dr 395', 1, now(), 0, 'address-uuid-395');
INSERT INTO person_attribute (person_attribute_type_id,person_id,value,voided,creator,date_created,uuid) VALUES (8, 395, '0000000395', 0, 1, now(), 'mobile-uuid-395'), (9, 395, '0000000395', 0, 1, now(), 'home-uuid-395');
INSERT INTO patient (patient_id,creator,date_created) VALUES (395, 1, now());
INSERT INTO patient_identifier (patient_id,identifier,identifier_type,location_id,creator,date_created,voided,uuid) VALUES (395, '395', 2, 1, 1, now(), 0, 'id-uuid-395');
INSERT INTO person (person_id,gender,birthdate,creator,date_created,voided,uuid) VALUES (396, 'M', '2000-02-02', 1, now(), 0, 'person-uuid-396');
INSERT INTO person_name (person_id,given_name,family_name,creator,date_created,voided,uuid) VALUES (396, 'John396', 'Doe396', 1, now(), 0, 'name-uuid-396');
INSERT INTO person_address (person_id,address1,creator,date_created,voided,uuid) VALUES (396, '123 Ocean Dr 396', 1, now(), 0, 'address-uuid-396');
INSERT INTO person_attribute (person_attribute_type_id,person_id,value,voided,creator,date_created,uuid) VALUES (8, 396, '0000000396', 0, 1, now(), 'mobile-uuid-396'), (9, 396, '0000000396', 0, 1, now(), 'home-uuid-396');
INSERT INTO patient (patient_id,creator,date_created) VALUES (396, 1, now());
INSERT INTO patient_identifier (patient_id,identifier,identifier_type,location_id,creator,date_created,voided,uuid) VALUES (396, '396', 2, 1, 1, now(), 0, 'id-uuid-396');
INSERT INTO person (person_id,gender,birthdate,creator,date_created,voided,uuid) VALUES (397, 'F', '2005-05-05', 1, now(), 0, 'person-uuid-397');
INSERT INTO person_name (person_id,given_name,family_name,creator,date_created,voided,uuid) VALUES (397, 'John397', 'Doe397', 1, now(), 0, 'name-uuid-397');
INSERT INTO person_address (person_id,address1,creator,date_created,voided,uuid) VALUES (397, '123 Ocean Dr 397', 1, now(), 0, 'address-uuid-397');
INSERT INTO person_attribute (person_attribute_type_id,person_id,value,voided,creator,date_created,uuid) VALUES (8, 397, '0000000397', 0, 1, now(), 'mobile-uuid-397'), (9, 397, '0000000397', 0, 1, now(), 'home-uuid-397');
INSERT INTO patient (patient_id,creator,date_created) VALUES (397, 1, now());
INSERT INTO patient_identifier (patient_id,identifier,identifier_type,location_id,creator,date_created,voided,uuid) VALUES (397, '397', 2, 1, 1, now(), 0, 'id-uuid-397');
INSERT INTO person (person_id,gender,birthdate,creator,date_created,voided,uuid) VALUES (398, 'M', '2000-02-02', 1, now(), 0, 'person-uuid-398');
INSERT INTO person_name (person_id,given_name,family_name,creator,date_created,voided,uuid) VALUES (398, 'John398', 'Doe398', 1, now(), 0, 'name-uuid-398');
INSERT INTO person_address (person_id,address1,creator,date_created,voided,uuid) VALUES (398, '123 Ocean Dr 398', 1, now(), 0, 'address-uuid-398');
INSERT INTO person_attribute (person_attribute_type_id,person_id,value,voided,creator,date_created,uuid) VALUES (8, 398, '0000000398', 0, 1, now(), 'mobile-uuid-398'), (9, 398, '0000000398', 0, 1, now(), 'home-uuid-398');
INSERT INTO patient (patient_id,creator,date_created) VALUES (398, 1, now());
INSERT INTO patient_identifier (patient_id,identifier,identifier_type,location_id,creator,date_created,voided,uuid) VALUES (398, '398', 2, 1, 1, now(), 0, 'id-uuid-398');
INSERT INTO person (person_id,gender,birthdate,creator,date_created,voided,uuid) VALUES (399, 'F', '2005-05-05', 1, now(), 0, 'person-uuid-399');
INSERT INTO person_name (person_id,given_name,family_name,creator,date_created,voided,uuid) VALUES (399, 'John399', 'Doe399', 1, now(), 0, 'name-uuid-399');
INSERT INTO person_address (person_id,address1,creator,date_created,voided,uuid) VALUES (399, '123 Ocean Dr 399', 1, now(), 0, 'address-uuid-399');
INSERT INTO person_attribute (person_attribute_type_id,person_id,value,voided,creator,date_created,uuid) VALUES (8, 399, '0000000399', 0, 1, now(), 'mobile-uuid-399'), (9, 399, '0000000399', 0, 1, now(), 'home-uuid-399');
INSERT INTO patient (patient_id,creator,date_created) VALUES (399, 1, now());
INSERT INTO patient_identifier (patient_id,identifier,identifier_type,location_id,creator,date_created,voided,uuid) VALUES (399, '399', 2, 1, 1, now(), 0, 'id-uuid-399');
INSERT INTO person (person_id,gender,birthdate,creator,date_created,voided,uuid) VALUES (400, 'M', '2000-02-02', 1, now(), 1, 'person-uuid-400');
INSERT INTO person_name (person_id,given_name,family_name,creator,date_created,voided,uuid) VALUES (400, 'John400', 'Doe400', 1, now(), 0, 'name-uuid-400');
INSERT INTO person_address (person_id,address1,creator,date_created,voided,uuid) VALUES (400, '123 Ocean Dr 400', 1, now(), 0, 'address-uuid-400');
INSERT INTO person_attribute (person_attribute_type_id,person_id,value,voided,creator,date_created,uuid) VALUES (8, 400, '0000000400', 0, 1, now(), 'mobile-uuid-400'), (9, 400, '0000000400', 0, 1, now(), 'home-uuid-400');
INSERT INTO patient (patient_id,creator,date_created) VALUES (400, 1, now());
INSERT INTO patient_identifier (patient_id,identifier,identifier_type,location_id,creator,date_created,voided,uuid) VALUES (400, '400', 2, 1, 1, now(), 0, 'id-uuid-400');
INSERT INTO person (person_id,gender,birthdate,creator,date_created,voided,uuid) VALUES (401, 'F', '2005-05-05', 1, now(), 0, 'person-uuid-401');
INSERT INTO person_name (person_id,given_name,family_name,creator,date_created,voided,uuid) VALUES (401, 'John401', 'Doe401', 1, now(), 0, 'name-uuid-401');
INSERT INTO person_address (person_id,address1,creator,date_created,voided,uuid) VALUES (401, '123 Ocean Dr 401', 1, now(), 0, 'address-uuid-401');
INSERT INTO person_attribute (person_attribute_type_id,person_id,value,voided,creator,date_created,uuid) VALUES (8, 401, '0000000401', 0, 1, now(), 'mobile-uuid-401'), (9, 401, '0000000401', 0, 1, now(), 'home-uuid-401');
INSERT INTO patient (patient_id,creator,date_created) VALUES (401, 1, now());
INSERT INTO patient_identifier (patient_id,identifier,identifier_type,location_id,creator,date_created,voided,uuid) VALUES (401, '401', 2, 1, 1, now(), 0, 'id-uuid-401');
INSERT INTO person (person_id,gender,birthdate,creator,date_created,voided,uuid) VALUES (402, 'M', '2000-02-02', 1, now(), 0, 'person-uuid-402');
INSERT INTO person_name (person_id,given_name,family_name,creator,date_created,voided,uuid) VALUES (402, 'John402', 'Doe402', 1, now(), 0, 'name-uuid-402');
INSERT INTO person_address (person_id,address1,creator,date_created,voided,uuid) VALUES (402, '123 Ocean Dr 402', 1, now(), 0, 'address-uuid-402');
INSERT INTO person_attribute (person_attribute_type_id,person_id,value,voided,creator,date_created,uuid) VALUES (8, 402, '0000000402', 0, 1, now(), 'mobile-uuid-402'), (9, 402, '0000000402', 0, 1, now(), 'home-uuid-402');
INSERT INTO patient (patient_id,creator,date_created) VALUES (402, 1, now());
INSERT INTO patient_identifier (patient_id,identifier,identifier_type,location_id,creator,date_created,voided,uuid) VALUES (402, '402', 2, 1, 1, now(), 0, 'id-uuid-402');
INSERT INTO person (person_id,gender,birthdate,creator,date_created,voided,uuid) VALUES (403, 'F', '2005-05-05', 1, now(), 0, 'person-uuid-403');
INSERT INTO person_name (person_id,given_name,family_name,creator,date_created,voided,uuid) VALUES (403, 'John403', 'Doe403', 1, now(), 0, 'name-uuid-403');
INSERT INTO person_address (person_id,address1,creator,date_created,voided,uuid) VALUES (403, '123 Ocean Dr 403', 1, now(), 0, 'address-uuid-403');
INSERT INTO person_attribute (person_attribute_type_id,person_id,value,voided,creator,date_created,uuid) VALUES (8, 403, '0000000403', 0, 1, now(), 'mobile-uuid-403'), (9, 403, '0000000403', 0, 1, now(), 'home-uuid-403');
INSERT INTO patient (patient_id,creator,date_created) VALUES (403, 1, now());
INSERT INTO patient_identifier (patient_id,identifier,identifier_type,location_id,creator,date_created,voided,uuid) VALUES (403, '403', 2, 1, 1, now(), 0, 'id-uuid-403');
INSERT INTO person (person_id,gender,birthdate,creator,date_created,voided,uuid) VALUES (404, 'M', '2000-02-02', 1, now(), 0, 'person-uuid-404');
INSERT INTO person_name (person_id,given_name,family_name,creator,date_created,voided,uuid) VALUES (404, 'John404', 'Doe404', 1, now(), 0, 'name-uuid-404');
INSERT INTO person_address (person_id,address1,creator,date_created,voided,uuid) VALUES (404, '123 Ocean Dr 404', 1, now(), 0, 'address-uuid-404');
INSERT INTO person_attribute (person_attribute_type_id,person_id,value,voided,creator,date_created,uuid) VALUES (8, 404, '0000000404', 0, 1, now(), 'mobile-uuid-404'), (9, 404, '0000000404', 0, 1, now(), 'home-uuid-404');
INSERT INTO patient (patient_id,creator,date_created) VALUES (404, 1, now());
INSERT INTO patient_identifier (patient_id,identifier,identifier_type,location_id,creator,date_created,voided,uuid) VALUES (404, '404', 2, 1, 1, now(), 0, 'id-uuid-404');
INSERT INTO person (person_id,gender,birthdate,creator,date_created,voided,uuid) VALUES (405, 'F', '2005-05-05', 1, now(), 0, 'person-uuid-405');
INSERT INTO person_name (person_id,given_name,family_name,creator,date_created,voided,uuid) VALUES (405, 'John405', 'Doe405', 1, now(), 0, 'name-uuid-405');
INSERT INTO person_address (person_id,address1,creator,date_created,voided,uuid) VALUES (405, '123 Ocean Dr 405', 1, now(), 0, 'address-uuid-405');
INSERT INTO person_attribute (person_attribute_type_id,person_id,value,voided,creator,date_created,uuid) VALUES (8, 405, '0000000405', 0, 1, now(), 'mobile-uuid-405'), (9, 405, '0000000405', 0, 1, now(), 'home-uuid-405');
INSERT INTO patient (patient_id,creator,date_created) VALUES (405, 1, now());
INSERT INTO patient_identifier (patient_id,identifier,identifier_type,location_id,creator,date_created,voided,uuid) VALUES (405, '405', 2, 1, 1, now(), 0, 'id-uuid-405');
INSERT INTO person (person_id,gender,birthdate,creator,date_created,voided,uuid) VALUES (406, 'M', '2000-02-02', 1, now(), 0, 'person-uuid-406');
INSERT INTO person_name (person_id,given_name,family_name,creator,date_created,voided,uuid) VALUES (406, 'John406', 'Doe406', 1, now(), 0, 'name-uuid-406');
INSERT INTO person_address (person_id,address1,creator,date_created,voided,uuid) VALUES (406, '123 Ocean Dr 406', 1, now(), 0, 'address-uuid-406');
INSERT INTO person_attribute (person_attribute_type_id,person_id,value,voided,creator,date_created,uuid) VALUES (8, 406, '0000000406', 0, 1, now(), 'mobile-uuid-406'), (9, 406, '0000000406', 0, 1, now(), 'home-uuid-406');
INSERT INTO patient (patient_id,creator,date_created) VALUES (406, 1, now());
INSERT INTO patient_identifier (patient_id,identifier,identifier_type,location_id,creator,date_created,voided,uuid) VALUES (406, '406', 2, 1, 1, now(), 0, 'id-uuid-406');
INSERT INTO person (person_id,gender,birthdate,creator,date_created,voided,uuid) VALUES (407, 'F', '2005-05-05', 1, now(), 0, 'person-uuid-407');
INSERT INTO person_name (person_id,given_name,family_name,creator,date_created,voided,uuid) VALUES (407, 'John407', 'Doe407', 1, now(), 0, 'name-uuid-407');
INSERT INTO person_address (person_id,address1,creator,date_created,voided,uuid) VALUES (407, '123 Ocean Dr 407', 1, now(), 0, 'address-uuid-407');
INSERT INTO person_attribute (person_attribute_type_id,person_id,value,voided,creator,date_created,uuid) VALUES (8, 407, '0000000407', 0, 1, now(), 'mobile-uuid-407'), (9, 407, '0000000407', 0, 1, now(), 'home-uuid-407');
INSERT INTO patient (patient_id,creator,date_created) VALUES (407, 1, now());
INSERT INTO patient_identifier (patient_id,identifier,identifier_type,location_id,creator,date_created,voided,uuid) VALUES (407, '407', 2, 1, 1, now(), 0, 'id-uuid-407');
INSERT INTO person (person_id,gender,birthdate,creator,date_created,voided,uuid) VALUES (408, 'M', '2000-02-02', 1, now(), 0, 'person-uuid-408');
INSERT INTO person_name (person_id,given_name,family_name,creator,date_created,voided,uuid) VALUES (408, 'John408', 'Doe408', 1, now(), 0, 'name-uuid-408');
INSERT INTO person_address (person_id,address1,creator,date_created,voided,uuid) VALUES (408, '123 Ocean Dr 408', 1, now(), 0, 'address-uuid-408');
INSERT INTO person_attribute (person_attribute_type_id,person_id,value,voided,creator,date_created,uuid) VALUES (8, 408, '0000000408', 0, 1, now(), 'mobile-uuid-408'), (9, 408, '0000000408', 0, 1, now(), 'home-uuid-408');
INSERT INTO patient (patient_id,creator,date_created) VALUES (408, 1, now());
INSERT INTO patient_identifier (patient_id,identifier,identifier_type,location_id,creator,date_created,voided,uuid) VALUES (408, '408', 2, 1, 1, now(), 0, 'id-uuid-408');
INSERT INTO person (person_id,gender,birthdate,creator,date_created,voided,uuid) VALUES (409, 'F', '2005-05-05', 1, now(), 0, 'person-uuid-409');
INSERT INTO person_name (person_id,given_name,family_name,creator,date_created,voided,uuid) VALUES (409, 'John409', 'Doe409', 1, now(), 0, 'name-uuid-409');
INSERT INTO person_address (person_id,address1,creator,date_created,voided,uuid) VALUES (409, '123 Ocean Dr 409', 1, now(), 0, 'address-uuid-409');
INSERT INTO person_attribute (person_attribute_type_id,person_id,value,voided,creator,date_created,uuid) VALUES (8, 409, '0000000409', 0, 1, now(), 'mobile-uuid-409'), (9, 409, '0000000409', 0, 1, now(), 'home-uuid-409');
INSERT INTO patient (patient_id,creator,date_created) VALUES (409, 1, now());
INSERT INTO patient_identifier (patient_id,identifier,identifier_type,location_id,creator,date_created,voided,uuid) VALUES (409, '409', 2, 1, 1, now(), 0, 'id-uuid-409');
INSERT INTO person (person_id,gender,birthdate,creator,date_created,voided,uuid) VALUES (410, 'M', '2000-02-02', 1, now(), 0, 'person-uuid-410');
INSERT INTO person_name (person_id,given_name,family_name,creator,date_created,voided,uuid) VALUES (410, 'John410', 'Doe410', 1, now(), 0, 'name-uuid-410');
INSERT INTO person_address (person_id,address1,creator,date_created,voided,uuid) VALUES (410, '123 Ocean Dr 410', 1, now(), 0, 'address-uuid-410');
INSERT INTO person_attribute (person_attribute_type_id,person_id,value,voided,creator,date_created,uuid) VALUES (8, 410, '0000000410', 0, 1, now(), 'mobile-uuid-410'), (9, 410, '0000000410', 0, 1, now(), 'home-uuid-410');
INSERT INTO patient (patient_id,creator,date_created) VALUES (410, 1, now());
INSERT INTO patient_identifier (patient_id,identifier,identifier_type,location_id,creator,date_created,voided,uuid) VALUES (410, '410', 2, 1, 1, now(), 0, 'id-uuid-410');
INSERT INTO person (person_id,gender,birthdate,creator,date_created,voided,uuid) VALUES (411, 'F', '2005-05-05', 1, now(), 0, 'person-uuid-411');
INSERT INTO person_name (person_id,given_name,family_name,creator,date_created,voided,uuid) VALUES (411, 'John411', 'Doe411', 1, now(), 0, 'name-uuid-411');
INSERT INTO person_address (person_id,address1,creator,date_created,voided,uuid) VALUES (411, '123 Ocean Dr 411', 1, now(), 0, 'address-uuid-411');
INSERT INTO person_attribute (person_attribute_type_id,person_id,value,voided,creator,date_created,uuid) VALUES (8, 411, '0000000411', 0, 1, now(), 'mobile-uuid-411'), (9, 411, '0000000411', 0, 1, now(), 'home-uuid-411');
INSERT INTO patient (patient_id,creator,date_created) VALUES (411, 1, now());
INSERT INTO patient_identifier (patient_id,identifier,identifier_type,location_id,creator,date_created,voided,uuid) VALUES (411, '411', 2, 1, 1, now(), 0, 'id-uuid-411');
INSERT INTO person (person_id,gender,birthdate,creator,date_created,voided,uuid) VALUES (412, 'M', '2000-02-02', 1, now(), 0, 'person-uuid-412');
INSERT INTO person_name (person_id,given_name,family_name,creator,date_created,voided,uuid) VALUES (412, 'John412', 'Doe412', 1, now(), 0, 'name-uuid-412');
INSERT INTO person_address (person_id,address1,creator,date_created,voided,uuid) VALUES (412, '123 Ocean Dr 412', 1, now(), 0, 'address-uuid-412');
INSERT INTO person_attribute (person_attribute_type_id,person_id,value,voided,creator,date_created,uuid) VALUES (8, 412, '0000000412', 0, 1, now(), 'mobile-uuid-412'), (9, 412, '0000000412', 0, 1, now(), 'home-uuid-412');
INSERT INTO patient (patient_id,creator,date_created) VALUES (412, 1, now());
INSERT INTO patient_identifier (patient_id,identifier,identifier_type,location_id,creator,date_created,voided,uuid) VALUES (412, '412', 2, 1, 1, now(), 0, 'id-uuid-412');
INSERT INTO person (person_id,gender,birthdate,creator,date_created,voided,uuid) VALUES (413, 'F', '2005-05-05', 1, now(), 0, 'person-uuid-413');
INSERT INTO person_name (person_id,given_name,family_name,creator,date_created,voided,uuid) VALUES (413, 'John413', 'Doe413', 1, now(), 0, 'name-uuid-413');
INSERT INTO person_address (person_id,address1,creator,date_created,voided,uuid) VALUES (413, '123 Ocean Dr 413', 1, now(), 0, 'address-uuid-413');
INSERT INTO person_attribute (person_attribute_type_id,person_id,value,voided,creator,date_created,uuid) VALUES (8, 413, '0000000413', 0, 1, now(), 'mobile-uuid-413'), (9, 413, '0000000413', 0, 1, now(), 'home-uuid-413');
INSERT INTO patient (patient_id,creator,date_created) VALUES (413, 1, now());
INSERT INTO patient_identifier (patient_id,identifier,identifier_type,location_id,creator,date_created,voided,uuid) VALUES (413, '413', 2, 1, 1, now(), 0, 'id-uuid-413');
INSERT INTO person (person_id,gender,birthdate,creator,date_created,voided,uuid) VALUES (414, 'M', '2000-02-02', 1, now(), 0, 'person-uuid-414');
INSERT INTO person_name (person_id,given_name,family_name,creator,date_created,voided,uuid) VALUES (414, 'John414', 'Doe414', 1, now(), 0, 'name-uuid-414');
INSERT INTO person_address (person_id,address1,creator,date_created,voided,uuid) VALUES (414, '123 Ocean Dr 414', 1, now(), 0, 'address-uuid-414');
INSERT INTO person_attribute (person_attribute_type_id,person_id,value,voided,creator,date_created,uuid) VALUES (8, 414, '0000000414', 0, 1, now(), 'mobile-uuid-414'), (9, 414, '0000000414', 0, 1, now(), 'home-uuid-414');
INSERT INTO patient (patient_id,creator,date_created) VALUES (414, 1, now());
INSERT INTO patient_identifier (patient_id,identifier,identifier_type,location_id,creator,date_created,voided,uuid) VALUES (414, '414', 2, 1, 1, now(), 0, 'id-uuid-414');
INSERT INTO person (person_id,gender,birthdate,creator,date_created,voided,uuid) VALUES (415, 'F', '2005-05-05', 1, now(), 0, 'person-uuid-415');
INSERT INTO person_name (person_id,given_name,family_name,creator,date_created,voided,uuid) VALUES (415, 'John415', 'Doe415', 1, now(), 0, 'name-uuid-415');
INSERT INTO person_address (person_id,address1,creator,date_created,voided,uuid) VALUES (415, '123 Ocean Dr 415', 1, now(), 0, 'address-uuid-415');
INSERT INTO person_attribute (person_attribute_type_id,person_id,value,voided,creator,date_created,uuid) VALUES (8, 415, '0000000415', 0, 1, now(), 'mobile-uuid-415'), (9, 415, '0000000415', 0, 1, now(), 'home-uuid-415');
INSERT INTO patient (patient_id,creator,date_created) VALUES (415, 1, now());
INSERT INTO patient_identifier (patient_id,identifier,identifier_type,location_id,creator,date_created,voided,uuid) VALUES (415, '415', 2, 1, 1, now(), 0, 'id-uuid-415');
INSERT INTO person (person_id,gender,birthdate,creator,date_created,voided,uuid) VALUES (416, 'M', '2000-02-02', 1, now(), 0, 'person-uuid-416');
INSERT INTO person_name (person_id,given_name,family_name,creator,date_created,voided,uuid) VALUES (416, 'John416', 'Doe416', 1, now(), 0, 'name-uuid-416');
INSERT INTO person_address (person_id,address1,creator,date_created,voided,uuid) VALUES (416, '123 Ocean Dr 416', 1, now(), 0, 'address-uuid-416');
INSERT INTO person_attribute (person_attribute_type_id,person_id,value,voided,creator,date_created,uuid) VALUES (8, 416, '0000000416', 0, 1, now(), 'mobile-uuid-416'), (9, 416, '0000000416', 0, 1, now(), 'home-uuid-416');
INSERT INTO patient (patient_id,creator,date_created) VALUES (416, 1, now());
INSERT INTO patient_identifier (patient_id,identifier,identifier_type,location_id,creator,date_created,voided,uuid) VALUES (416, '416', 2, 1, 1, now(), 0, 'id-uuid-416');
INSERT INTO person (person_id,gender,birthdate,creator,date_created,voided,uuid) VALUES (417, 'F', '2005-05-05', 1, now(), 0, 'person-uuid-417');
INSERT INTO person_name (person_id,given_name,family_name,creator,date_created,voided,uuid) VALUES (417, 'John417', 'Doe417', 1, now(), 0, 'name-uuid-417');
INSERT INTO person_address (person_id,address1,creator,date_created,voided,uuid) VALUES (417, '123 Ocean Dr 417', 1, now(), 0, 'address-uuid-417');
INSERT INTO person_attribute (person_attribute_type_id,person_id,value,voided,creator,date_created,uuid) VALUES (8, 417, '0000000417', 0, 1, now(), 'mobile-uuid-417'), (9, 417, '0000000417', 0, 1, now(), 'home-uuid-417');
INSERT INTO patient (patient_id,creator,date_created) VALUES (417, 1, now());
INSERT INTO patient_identifier (patient_id,identifier,identifier_type,location_id,creator,date_created,voided,uuid) VALUES (417, '417', 2, 1, 1, now(), 0, 'id-uuid-417');
INSERT INTO person (person_id,gender,birthdate,creator,date_created,voided,uuid) VALUES (418, 'M', '2000-02-02', 1, now(), 0, 'person-uuid-418');
INSERT INTO person_name (person_id,given_name,family_name,creator,date_created,voided,uuid) VALUES (418, 'John418', 'Doe418', 1, now(), 0, 'name-uuid-418');
INSERT INTO person_address (person_id,address1,creator,date_created,voided,uuid) VALUES (418, '123 Ocean Dr 418', 1, now(), 0, 'address-uuid-418');
INSERT INTO person_attribute (person_attribute_type_id,person_id,value,voided,creator,date_created,uuid) VALUES (8, 418, '0000000418', 0, 1, now(), 'mobile-uuid-418'), (9, 418, '0000000418', 0, 1, now(), 'home-uuid-418');
INSERT INTO patient (patient_id,creator,date_created) VALUES (418, 1, now());
INSERT INTO patient_identifier (patient_id,identifier,identifier_type,location_id,creator,date_created,voided,uuid) VALUES (418, '418', 2, 1, 1, now(), 0, 'id-uuid-418');
INSERT INTO person (person_id,gender,birthdate,creator,date_created,voided,uuid) VALUES (419, 'F', '2005-05-05', 1, now(), 0, 'person-uuid-419');
INSERT INTO person_name (person_id,given_name,family_name,creator,date_created,voided,uuid) VALUES (419, 'John419', 'Doe419', 1, now(), 0, 'name-uuid-419');
INSERT INTO person_address (person_id,address1,creator,date_created,voided,uuid) VALUES (419, '123 Ocean Dr 419', 1, now(), 0, 'address-uuid-419');
INSERT INTO person_attribute (person_attribute_type_id,person_id,value,voided,creator,date_created,uuid) VALUES (8, 419, '0000000419', 0, 1, now(), 'mobile-uuid-419'), (9, 419, '0000000419', 0, 1, now(), 'home-uuid-419');
INSERT INTO patient (patient_id,creator,date_created) VALUES (419, 1, now());
INSERT INTO patient_identifier (patient_id,identifier,identifier_type,location_id,creator,date_created,voided,uuid) VALUES (419, '419', 2, 1, 1, now(), 0, 'id-uuid-419');
INSERT INTO person (person_id,gender,birthdate,creator,date_created,voided,uuid) VALUES (420, 'M', '2000-02-02', 1, now(), 0, 'person-uuid-420');
INSERT INTO person_name (person_id,given_name,family_name,creator,date_created,voided,uuid) VALUES (420, 'John420', 'Doe420', 1, now(), 0, 'name-uuid-420');
INSERT INTO person_address (person_id,address1,creator,date_created,voided,uuid) VALUES (420, '123 Ocean Dr 420', 1, now(), 0, 'address-uuid-420');
INSERT INTO person_attribute (person_attribute_type_id,person_id,value,voided,creator,date_created,uuid) VALUES (8, 420, '0000000420', 0, 1, now(), 'mobile-uuid-420'), (9, 420, '0000000420', 0, 1, now(), 'home-uuid-420');
INSERT INTO patient (patient_id,creator,date_created) VALUES (420, 1, now());
INSERT INTO patient_identifier (patient_id,identifier,identifier_type,location_id,creator,date_created,voided,uuid) VALUES (420, '420', 2, 1, 1, now(), 0, 'id-uuid-420');
INSERT INTO person (person_id,gender,birthdate,creator,date_created,voided,uuid) VALUES (421, 'F', '2005-05-05', 1, now(), 0, 'person-uuid-421');
INSERT INTO person_name (person_id,given_name,family_name,creator,date_created,voided,uuid) VALUES (421, 'John421', 'Doe421', 1, now(), 0, 'name-uuid-421');
INSERT INTO person_address (person_id,address1,creator,date_created,voided,uuid) VALUES (421, '123 Ocean Dr 421', 1, now(), 0, 'address-uuid-421');
INSERT INTO person_attribute (person_attribute_type_id,person_id,value,voided,creator,date_created,uuid) VALUES (8, 421, '0000000421', 0, 1, now(), 'mobile-uuid-421'), (9, 421, '0000000421', 0, 1, now(), 'home-uuid-421');
INSERT INTO patient (patient_id,creator,date_created) VALUES (421, 1, now());
INSERT INTO patient_identifier (patient_id,identifier,identifier_type,location_id,creator,date_created,voided,uuid) VALUES (421, '421', 2, 1, 1, now(), 0, 'id-uuid-421');
INSERT INTO person (person_id,gender,birthdate,creator,date_created,voided,uuid) VALUES (422, 'M', '2000-02-02', 1, now(), 0, 'person-uuid-422');
INSERT INTO person_name (person_id,given_name,family_name,creator,date_created,voided,uuid) VALUES (422, 'John422', 'Doe422', 1, now(), 0, 'name-uuid-422');
INSERT INTO person_address (person_id,address1,creator,date_created,voided,uuid) VALUES (422, '123 Ocean Dr 422', 1, now(), 0, 'address-uuid-422');
INSERT INTO person_attribute (person_attribute_type_id,person_id,value,voided,creator,date_created,uuid) VALUES (8, 422, '0000000422', 0, 1, now(), 'mobile-uuid-422'), (9, 422, '0000000422', 0, 1, now(), 'home-uuid-422');
INSERT INTO patient (patient_id,creator,date_created) VALUES (422, 1, now());
INSERT INTO patient_identifier (patient_id,identifier,identifier_type,location_id,creator,date_created,voided,uuid) VALUES (422, '422', 2, 1, 1, now(), 0, 'id-uuid-422');
INSERT INTO person (person_id,gender,birthdate,creator,date_created,voided,uuid) VALUES (423, 'F', '2005-05-05', 1, now(), 0, 'person-uuid-423');
INSERT INTO person_name (person_id,given_name,family_name,creator,date_created,voided,uuid) VALUES (423, 'John423', 'Doe423', 1, now(), 0, 'name-uuid-423');
INSERT INTO person_address (person_id,address1,creator,date_created,voided,uuid) VALUES (423, '123 Ocean Dr 423', 1, now(), 0, 'address-uuid-423');
INSERT INTO person_attribute (person_attribute_type_id,person_id,value,voided,creator,date_created,uuid) VALUES (8, 423, '0000000423', 0, 1, now(), 'mobile-uuid-423'), (9, 423, '0000000423', 0, 1, now(), 'home-uuid-423');
INSERT INTO patient (patient_id,creator,date_created) VALUES (423, 1, now());
INSERT INTO patient_identifier (patient_id,identifier,identifier_type,location_id,creator,date_created,voided,uuid) VALUES (423, '423', 2, 1, 1, now(), 0, 'id-uuid-423');
INSERT INTO person (person_id,gender,birthdate,creator,date_created,voided,uuid) VALUES (424, 'M', '2000-02-02', 1, now(), 0, 'person-uuid-424');
INSERT INTO person_name (person_id,given_name,family_name,creator,date_created,voided,uuid) VALUES (424, 'John424', 'Doe424', 1, now(), 0, 'name-uuid-424');
INSERT INTO person_address (person_id,address1,creator,date_created,voided,uuid) VALUES (424, '123 Ocean Dr 424', 1, now(), 0, 'address-uuid-424');
INSERT INTO person_attribute (person_attribute_type_id,person_id,value,voided,creator,date_created,uuid) VALUES (8, 424, '0000000424', 0, 1, now(), 'mobile-uuid-424'), (9, 424, '0000000424', 0, 1, now(), 'home-uuid-424');
INSERT INTO patient (patient_id,creator,date_created) VALUES (424, 1, now());
INSERT INTO patient_identifier (patient_id,identifier,identifier_type,location_id,creator,date_created,voided,uuid) VALUES (424, '424', 2, 1, 1, now(), 0, 'id-uuid-424');
INSERT INTO person (person_id,gender,birthdate,creator,date_created,voided,uuid) VALUES (425, 'F', '2005-05-05', 1, now(), 0, 'person-uuid-425');
INSERT INTO person_name (person_id,given_name,family_name,creator,date_created,voided,uuid) VALUES (425, 'John425', 'Doe425', 1, now(), 0, 'name-uuid-425');
INSERT INTO person_address (person_id,address1,creator,date_created,voided,uuid) VALUES (425, '123 Ocean Dr 425', 1, now(), 0, 'address-uuid-425');
INSERT INTO person_attribute (person_attribute_type_id,person_id,value,voided,creator,date_created,uuid) VALUES (8, 425, '0000000425', 0, 1, now(), 'mobile-uuid-425'), (9, 425, '0000000425', 0, 1, now(), 'home-uuid-425');
INSERT INTO patient (patient_id,creator,date_created) VALUES (425, 1, now());
INSERT INTO patient_identifier (patient_id,identifier,identifier_type,location_id,creator,date_created,voided,uuid) VALUES (425, '425', 2, 1, 1, now(), 0, 'id-uuid-425');
INSERT INTO person (person_id,gender,birthdate,creator,date_created,voided,uuid) VALUES (426, 'M', '2000-02-02', 1, now(), 0, 'person-uuid-426');
INSERT INTO person_name (person_id,given_name,family_name,creator,date_created,voided,uuid) VALUES (426, 'John426', 'Doe426', 1, now(), 0, 'name-uuid-426');
INSERT INTO person_address (person_id,address1,creator,date_created,voided,uuid) VALUES (426, '123 Ocean Dr 426', 1, now(), 0, 'address-uuid-426');
INSERT INTO person_attribute (person_attribute_type_id,person_id,value,voided,creator,date_created,uuid) VALUES (8, 426, '0000000426', 0, 1, now(), 'mobile-uuid-426'), (9, 426, '0000000426', 0, 1, now(), 'home-uuid-426');
INSERT INTO patient (patient_id,creator,date_created) VALUES (426, 1, now());
INSERT INTO patient_identifier (patient_id,identifier,identifier_type,location_id,creator,date_created,voided,uuid) VALUES (426, '426', 2, 1, 1, now(), 0, 'id-uuid-426');
INSERT INTO person (person_id,gender,birthdate,creator,date_created,voided,uuid) VALUES (427, 'F', '2005-05-05', 1, now(), 0, 'person-uuid-427');
INSERT INTO person_name (person_id,given_name,family_name,creator,date_created,voided,uuid) VALUES (427, 'John427', 'Doe427', 1, now(), 0, 'name-uuid-427');
INSERT INTO person_address (person_id,address1,creator,date_created,voided,uuid) VALUES (427, '123 Ocean Dr 427', 1, now(), 0, 'address-uuid-427');
INSERT INTO person_attribute (person_attribute_type_id,person_id,value,voided,creator,date_created,uuid) VALUES (8, 427, '0000000427', 0, 1, now(), 'mobile-uuid-427'), (9, 427, '0000000427', 0, 1, now(), 'home-uuid-427');
INSERT INTO patient (patient_id,creator,date_created) VALUES (427, 1, now());
INSERT INTO patient_identifier (patient_id,identifier,identifier_type,location_id,creator,date_created,voided,uuid) VALUES (427, '427', 2, 1, 1, now(), 0, 'id-uuid-427');
INSERT INTO person (person_id,gender,birthdate,creator,date_created,voided,uuid) VALUES (428, 'M', '2000-02-02', 1, now(), 0, 'person-uuid-428');
INSERT INTO person_name (person_id,given_name,family_name,creator,date_created,voided,uuid) VALUES (428, 'John428', 'Doe428', 1, now(), 0, 'name-uuid-428');
INSERT INTO person_address (person_id,address1,creator,date_created,voided,uuid) VALUES (428, '123 Ocean Dr 428', 1, now(), 0, 'address-uuid-428');
INSERT INTO person_attribute (person_attribute_type_id,person_id,value,voided,creator,date_created,uuid) VALUES (8, 428, '0000000428', 0, 1, now(), 'mobile-uuid-428'), (9, 428, '0000000428', 0, 1, now(), 'home-uuid-428');
INSERT INTO patient (patient_id,creator,date_created) VALUES (428, 1, now());
INSERT INTO patient_identifier (patient_id,identifier,identifier_type,location_id,creator,date_created,voided,uuid) VALUES (428, '428', 2, 1, 1, now(), 0, 'id-uuid-428');
INSERT INTO person (person_id,gender,birthdate,creator,date_created,voided,uuid) VALUES (429, 'F', '2005-05-05', 1, now(), 0, 'person-uuid-429');
INSERT INTO person_name (person_id,given_name,family_name,creator,date_created,voided,uuid) VALUES (429, 'John429', 'Doe429', 1, now(), 0, 'name-uuid-429');
INSERT INTO person_address (person_id,address1,creator,date_created,voided,uuid) VALUES (429, '123 Ocean Dr 429', 1, now(), 0, 'address-uuid-429');
INSERT INTO person_attribute (person_attribute_type_id,person_id,value,voided,creator,date_created,uuid) VALUES (8, 429, '0000000429', 0, 1, now(), 'mobile-uuid-429'), (9, 429, '0000000429', 0, 1, now(), 'home-uuid-429');
INSERT INTO patient (patient_id,creator,date_created) VALUES (429, 1, now());
INSERT INTO patient_identifier (patient_id,identifier,identifier_type,location_id,creator,date_created,voided,uuid) VALUES (429, '429', 2, 1, 1, now(), 0, 'id-uuid-429');
INSERT INTO person (person_id,gender,birthdate,creator,date_created,voided,uuid) VALUES (430, 'M', '2000-02-02', 1, now(), 0, 'person-uuid-430');
INSERT INTO person_name (person_id,given_name,family_name,creator,date_created,voided,uuid) VALUES (430, 'John430', 'Doe430', 1, now(), 0, 'name-uuid-430');
INSERT INTO person_address (person_id,address1,creator,date_created,voided,uuid) VALUES (430, '123 Ocean Dr 430', 1, now(), 0, 'address-uuid-430');
INSERT INTO person_attribute (person_attribute_type_id,person_id,value,voided,creator,date_created,uuid) VALUES (8, 430, '0000000430', 0, 1, now(), 'mobile-uuid-430'), (9, 430, '0000000430', 0, 1, now(), 'home-uuid-430');
INSERT INTO patient (patient_id,creator,date_created) VALUES (430, 1, now());
INSERT INTO patient_identifier (patient_id,identifier,identifier_type,location_id,creator,date_created,voided,uuid) VALUES (430, '430', 2, 1, 1, now(), 0, 'id-uuid-430');
INSERT INTO person (person_id,gender,birthdate,creator,date_created,voided,uuid) VALUES (431, 'F', '2005-05-05', 1, now(), 0, 'person-uuid-431');
INSERT INTO person_name (person_id,given_name,family_name,creator,date_created,voided,uuid) VALUES (431, 'John431', 'Doe431', 1, now(), 0, 'name-uuid-431');
INSERT INTO person_address (person_id,address1,creator,date_created,voided,uuid) VALUES (431, '123 Ocean Dr 431', 1, now(), 0, 'address-uuid-431');
INSERT INTO person_attribute (person_attribute_type_id,person_id,value,voided,creator,date_created,uuid) VALUES (8, 431, '0000000431', 0, 1, now(), 'mobile-uuid-431'), (9, 431, '0000000431', 0, 1, now(), 'home-uuid-431');
INSERT INTO patient (patient_id,creator,date_created) VALUES (431, 1, now());
INSERT INTO patient_identifier (patient_id,identifier,identifier_type,location_id,creator,date_created,voided,uuid) VALUES (431, '431', 2, 1, 1, now(), 0, 'id-uuid-431');
INSERT INTO person (person_id,gender,birthdate,creator,date_created,voided,uuid) VALUES (432, 'M', '2000-02-02', 1, now(), 0, 'person-uuid-432');
INSERT INTO person_name (person_id,given_name,family_name,creator,date_created,voided,uuid) VALUES (432, 'John432', 'Doe432', 1, now(), 0, 'name-uuid-432');
INSERT INTO person_address (person_id,address1,creator,date_created,voided,uuid) VALUES (432, '123 Ocean Dr 432', 1, now(), 0, 'address-uuid-432');
INSERT INTO person_attribute (person_attribute_type_id,person_id,value,voided,creator,date_created,uuid) VALUES (8, 432, '0000000432', 0, 1, now(), 'mobile-uuid-432'), (9, 432, '0000000432', 0, 1, now(), 'home-uuid-432');
INSERT INTO patient (patient_id,creator,date_created) VALUES (432, 1, now());
INSERT INTO patient_identifier (patient_id,identifier,identifier_type,location_id,creator,date_created,voided,uuid) VALUES (432, '432', 2, 1, 1, now(), 0, 'id-uuid-432');
INSERT INTO person (person_id,gender,birthdate,creator,date_created,voided,uuid) VALUES (433, 'F', '2005-05-05', 1, now(), 0, 'person-uuid-433');
INSERT INTO person_name (person_id,given_name,family_name,creator,date_created,voided,uuid) VALUES (433, 'John433', 'Doe433', 1, now(), 0, 'name-uuid-433');
INSERT INTO person_address (person_id,address1,creator,date_created,voided,uuid) VALUES (433, '123 Ocean Dr 433', 1, now(), 0, 'address-uuid-433');
INSERT INTO person_attribute (person_attribute_type_id,person_id,value,voided,creator,date_created,uuid) VALUES (8, 433, '0000000433', 0, 1, now(), 'mobile-uuid-433'), (9, 433, '0000000433', 0, 1, now(), 'home-uuid-433');
INSERT INTO patient (patient_id,creator,date_created) VALUES (433, 1, now());
INSERT INTO patient_identifier (patient_id,identifier,identifier_type,location_id,creator,date_created,voided,uuid) VALUES (433, '433', 2, 1, 1, now(), 0, 'id-uuid-433');
INSERT INTO person (person_id,gender,birthdate,creator,date_created,voided,uuid) VALUES (434, 'M', '2000-02-02', 1, now(), 0, 'person-uuid-434');
INSERT INTO person_name (person_id,given_name,family_name,creator,date_created,voided,uuid) VALUES (434, 'John434', 'Doe434', 1, now(), 0, 'name-uuid-434');
INSERT INTO person_address (person_id,address1,creator,date_created,voided,uuid) VALUES (434, '123 Ocean Dr 434', 1, now(), 0, 'address-uuid-434');
INSERT INTO person_attribute (person_attribute_type_id,person_id,value,voided,creator,date_created,uuid) VALUES (8, 434, '0000000434', 0, 1, now(), 'mobile-uuid-434'), (9, 434, '0000000434', 0, 1, now(), 'home-uuid-434');
INSERT INTO patient (patient_id,creator,date_created) VALUES (434, 1, now());
INSERT INTO patient_identifier (patient_id,identifier,identifier_type,location_id,creator,date_created,voided,uuid) VALUES (434, '434', 2, 1, 1, now(), 0, 'id-uuid-434');
INSERT INTO person (person_id,gender,birthdate,creator,date_created,voided,uuid) VALUES (435, 'F', '2005-05-05', 1, now(), 0, 'person-uuid-435');
INSERT INTO person_name (person_id,given_name,family_name,creator,date_created,voided,uuid) VALUES (435, 'John435', 'Doe435', 1, now(), 0, 'name-uuid-435');
INSERT INTO person_address (person_id,address1,creator,date_created,voided,uuid) VALUES (435, '123 Ocean Dr 435', 1, now(), 0, 'address-uuid-435');
INSERT INTO person_attribute (person_attribute_type_id,person_id,value,voided,creator,date_created,uuid) VALUES (8, 435, '0000000435', 0, 1, now(), 'mobile-uuid-435'), (9, 435, '0000000435', 0, 1, now(), 'home-uuid-435');
INSERT INTO patient (patient_id,creator,date_created) VALUES (435, 1, now());
INSERT INTO patient_identifier (patient_id,identifier,identifier_type,location_id,creator,date_created,voided,uuid) VALUES (435, '435', 2, 1, 1, now(), 0, 'id-uuid-435');
INSERT INTO person (person_id,gender,birthdate,creator,date_created,voided,uuid) VALUES (436, 'M', '2000-02-02', 1, now(), 0, 'person-uuid-436');
INSERT INTO person_name (person_id,given_name,family_name,creator,date_created,voided,uuid) VALUES (436, 'John436', 'Doe436', 1, now(), 0, 'name-uuid-436');
INSERT INTO person_address (person_id,address1,creator,date_created,voided,uuid) VALUES (436, '123 Ocean Dr 436', 1, now(), 0, 'address-uuid-436');
INSERT INTO person_attribute (person_attribute_type_id,person_id,value,voided,creator,date_created,uuid) VALUES (8, 436, '0000000436', 0, 1, now(), 'mobile-uuid-436'), (9, 436, '0000000436', 0, 1, now(), 'home-uuid-436');
INSERT INTO patient (patient_id,creator,date_created) VALUES (436, 1, now());
INSERT INTO patient_identifier (patient_id,identifier,identifier_type,location_id,creator,date_created,voided,uuid) VALUES (436, '436', 2, 1, 1, now(), 0, 'id-uuid-436');
INSERT INTO person (person_id,gender,birthdate,creator,date_created,voided,uuid) VALUES (437, 'F', '2005-05-05', 1, now(), 0, 'person-uuid-437');
INSERT INTO person_name (person_id,given_name,family_name,creator,date_created,voided,uuid) VALUES (437, 'John437', 'Doe437', 1, now(), 0, 'name-uuid-437');
INSERT INTO person_address (person_id,address1,creator,date_created,voided,uuid) VALUES (437, '123 Ocean Dr 437', 1, now(), 0, 'address-uuid-437');
INSERT INTO person_attribute (person_attribute_type_id,person_id,value,voided,creator,date_created,uuid) VALUES (8, 437, '0000000437', 0, 1, now(), 'mobile-uuid-437'), (9, 437, '0000000437', 0, 1, now(), 'home-uuid-437');
INSERT INTO patient (patient_id,creator,date_created) VALUES (437, 1, now());
INSERT INTO patient_identifier (patient_id,identifier,identifier_type,location_id,creator,date_created,voided,uuid) VALUES (437, '437', 2, 1, 1, now(), 0, 'id-uuid-437');
INSERT INTO person (person_id,gender,birthdate,creator,date_created,voided,uuid) VALUES (438, 'M', '2000-02-02', 1, now(), 0, 'person-uuid-438');
INSERT INTO person_name (person_id,given_name,family_name,creator,date_created,voided,uuid) VALUES (438, 'John438', 'Doe438', 1, now(), 0, 'name-uuid-438');
INSERT INTO person_address (person_id,address1,creator,date_created,voided,uuid) VALUES (438, '123 Ocean Dr 438', 1, now(), 0, 'address-uuid-438');
INSERT INTO person_attribute (person_attribute_type_id,person_id,value,voided,creator,date_created,uuid) VALUES (8, 438, '0000000438', 0, 1, now(), 'mobile-uuid-438'), (9, 438, '0000000438', 0, 1, now(), 'home-uuid-438');
INSERT INTO patient (patient_id,creator,date_created) VALUES (438, 1, now());
INSERT INTO patient_identifier (patient_id,identifier,identifier_type,location_id,creator,date_created,voided,uuid) VALUES (438, '438', 2, 1, 1, now(), 0, 'id-uuid-438');
INSERT INTO person (person_id,gender,birthdate,creator,date_created,voided,uuid) VALUES (439, 'F', '2005-05-05', 1, now(), 0, 'person-uuid-439');
INSERT INTO person_name (person_id,given_name,family_name,creator,date_created,voided,uuid) VALUES (439, 'John439', 'Doe439', 1, now(), 0, 'name-uuid-439');
INSERT INTO person_address (person_id,address1,creator,date_created,voided,uuid) VALUES (439, '123 Ocean Dr 439', 1, now(), 0, 'address-uuid-439');
INSERT INTO person_attribute (person_attribute_type_id,person_id,value,voided,creator,date_created,uuid) VALUES (8, 439, '0000000439', 0, 1, now(), 'mobile-uuid-439'), (9, 439, '0000000439', 0, 1, now(), 'home-uuid-439');
INSERT INTO patient (patient_id,creator,date_created) VALUES (439, 1, now());
INSERT INTO patient_identifier (patient_id,identifier,identifier_type,location_id,creator,date_created,voided,uuid) VALUES (439, '439', 2, 1, 1, now(), 0, 'id-uuid-439');
INSERT INTO person (person_id,gender,birthdate,creator,date_created,voided,uuid) VALUES (440, 'M', '2000-02-02', 1, now(), 0, 'person-uuid-440');
INSERT INTO person_name (person_id,given_name,family_name,creator,date_created,voided,uuid) VALUES (440, 'John440', 'Doe440', 1, now(), 0, 'name-uuid-440');
INSERT INTO person_address (person_id,address1,creator,date_created,voided,uuid) VALUES (440, '123 Ocean Dr 440', 1, now(), 0, 'address-uuid-440');
INSERT INTO person_attribute (person_attribute_type_id,person_id,value,voided,creator,date_created,uuid) VALUES (8, 440, '0000000440', 0, 1, now(), 'mobile-uuid-440'), (9, 440, '0000000440', 0, 1, now(), 'home-uuid-440');
INSERT INTO patient (patient_id,creator,date_created) VALUES (440, 1, now());
INSERT INTO patient_identifier (patient_id,identifier,identifier_type,location_id,creator,date_created,voided,uuid) VALUES (440, '440', 2, 1, 1, now(), 0, 'id-uuid-440');
INSERT INTO person (person_id,gender,birthdate,creator,date_created,voided,uuid) VALUES (441, 'F', '2005-05-05', 1, now(), 0, 'person-uuid-441');
INSERT INTO person_name (person_id,given_name,family_name,creator,date_created,voided,uuid) VALUES (441, 'John441', 'Doe441', 1, now(), 0, 'name-uuid-441');
INSERT INTO person_address (person_id,address1,creator,date_created,voided,uuid) VALUES (441, '123 Ocean Dr 441', 1, now(), 0, 'address-uuid-441');
INSERT INTO person_attribute (person_attribute_type_id,person_id,value,voided,creator,date_created,uuid) VALUES (8, 441, '0000000441', 0, 1, now(), 'mobile-uuid-441'), (9, 441, '0000000441', 0, 1, now(), 'home-uuid-441');
INSERT INTO patient (patient_id,creator,date_created) VALUES (441, 1, now());
INSERT INTO patient_identifier (patient_id,identifier,identifier_type,location_id,creator,date_created,voided,uuid) VALUES (441, '441', 2, 1, 1, now(), 0, 'id-uuid-441');
INSERT INTO person (person_id,gender,birthdate,creator,date_created,voided,uuid) VALUES (442, 'M', '2000-02-02', 1, now(), 0, 'person-uuid-442');
INSERT INTO person_name (person_id,given_name,family_name,creator,date_created,voided,uuid) VALUES (442, 'John442', 'Doe442', 1, now(), 0, 'name-uuid-442');
INSERT INTO person_address (person_id,address1,creator,date_created,voided,uuid) VALUES (442, '123 Ocean Dr 442', 1, now(), 0, 'address-uuid-442');
INSERT INTO person_attribute (person_attribute_type_id,person_id,value,voided,creator,date_created,uuid) VALUES (8, 442, '0000000442', 0, 1, now(), 'mobile-uuid-442'), (9, 442, '0000000442', 0, 1, now(), 'home-uuid-442');
INSERT INTO patient (patient_id,creator,date_created) VALUES (442, 1, now());
INSERT INTO patient_identifier (patient_id,identifier,identifier_type,location_id,creator,date_created,voided,uuid) VALUES (442, '442', 2, 1, 1, now(), 0, 'id-uuid-442');
INSERT INTO person (person_id,gender,birthdate,creator,date_created,voided,uuid) VALUES (443, 'F', '2005-05-05', 1, now(), 0, 'person-uuid-443');
INSERT INTO person_name (person_id,given_name,family_name,creator,date_created,voided,uuid) VALUES (443, 'John443', 'Doe443', 1, now(), 0, 'name-uuid-443');
INSERT INTO person_address (person_id,address1,creator,date_created,voided,uuid) VALUES (443, '123 Ocean Dr 443', 1, now(), 0, 'address-uuid-443');
INSERT INTO person_attribute (person_attribute_type_id,person_id,value,voided,creator,date_created,uuid) VALUES (8, 443, '0000000443', 0, 1, now(), 'mobile-uuid-443'), (9, 443, '0000000443', 0, 1, now(), 'home-uuid-443');
INSERT INTO patient (patient_id,creator,date_created) VALUES (443, 1, now());
INSERT INTO patient_identifier (patient_id,identifier,identifier_type,location_id,creator,date_created,voided,uuid) VALUES (443, '443', 2, 1, 1, now(), 0, 'id-uuid-443');
INSERT INTO person (person_id,gender,birthdate,creator,date_created,voided,uuid) VALUES (444, 'M', '2000-02-02', 1, now(), 0, 'person-uuid-444');
INSERT INTO person_name (person_id,given_name,family_name,creator,date_created,voided,uuid) VALUES (444, 'John444', 'Doe444', 1, now(), 0, 'name-uuid-444');
INSERT INTO person_address (person_id,address1,creator,date_created,voided,uuid) VALUES (444, '123 Ocean Dr 444', 1, now(), 0, 'address-uuid-444');
INSERT INTO person_attribute (person_attribute_type_id,person_id,value,voided,creator,date_created,uuid) VALUES (8, 444, '0000000444', 0, 1, now(), 'mobile-uuid-444'), (9, 444, '0000000444', 0, 1, now(), 'home-uuid-444');
INSERT INTO patient (patient_id,creator,date_created) VALUES (444, 1, now());
INSERT INTO patient_identifier (patient_id,identifier,identifier_type,location_id,creator,date_created,voided,uuid) VALUES (444, '444', 2, 1, 1, now(), 0, 'id-uuid-444');
INSERT INTO person (person_id,gender,birthdate,creator,date_created,voided,uuid) VALUES (445, 'F', '2005-05-05', 1, now(), 0, 'person-uuid-445');
INSERT INTO person_name (person_id,given_name,family_name,creator,date_created,voided,uuid) VALUES (445, 'John445', 'Doe445', 1, now(), 0, 'name-uuid-445');
INSERT INTO person_address (person_id,address1,creator,date_created,voided,uuid) VALUES (445, '123 Ocean Dr 445', 1, now(), 0, 'address-uuid-445');
INSERT INTO person_attribute (person_attribute_type_id,person_id,value,voided,creator,date_created,uuid) VALUES (8, 445, '0000000445', 0, 1, now(), 'mobile-uuid-445'), (9, 445, '0000000445', 0, 1, now(), 'home-uuid-445');
INSERT INTO patient (patient_id,creator,date_created) VALUES (445, 1, now());
INSERT INTO patient_identifier (patient_id,identifier,identifier_type,location_id,creator,date_created,voided,uuid) VALUES (445, '445', 2, 1, 1, now(), 0, 'id-uuid-445');
INSERT INTO person (person_id,gender,birthdate,creator,date_created,voided,uuid) VALUES (446, 'M', '2000-02-02', 1, now(), 0, 'person-uuid-446');
INSERT INTO person_name (person_id,given_name,family_name,creator,date_created,voided,uuid) VALUES (446, 'John446', 'Doe446', 1, now(), 0, 'name-uuid-446');
INSERT INTO person_address (person_id,address1,creator,date_created,voided,uuid) VALUES (446, '123 Ocean Dr 446', 1, now(), 0, 'address-uuid-446');
INSERT INTO person_attribute (person_attribute_type_id,person_id,value,voided,creator,date_created,uuid) VALUES (8, 446, '0000000446', 0, 1, now(), 'mobile-uuid-446'), (9, 446, '0000000446', 0, 1, now(), 'home-uuid-446');
INSERT INTO patient (patient_id,creator,date_created) VALUES (446, 1, now());
INSERT INTO patient_identifier (patient_id,identifier,identifier_type,location_id,creator,date_created,voided,uuid) VALUES (446, '446', 2, 1, 1, now(), 0, 'id-uuid-446');
INSERT INTO person (person_id,gender,birthdate,creator,date_created,voided,uuid) VALUES (447, 'F', '2005-05-05', 1, now(), 0, 'person-uuid-447');
INSERT INTO person_name (person_id,given_name,family_name,creator,date_created,voided,uuid) VALUES (447, 'John447', 'Doe447', 1, now(), 0, 'name-uuid-447');
INSERT INTO person_address (person_id,address1,creator,date_created,voided,uuid) VALUES (447, '123 Ocean Dr 447', 1, now(), 0, 'address-uuid-447');
INSERT INTO person_attribute (person_attribute_type_id,person_id,value,voided,creator,date_created,uuid) VALUES (8, 447, '0000000447', 0, 1, now(), 'mobile-uuid-447'), (9, 447, '0000000447', 0, 1, now(), 'home-uuid-447');
INSERT INTO patient (patient_id,creator,date_created) VALUES (447, 1, now());
INSERT INTO patient_identifier (patient_id,identifier,identifier_type,location_id,creator,date_created,voided,uuid) VALUES (447, '447', 2, 1, 1, now(), 0, 'id-uuid-447');
INSERT INTO person (person_id,gender,birthdate,creator,date_created,voided,uuid) VALUES (448, 'M', '2000-02-02', 1, now(), 0, 'person-uuid-448');
INSERT INTO person_name (person_id,given_name,family_name,creator,date_created,voided,uuid) VALUES (448, 'John448', 'Doe448', 1, now(), 0, 'name-uuid-448');
INSERT INTO person_address (person_id,address1,creator,date_created,voided,uuid) VALUES (448, '123 Ocean Dr 448', 1, now(), 0, 'address-uuid-448');
INSERT INTO person_attribute (person_attribute_type_id,person_id,value,voided,creator,date_created,uuid) VALUES (8, 448, '0000000448', 0, 1, now(), 'mobile-uuid-448'), (9, 448, '0000000448', 0, 1, now(), 'home-uuid-448');
INSERT INTO patient (patient_id,creator,date_created) VALUES (448, 1, now());
INSERT INTO patient_identifier (patient_id,identifier,identifier_type,location_id,creator,date_created,voided,uuid) VALUES (448, '448', 2, 1, 1, now(), 0, 'id-uuid-448');
INSERT INTO person (person_id,gender,birthdate,creator,date_created,voided,uuid) VALUES (449, 'F', '2005-05-05', 1, now(), 0, 'person-uuid-449');
INSERT INTO person_name (person_id,given_name,family_name,creator,date_created,voided,uuid) VALUES (449, 'John449', 'Doe449', 1, now(), 0, 'name-uuid-449');
INSERT INTO person_address (person_id,address1,creator,date_created,voided,uuid) VALUES (449, '123 Ocean Dr 449', 1, now(), 0, 'address-uuid-449');
INSERT INTO person_attribute (person_attribute_type_id,person_id,value,voided,creator,date_created,uuid) VALUES (8, 449, '0000000449', 0, 1, now(), 'mobile-uuid-449'), (9, 449, '0000000449', 0, 1, now(), 'home-uuid-449');
INSERT INTO patient (patient_id,creator,date_created) VALUES (449, 1, now());
INSERT INTO patient_identifier (patient_id,identifier,identifier_type,location_id,creator,date_created,voided,uuid) VALUES (449, '449', 2, 1, 1, now(), 0, 'id-uuid-449');
INSERT INTO person (person_id,gender,birthdate,creator,date_created,voided,uuid) VALUES (450, 'M', '2000-02-02', 1, now(), 0, 'person-uuid-450');
INSERT INTO person_name (person_id,given_name,family_name,creator,date_created,voided,uuid) VALUES (450, 'John450', 'Doe450', 1, now(), 0, 'name-uuid-450');
INSERT INTO person_address (person_id,address1,creator,date_created,voided,uuid) VALUES (450, '123 Ocean Dr 450', 1, now(), 0, 'address-uuid-450');
INSERT INTO person_attribute (person_attribute_type_id,person_id,value,voided,creator,date_created,uuid) VALUES (8, 450, '0000000450', 0, 1, now(), 'mobile-uuid-450'), (9, 450, '0000000450', 0, 1, now(), 'home-uuid-450');
INSERT INTO patient (patient_id,creator,date_created) VALUES (450, 1, now());
INSERT INTO patient_identifier (patient_id,identifier,identifier_type,location_id,creator,date_created,voided,uuid) VALUES (450, '450', 2, 1, 1, now(), 0, 'id-uuid-450');
INSERT INTO person (person_id,gender,birthdate,creator,date_created,voided,uuid) VALUES (451, 'F', '2005-05-05', 1, now(), 0, 'person-uuid-451');
INSERT INTO person_name (person_id,given_name,family_name,creator,date_created,voided,uuid) VALUES (451, 'John451', 'Doe451', 1, now(), 0, 'name-uuid-451');
INSERT INTO person_address (person_id,address1,creator,date_created,voided,uuid) VALUES (451, '123 Ocean Dr 451', 1, now(), 0, 'address-uuid-451');
INSERT INTO person_attribute (person_attribute_type_id,person_id,value,voided,creator,date_created,uuid) VALUES (8, 451, '0000000451', 0, 1, now(), 'mobile-uuid-451'), (9, 451, '0000000451', 0, 1, now(), 'home-uuid-451');
INSERT INTO patient (patient_id,creator,date_created) VALUES (451, 1, now());
INSERT INTO patient_identifier (patient_id,identifier,identifier_type,location_id,creator,date_created,voided,uuid) VALUES (451, '451', 2, 1, 1, now(), 0, 'id-uuid-451');
INSERT INTO person (person_id,gender,birthdate,creator,date_created,voided,uuid) VALUES (452, 'M', '2000-02-02', 1, now(), 0, 'person-uuid-452');
INSERT INTO person_name (person_id,given_name,family_name,creator,date_created,voided,uuid) VALUES (452, 'John452', 'Doe452', 1, now(), 0, 'name-uuid-452');
INSERT INTO person_address (person_id,address1,creator,date_created,voided,uuid) VALUES (452, '123 Ocean Dr 452', 1, now(), 0, 'address-uuid-452');
INSERT INTO person_attribute (person_attribute_type_id,person_id,value,voided,creator,date_created,uuid) VALUES (8, 452, '0000000452', 0, 1, now(), 'mobile-uuid-452'), (9, 452, '0000000452', 0, 1, now(), 'home-uuid-452');
INSERT INTO patient (patient_id,creator,date_created) VALUES (452, 1, now());
INSERT INTO patient_identifier (patient_id,identifier,identifier_type,location_id,creator,date_created,voided,uuid) VALUES (452, '452', 2, 1, 1, now(), 0, 'id-uuid-452');
INSERT INTO person (person_id,gender,birthdate,creator,date_created,voided,uuid) VALUES (453, 'F', '2005-05-05', 1, now(), 0, 'person-uuid-453');
INSERT INTO person_name (person_id,given_name,family_name,creator,date_created,voided,uuid) VALUES (453, 'John453', 'Doe453', 1, now(), 0, 'name-uuid-453');
INSERT INTO person_address (person_id,address1,creator,date_created,voided,uuid) VALUES (453, '123 Ocean Dr 453', 1, now(), 0, 'address-uuid-453');
INSERT INTO person_attribute (person_attribute_type_id,person_id,value,voided,creator,date_created,uuid) VALUES (8, 453, '0000000453', 0, 1, now(), 'mobile-uuid-453'), (9, 453, '0000000453', 0, 1, now(), 'home-uuid-453');
INSERT INTO patient (patient_id,creator,date_created) VALUES (453, 1, now());
INSERT INTO patient_identifier (patient_id,identifier,identifier_type,location_id,creator,date_created,voided,uuid) VALUES (453, '453', 2, 1, 1, now(), 0, 'id-uuid-453');
INSERT INTO person (person_id,gender,birthdate,creator,date_created,voided,uuid) VALUES (454, 'M', '2000-02-02', 1, now(), 0, 'person-uuid-454');
INSERT INTO person_name (person_id,given_name,family_name,creator,date_created,voided,uuid) VALUES (454, 'John454', 'Doe454', 1, now(), 0, 'name-uuid-454');
INSERT INTO person_address (person_id,address1,creator,date_created,voided,uuid) VALUES (454, '123 Ocean Dr 454', 1, now(), 0, 'address-uuid-454');
INSERT INTO person_attribute (person_attribute_type_id,person_id,value,voided,creator,date_created,uuid) VALUES (8, 454, '0000000454', 0, 1, now(), 'mobile-uuid-454'), (9, 454, '0000000454', 0, 1, now(), 'home-uuid-454');
INSERT INTO patient (patient_id,creator,date_created) VALUES (454, 1, now());
INSERT INTO patient_identifier (patient_id,identifier,identifier_type,location_id,creator,date_created,voided,uuid) VALUES (454, '454', 2, 1, 1, now(), 0, 'id-uuid-454');
INSERT INTO person (person_id,gender,birthdate,creator,date_created,voided,uuid) VALUES (455, 'F', '2005-05-05', 1, now(), 0, 'person-uuid-455');
INSERT INTO person_name (person_id,given_name,family_name,creator,date_created,voided,uuid) VALUES (455, 'John455', 'Doe455', 1, now(), 0, 'name-uuid-455');
INSERT INTO person_address (person_id,address1,creator,date_created,voided,uuid) VALUES (455, '123 Ocean Dr 455', 1, now(), 0, 'address-uuid-455');
INSERT INTO person_attribute (person_attribute_type_id,person_id,value,voided,creator,date_created,uuid) VALUES (8, 455, '0000000455', 0, 1, now(), 'mobile-uuid-455'), (9, 455, '0000000455', 0, 1, now(), 'home-uuid-455');
INSERT INTO patient (patient_id,creator,date_created) VALUES (455, 1, now());
INSERT INTO patient_identifier (patient_id,identifier,identifier_type,location_id,creator,date_created,voided,uuid) VALUES (455, '455', 2, 1, 1, now(), 0, 'id-uuid-455');
INSERT INTO person (person_id,gender,birthdate,creator,date_created,voided,uuid) VALUES (456, 'M', '2000-02-02', 1, now(), 0, 'person-uuid-456');
INSERT INTO person_name (person_id,given_name,family_name,creator,date_created,voided,uuid) VALUES (456, 'John456', 'Doe456', 1, now(), 0, 'name-uuid-456');
INSERT INTO person_address (person_id,address1,creator,date_created,voided,uuid) VALUES (456, '123 Ocean Dr 456', 1, now(), 0, 'address-uuid-456');
INSERT INTO person_attribute (person_attribute_type_id,person_id,value,voided,creator,date_created,uuid) VALUES (8, 456, '0000000456', 0, 1, now(), 'mobile-uuid-456'), (9, 456, '0000000456', 0, 1, now(), 'home-uuid-456');
INSERT INTO patient (patient_id,creator,date_created) VALUES (456, 1, now());
INSERT INTO patient_identifier (patient_id,identifier,identifier_type,location_id,creator,date_created,voided,uuid) VALUES (456, '456', 2, 1, 1, now(), 0, 'id-uuid-456');
INSERT INTO person (person_id,gender,birthdate,creator,date_created,voided,uuid) VALUES (457, 'F', '2005-05-05', 1, now(), 0, 'person-uuid-457');
INSERT INTO person_name (person_id,given_name,family_name,creator,date_created,voided,uuid) VALUES (457, 'John457', 'Doe457', 1, now(), 0, 'name-uuid-457');
INSERT INTO person_address (person_id,address1,creator,date_created,voided,uuid) VALUES (457, '123 Ocean Dr 457', 1, now(), 0, 'address-uuid-457');
INSERT INTO person_attribute (person_attribute_type_id,person_id,value,voided,creator,date_created,uuid) VALUES (8, 457, '0000000457', 0, 1, now(), 'mobile-uuid-457'), (9, 457, '0000000457', 0, 1, now(), 'home-uuid-457');
INSERT INTO patient (patient_id,creator,date_created) VALUES (457, 1, now());
INSERT INTO patient_identifier (patient_id,identifier,identifier_type,location_id,creator,date_created,voided,uuid) VALUES (457, '457', 2, 1, 1, now(), 0, 'id-uuid-457');
INSERT INTO person (person_id,gender,birthdate,creator,date_created,voided,uuid) VALUES (458, 'M', '2000-02-02', 1, now(), 0, 'person-uuid-458');
INSERT INTO person_name (person_id,given_name,family_name,creator,date_created,voided,uuid) VALUES (458, 'John458', 'Doe458', 1, now(), 0, 'name-uuid-458');
INSERT INTO person_address (person_id,address1,creator,date_created,voided,uuid) VALUES (458, '123 Ocean Dr 458', 1, now(), 0, 'address-uuid-458');
INSERT INTO person_attribute (person_attribute_type_id,person_id,value,voided,creator,date_created,uuid) VALUES (8, 458, '0000000458', 0, 1, now(), 'mobile-uuid-458'), (9, 458, '0000000458', 0, 1, now(), 'home-uuid-458');
INSERT INTO patient (patient_id,creator,date_created) VALUES (458, 1, now());
INSERT INTO patient_identifier (patient_id,identifier,identifier_type,location_id,creator,date_created,voided,uuid) VALUES (458, '458', 2, 1, 1, now(), 0, 'id-uuid-458');
INSERT INTO person (person_id,gender,birthdate,creator,date_created,voided,uuid) VALUES (459, 'F', '2005-05-05', 1, now(), 0, 'person-uuid-459');
INSERT INTO person_name (person_id,given_name,family_name,creator,date_created,voided,uuid) VALUES (459, 'John459', 'Doe459', 1, now(), 0, 'name-uuid-459');
INSERT INTO person_address (person_id,address1,creator,date_created,voided,uuid) VALUES (459, '123 Ocean Dr 459', 1, now(), 0, 'address-uuid-459');
INSERT INTO person_attribute (person_attribute_type_id,person_id,value,voided,creator,date_created,uuid) VALUES (8, 459, '0000000459', 0, 1, now(), 'mobile-uuid-459'), (9, 459, '0000000459', 0, 1, now(), 'home-uuid-459');
INSERT INTO patient (patient_id,creator,date_created) VALUES (459, 1, now());
INSERT INTO patient_identifier (patient_id,identifier,identifier_type,location_id,creator,date_created,voided,uuid) VALUES (459, '459', 2, 1, 1, now(), 0, 'id-uuid-459');
INSERT INTO person (person_id,gender,birthdate,creator,date_created,voided,uuid) VALUES (460, 'M', '2000-02-02', 1, now(), 0, 'person-uuid-460');
INSERT INTO person_name (person_id,given_name,family_name,creator,date_created,voided,uuid) VALUES (460, 'John460', 'Doe460', 1, now(), 0, 'name-uuid-460');
INSERT INTO person_address (person_id,address1,creator,date_created,voided,uuid) VALUES (460, '123 Ocean Dr 460', 1, now(), 0, 'address-uuid-460');
INSERT INTO person_attribute (person_attribute_type_id,person_id,value,voided,creator,date_created,uuid) VALUES (8, 460, '0000000460', 0, 1, now(), 'mobile-uuid-460'), (9, 460, '0000000460', 0, 1, now(), 'home-uuid-460');
INSERT INTO patient (patient_id,creator,date_created) VALUES (460, 1, now());
INSERT INTO patient_identifier (patient_id,identifier,identifier_type,location_id,creator,date_created,voided,uuid) VALUES (460, '460', 2, 1, 1, now(), 0, 'id-uuid-460');
INSERT INTO person (person_id,gender,birthdate,creator,date_created,voided,uuid) VALUES (461, 'F', '2005-05-05', 1, now(), 0, 'person-uuid-461');
INSERT INTO person_name (person_id,given_name,family_name,creator,date_created,voided,uuid) VALUES (461, 'John461', 'Doe461', 1, now(), 0, 'name-uuid-461');
INSERT INTO person_address (person_id,address1,creator,date_created,voided,uuid) VALUES (461, '123 Ocean Dr 461', 1, now(), 0, 'address-uuid-461');
INSERT INTO person_attribute (person_attribute_type_id,person_id,value,voided,creator,date_created,uuid) VALUES (8, 461, '0000000461', 0, 1, now(), 'mobile-uuid-461'), (9, 461, '0000000461', 0, 1, now(), 'home-uuid-461');
INSERT INTO patient (patient_id,creator,date_created) VALUES (461, 1, now());
INSERT INTO patient_identifier (patient_id,identifier,identifier_type,location_id,creator,date_created,voided,uuid) VALUES (461, '461', 2, 1, 1, now(), 0, 'id-uuid-461');
INSERT INTO person (person_id,gender,birthdate,creator,date_created,voided,uuid) VALUES (462, 'M', '2000-02-02', 1, now(), 0, 'person-uuid-462');
INSERT INTO person_name (person_id,given_name,family_name,creator,date_created,voided,uuid) VALUES (462, 'John462', 'Doe462', 1, now(), 0, 'name-uuid-462');
INSERT INTO person_address (person_id,address1,creator,date_created,voided,uuid) VALUES (462, '123 Ocean Dr 462', 1, now(), 0, 'address-uuid-462');
INSERT INTO person_attribute (person_attribute_type_id,person_id,value,voided,creator,date_created,uuid) VALUES (8, 462, '0000000462', 0, 1, now(), 'mobile-uuid-462'), (9, 462, '0000000462', 0, 1, now(), 'home-uuid-462');
INSERT INTO patient (patient_id,creator,date_created) VALUES (462, 1, now());
INSERT INTO patient_identifier (patient_id,identifier,identifier_type,location_id,creator,date_created,voided,uuid) VALUES (462, '462', 2, 1, 1, now(), 0, 'id-uuid-462');
INSERT INTO person (person_id,gender,birthdate,creator,date_created,voided,uuid) VALUES (463, 'F', '2005-05-05', 1, now(), 0, 'person-uuid-463');
INSERT INTO person_name (person_id,given_name,family_name,creator,date_created,voided,uuid) VALUES (463, 'John463', 'Doe463', 1, now(), 0, 'name-uuid-463');
INSERT INTO person_address (person_id,address1,creator,date_created,voided,uuid) VALUES (463, '123 Ocean Dr 463', 1, now(), 0, 'address-uuid-463');
INSERT INTO person_attribute (person_attribute_type_id,person_id,value,voided,creator,date_created,uuid) VALUES (8, 463, '0000000463', 0, 1, now(), 'mobile-uuid-463'), (9, 463, '0000000463', 0, 1, now(), 'home-uuid-463');
INSERT INTO patient (patient_id,creator,date_created) VALUES (463, 1, now());
INSERT INTO patient_identifier (patient_id,identifier,identifier_type,location_id,creator,date_created,voided,uuid) VALUES (463, '463', 2, 1, 1, now(), 0, 'id-uuid-463');
INSERT INTO person (person_id,gender,birthdate,creator,date_created,voided,uuid) VALUES (464, 'M', '2000-02-02', 1, now(), 0, 'person-uuid-464');
INSERT INTO person_name (person_id,given_name,family_name,creator,date_created,voided,uuid) VALUES (464, 'John464', 'Doe464', 1, now(), 0, 'name-uuid-464');
INSERT INTO person_address (person_id,address1,creator,date_created,voided,uuid) VALUES (464, '123 Ocean Dr 464', 1, now(), 0, 'address-uuid-464');
INSERT INTO person_attribute (person_attribute_type_id,person_id,value,voided,creator,date_created,uuid) VALUES (8, 464, '0000000464', 0, 1, now(), 'mobile-uuid-464'), (9, 464, '0000000464', 0, 1, now(), 'home-uuid-464');
INSERT INTO patient (patient_id,creator,date_created) VALUES (464, 1, now());
INSERT INTO patient_identifier (patient_id,identifier,identifier_type,location_id,creator,date_created,voided,uuid) VALUES (464, '464', 2, 1, 1, now(), 0, 'id-uuid-464');
INSERT INTO person (person_id,gender,birthdate,creator,date_created,voided,uuid) VALUES (465, 'F', '2005-05-05', 1, now(), 0, 'person-uuid-465');
INSERT INTO person_name (person_id,given_name,family_name,creator,date_created,voided,uuid) VALUES (465, 'John465', 'Doe465', 1, now(), 0, 'name-uuid-465');
INSERT INTO person_address (person_id,address1,creator,date_created,voided,uuid) VALUES (465, '123 Ocean Dr 465', 1, now(), 0, 'address-uuid-465');
INSERT INTO person_attribute (person_attribute_type_id,person_id,value,voided,creator,date_created,uuid) VALUES (8, 465, '0000000465', 0, 1, now(), 'mobile-uuid-465'), (9, 465, '0000000465', 0, 1, now(), 'home-uuid-465');
INSERT INTO patient (patient_id,creator,date_created) VALUES (465, 1, now());
INSERT INTO patient_identifier (patient_id,identifier,identifier_type,location_id,creator,date_created,voided,uuid) VALUES (465, '465', 2, 1, 1, now(), 0, 'id-uuid-465');
INSERT INTO person (person_id,gender,birthdate,creator,date_created,voided,uuid) VALUES (466, 'M', '2000-02-02', 1, now(), 0, 'person-uuid-466');
INSERT INTO person_name (person_id,given_name,family_name,creator,date_created,voided,uuid) VALUES (466, 'John466', 'Doe466', 1, now(), 0, 'name-uuid-466');
INSERT INTO person_address (person_id,address1,creator,date_created,voided,uuid) VALUES (466, '123 Ocean Dr 466', 1, now(), 0, 'address-uuid-466');
INSERT INTO person_attribute (person_attribute_type_id,person_id,value,voided,creator,date_created,uuid) VALUES (8, 466, '0000000466', 0, 1, now(), 'mobile-uuid-466'), (9, 466, '0000000466', 0, 1, now(), 'home-uuid-466');
INSERT INTO patient (patient_id,creator,date_created) VALUES (466, 1, now());
INSERT INTO patient_identifier (patient_id,identifier,identifier_type,location_id,creator,date_created,voided,uuid) VALUES (466, '466', 2, 1, 1, now(), 0, 'id-uuid-466');
INSERT INTO person (person_id,gender,birthdate,creator,date_created,voided,uuid) VALUES (467, 'F', '2005-05-05', 1, now(), 0, 'person-uuid-467');
INSERT INTO person_name (person_id,given_name,family_name,creator,date_created,voided,uuid) VALUES (467, 'John467', 'Doe467', 1, now(), 0, 'name-uuid-467');
INSERT INTO person_address (person_id,address1,creator,date_created,voided,uuid) VALUES (467, '123 Ocean Dr 467', 1, now(), 0, 'address-uuid-467');
INSERT INTO person_attribute (person_attribute_type_id,person_id,value,voided,creator,date_created,uuid) VALUES (8, 467, '0000000467', 0, 1, now(), 'mobile-uuid-467'), (9, 467, '0000000467', 0, 1, now(), 'home-uuid-467');
INSERT INTO patient (patient_id,creator,date_created) VALUES (467, 1, now());
INSERT INTO patient_identifier (patient_id,identifier,identifier_type,location_id,creator,date_created,voided,uuid) VALUES (467, '467', 2, 1, 1, now(), 0, 'id-uuid-467');
INSERT INTO person (person_id,gender,birthdate,creator,date_created,voided,uuid) VALUES (468, 'M', '2000-02-02', 1, now(), 0, 'person-uuid-468');
INSERT INTO person_name (person_id,given_name,family_name,creator,date_created,voided,uuid) VALUES (468, 'John468', 'Doe468', 1, now(), 0, 'name-uuid-468');
INSERT INTO person_address (person_id,address1,creator,date_created,voided,uuid) VALUES (468, '123 Ocean Dr 468', 1, now(), 0, 'address-uuid-468');
INSERT INTO person_attribute (person_attribute_type_id,person_id,value,voided,creator,date_created,uuid) VALUES (8, 468, '0000000468', 0, 1, now(), 'mobile-uuid-468'), (9, 468, '0000000468', 0, 1, now(), 'home-uuid-468');
INSERT INTO patient (patient_id,creator,date_created) VALUES (468, 1, now());
INSERT INTO patient_identifier (patient_id,identifier,identifier_type,location_id,creator,date_created,voided,uuid) VALUES (468, '468', 2, 1, 1, now(), 0, 'id-uuid-468');
INSERT INTO person (person_id,gender,birthdate,creator,date_created,voided,uuid) VALUES (469, 'F', '2005-05-05', 1, now(), 0, 'person-uuid-469');
INSERT INTO person_name (person_id,given_name,family_name,creator,date_created,voided,uuid) VALUES (469, 'John469', 'Doe469', 1, now(), 0, 'name-uuid-469');
INSERT INTO person_address (person_id,address1,creator,date_created,voided,uuid) VALUES (469, '123 Ocean Dr 469', 1, now(), 0, 'address-uuid-469');
INSERT INTO person_attribute (person_attribute_type_id,person_id,value,voided,creator,date_created,uuid) VALUES (8, 469, '0000000469', 0, 1, now(), 'mobile-uuid-469'), (9, 469, '0000000469', 0, 1, now(), 'home-uuid-469');
INSERT INTO patient (patient_id,creator,date_created) VALUES (469, 1, now());
INSERT INTO patient_identifier (patient_id,identifier,identifier_type,location_id,creator,date_created,voided,uuid) VALUES (469, '469', 2, 1, 1, now(), 0, 'id-uuid-469');
INSERT INTO person (person_id,gender,birthdate,creator,date_created,voided,uuid) VALUES (470, 'M', '2000-02-02', 1, now(), 0, 'person-uuid-470');
INSERT INTO person_name (person_id,given_name,family_name,creator,date_created,voided,uuid) VALUES (470, 'John470', 'Doe470', 1, now(), 0, 'name-uuid-470');
INSERT INTO person_address (person_id,address1,creator,date_created,voided,uuid) VALUES (470, '123 Ocean Dr 470', 1, now(), 0, 'address-uuid-470');
INSERT INTO person_attribute (person_attribute_type_id,person_id,value,voided,creator,date_created,uuid) VALUES (8, 470, '0000000470', 0, 1, now(), 'mobile-uuid-470'), (9, 470, '0000000470', 0, 1, now(), 'home-uuid-470');
INSERT INTO patient (patient_id,creator,date_created) VALUES (470, 1, now());
INSERT INTO patient_identifier (patient_id,identifier,identifier_type,location_id,creator,date_created,voided,uuid) VALUES (470, '470', 2, 1, 1, now(), 0, 'id-uuid-470');
INSERT INTO person (person_id,gender,birthdate,creator,date_created,voided,uuid) VALUES (471, 'F', '2005-05-05', 1, now(), 0, 'person-uuid-471');
INSERT INTO person_name (person_id,given_name,family_name,creator,date_created,voided,uuid) VALUES (471, 'John471', 'Doe471', 1, now(), 0, 'name-uuid-471');
INSERT INTO person_address (person_id,address1,creator,date_created,voided,uuid) VALUES (471, '123 Ocean Dr 471', 1, now(), 0, 'address-uuid-471');
INSERT INTO person_attribute (person_attribute_type_id,person_id,value,voided,creator,date_created,uuid) VALUES (8, 471, '0000000471', 0, 1, now(), 'mobile-uuid-471'), (9, 471, '0000000471', 0, 1, now(), 'home-uuid-471');
INSERT INTO patient (patient_id,creator,date_created) VALUES (471, 1, now());
INSERT INTO patient_identifier (patient_id,identifier,identifier_type,location_id,creator,date_created,voided,uuid) VALUES (471, '471', 2, 1, 1, now(), 0, 'id-uuid-471');
INSERT INTO person (person_id,gender,birthdate,creator,date_created,voided,uuid) VALUES (472, 'M', '2000-02-02', 1, now(), 0, 'person-uuid-472');
INSERT INTO person_name (person_id,given_name,family_name,creator,date_created,voided,uuid) VALUES (472, 'John472', 'Doe472', 1, now(), 0, 'name-uuid-472');
INSERT INTO person_address (person_id,address1,creator,date_created,voided,uuid) VALUES (472, '123 Ocean Dr 472', 1, now(), 0, 'address-uuid-472');
INSERT INTO person_attribute (person_attribute_type_id,person_id,value,voided,creator,date_created,uuid) VALUES (8, 472, '0000000472', 0, 1, now(), 'mobile-uuid-472'), (9, 472, '0000000472', 0, 1, now(), 'home-uuid-472');
INSERT INTO patient (patient_id,creator,date_created) VALUES (472, 1, now());
INSERT INTO patient_identifier (patient_id,identifier,identifier_type,location_id,creator,date_created,voided,uuid) VALUES (472, '472', 2, 1, 1, now(), 0, 'id-uuid-472');
INSERT INTO person (person_id,gender,birthdate,creator,date_created,voided,uuid) VALUES (473, 'F', '2005-05-05', 1, now(), 0, 'person-uuid-473');
INSERT INTO person_name (person_id,given_name,family_name,creator,date_created,voided,uuid) VALUES (473, 'John473', 'Doe473', 1, now(), 0, 'name-uuid-473');
INSERT INTO person_address (person_id,address1,creator,date_created,voided,uuid) VALUES (473, '123 Ocean Dr 473', 1, now(), 0, 'address-uuid-473');
INSERT INTO person_attribute (person_attribute_type_id,person_id,value,voided,creator,date_created,uuid) VALUES (8, 473, '0000000473', 0, 1, now(), 'mobile-uuid-473'), (9, 473, '0000000473', 0, 1, now(), 'home-uuid-473');
INSERT INTO patient (patient_id,creator,date_created) VALUES (473, 1, now());
INSERT INTO patient_identifier (patient_id,identifier,identifier_type,location_id,creator,date_created,voided,uuid) VALUES (473, '473', 2, 1, 1, now(), 0, 'id-uuid-473');
INSERT INTO person (person_id,gender,birthdate,creator,date_created,voided,uuid) VALUES (474, 'M', '2000-02-02', 1, now(), 0, 'person-uuid-474');
INSERT INTO person_name (person_id,given_name,family_name,creator,date_created,voided,uuid) VALUES (474, 'John474', 'Doe474', 1, now(), 0, 'name-uuid-474');
INSERT INTO person_address (person_id,address1,creator,date_created,voided,uuid) VALUES (474, '123 Ocean Dr 474', 1, now(), 0, 'address-uuid-474');
INSERT INTO person_attribute (person_attribute_type_id,person_id,value,voided,creator,date_created,uuid) VALUES (8, 474, '0000000474', 0, 1, now(), 'mobile-uuid-474'), (9, 474, '0000000474', 0, 1, now(), 'home-uuid-474');
INSERT INTO patient (patient_id,creator,date_created) VALUES (474, 1, now());
INSERT INTO patient_identifier (patient_id,identifier,identifier_type,location_id,creator,date_created,voided,uuid) VALUES (474, '474', 2, 1, 1, now(), 0, 'id-uuid-474');
INSERT INTO person (person_id,gender,birthdate,creator,date_created,voided,uuid) VALUES (475, 'F', '2005-05-05', 1, now(), 0, 'person-uuid-475');
INSERT INTO person_name (person_id,given_name,family_name,creator,date_created,voided,uuid) VALUES (475, 'John475', 'Doe475', 1, now(), 0, 'name-uuid-475');
INSERT INTO person_address (person_id,address1,creator,date_created,voided,uuid) VALUES (475, '123 Ocean Dr 475', 1, now(), 0, 'address-uuid-475');
INSERT INTO person_attribute (person_attribute_type_id,person_id,value,voided,creator,date_created,uuid) VALUES (8, 475, '0000000475', 0, 1, now(), 'mobile-uuid-475'), (9, 475, '0000000475', 0, 1, now(), 'home-uuid-475');
INSERT INTO patient (patient_id,creator,date_created) VALUES (475, 1, now());
INSERT INTO patient_identifier (patient_id,identifier,identifier_type,location_id,creator,date_created,voided,uuid) VALUES (475, '475', 2, 1, 1, now(), 0, 'id-uuid-475');
INSERT INTO person (person_id,gender,birthdate,creator,date_created,voided,uuid) VALUES (476, 'M', '2000-02-02', 1, now(), 0, 'person-uuid-476');
INSERT INTO person_name (person_id,given_name,family_name,creator,date_created,voided,uuid) VALUES (476, 'John476', 'Doe476', 1, now(), 0, 'name-uuid-476');
INSERT INTO person_address (person_id,address1,creator,date_created,voided,uuid) VALUES (476, '123 Ocean Dr 476', 1, now(), 0, 'address-uuid-476');
INSERT INTO person_attribute (person_attribute_type_id,person_id,value,voided,creator,date_created,uuid) VALUES (8, 476, '0000000476', 0, 1, now(), 'mobile-uuid-476'), (9, 476, '0000000476', 0, 1, now(), 'home-uuid-476');
INSERT INTO patient (patient_id,creator,date_created) VALUES (476, 1, now());
INSERT INTO patient_identifier (patient_id,identifier,identifier_type,location_id,creator,date_created,voided,uuid) VALUES (476, '476', 2, 1, 1, now(), 0, 'id-uuid-476');
INSERT INTO person (person_id,gender,birthdate,creator,date_created,voided,uuid) VALUES (477, 'F', '2005-05-05', 1, now(), 0, 'person-uuid-477');
INSERT INTO person_name (person_id,given_name,family_name,creator,date_created,voided,uuid) VALUES (477, 'John477', 'Doe477', 1, now(), 0, 'name-uuid-477');
INSERT INTO person_address (person_id,address1,creator,date_created,voided,uuid) VALUES (477, '123 Ocean Dr 477', 1, now(), 0, 'address-uuid-477');
INSERT INTO person_attribute (person_attribute_type_id,person_id,value,voided,creator,date_created,uuid) VALUES (8, 477, '0000000477', 0, 1, now(), 'mobile-uuid-477'), (9, 477, '0000000477', 0, 1, now(), 'home-uuid-477');
INSERT INTO patient (patient_id,creator,date_created) VALUES (477, 1, now());
INSERT INTO patient_identifier (patient_id,identifier,identifier_type,location_id,creator,date_created,voided,uuid) VALUES (477, '477', 2, 1, 1, now(), 0, 'id-uuid-477');
INSERT INTO person (person_id,gender,birthdate,creator,date_created,voided,uuid) VALUES (478, 'M', '2000-02-02', 1, now(), 0, 'person-uuid-478');
INSERT INTO person_name (person_id,given_name,family_name,creator,date_created,voided,uuid) VALUES (478, 'John478', 'Doe478', 1, now(), 0, 'name-uuid-478');
INSERT INTO person_address (person_id,address1,creator,date_created,voided,uuid) VALUES (478, '123 Ocean Dr 478', 1, now(), 0, 'address-uuid-478');
INSERT INTO person_attribute (person_attribute_type_id,person_id,value,voided,creator,date_created,uuid) VALUES (8, 478, '0000000478', 0, 1, now(), 'mobile-uuid-478'), (9, 478, '0000000478', 0, 1, now(), 'home-uuid-478');
INSERT INTO patient (patient_id,creator,date_created) VALUES (478, 1, now());
INSERT INTO patient_identifier (patient_id,identifier,identifier_type,location_id,creator,date_created,voided,uuid) VALUES (478, '478', 2, 1, 1, now(), 0, 'id-uuid-478');
INSERT INTO person (person_id,gender,birthdate,creator,date_created,voided,uuid) VALUES (479, 'F', '2005-05-05', 1, now(), 0, 'person-uuid-479');
INSERT INTO person_name (person_id,given_name,family_name,creator,date_created,voided,uuid) VALUES (479, 'John479', 'Doe479', 1, now(), 0, 'name-uuid-479');
INSERT INTO person_address (person_id,address1,creator,date_created,voided,uuid) VALUES (479, '123 Ocean Dr 479', 1, now(), 0, 'address-uuid-479');
INSERT INTO person_attribute (person_attribute_type_id,person_id,value,voided,creator,date_created,uuid) VALUES (8, 479, '0000000479', 0, 1, now(), 'mobile-uuid-479'), (9, 479, '0000000479', 0, 1, now(), 'home-uuid-479');
INSERT INTO patient (patient_id,creator,date_created) VALUES (479, 1, now());
INSERT INTO patient_identifier (patient_id,identifier,identifier_type,location_id,creator,date_created,voided,uuid) VALUES (479, '479', 2, 1, 1, now(), 0, 'id-uuid-479');
INSERT INTO person (person_id,gender,birthdate,creator,date_created,voided,uuid) VALUES (480, 'M', '2000-02-02', 1, now(), 0, 'person-uuid-480');
INSERT INTO person_name (person_id,given_name,family_name,creator,date_created,voided,uuid) VALUES (480, 'John480', 'Doe480', 1, now(), 0, 'name-uuid-480');
INSERT INTO person_address (person_id,address1,creator,date_created,voided,uuid) VALUES (480, '123 Ocean Dr 480', 1, now(), 0, 'address-uuid-480');
INSERT INTO person_attribute (person_attribute_type_id,person_id,value,voided,creator,date_created,uuid) VALUES (8, 480, '0000000480', 0, 1, now(), 'mobile-uuid-480'), (9, 480, '0000000480', 0, 1, now(), 'home-uuid-480');
INSERT INTO patient (patient_id,creator,date_created) VALUES (480, 1, now());
INSERT INTO patient_identifier (patient_id,identifier,identifier_type,location_id,creator,date_created,voided,uuid) VALUES (480, '480', 2, 1, 1, now(), 0, 'id-uuid-480');
INSERT INTO person (person_id,gender,birthdate,creator,date_created,voided,uuid) VALUES (481, 'F', '2005-05-05', 1, now(), 0, 'person-uuid-481');
INSERT INTO person_name (person_id,given_name,family_name,creator,date_created,voided,uuid) VALUES (481, 'John481', 'Doe481', 1, now(), 0, 'name-uuid-481');
INSERT INTO person_address (person_id,address1,creator,date_created,voided,uuid) VALUES (481, '123 Ocean Dr 481', 1, now(), 0, 'address-uuid-481');
INSERT INTO person_attribute (person_attribute_type_id,person_id,value,voided,creator,date_created,uuid) VALUES (8, 481, '0000000481', 0, 1, now(), 'mobile-uuid-481'), (9, 481, '0000000481', 0, 1, now(), 'home-uuid-481');
INSERT INTO patient (patient_id,creator,date_created) VALUES (481, 1, now());
INSERT INTO patient_identifier (patient_id,identifier,identifier_type,location_id,creator,date_created,voided,uuid) VALUES (481, '481', 2, 1, 1, now(), 0, 'id-uuid-481');
INSERT INTO person (person_id,gender,birthdate,creator,date_created,voided,uuid) VALUES (482, 'M', '2000-02-02', 1, now(), 0, 'person-uuid-482');
INSERT INTO person_name (person_id,given_name,family_name,creator,date_created,voided,uuid) VALUES (482, 'John482', 'Doe482', 1, now(), 0, 'name-uuid-482');
INSERT INTO person_address (person_id,address1,creator,date_created,voided,uuid) VALUES (482, '123 Ocean Dr 482', 1, now(), 0, 'address-uuid-482');
INSERT INTO person_attribute (person_attribute_type_id,person_id,value,voided,creator,date_created,uuid) VALUES (8, 482, '0000000482', 0, 1, now(), 'mobile-uuid-482'), (9, 482, '0000000482', 0, 1, now(), 'home-uuid-482');
INSERT INTO patient (patient_id,creator,date_created) VALUES (482, 1, now());
INSERT INTO patient_identifier (patient_id,identifier,identifier_type,location_id,creator,date_created,voided,uuid) VALUES (482, '482', 2, 1, 1, now(), 0, 'id-uuid-482');
INSERT INTO person (person_id,gender,birthdate,creator,date_created,voided,uuid) VALUES (483, 'F', '2005-05-05', 1, now(), 0, 'person-uuid-483');
INSERT INTO person_name (person_id,given_name,family_name,creator,date_created,voided,uuid) VALUES (483, 'John483', 'Doe483', 1, now(), 0, 'name-uuid-483');
INSERT INTO person_address (person_id,address1,creator,date_created,voided,uuid) VALUES (483, '123 Ocean Dr 483', 1, now(), 0, 'address-uuid-483');
INSERT INTO person_attribute (person_attribute_type_id,person_id,value,voided,creator,date_created,uuid) VALUES (8, 483, '0000000483', 0, 1, now(), 'mobile-uuid-483'), (9, 483, '0000000483', 0, 1, now(), 'home-uuid-483');
INSERT INTO patient (patient_id,creator,date_created) VALUES (483, 1, now());
INSERT INTO patient_identifier (patient_id,identifier,identifier_type,location_id,creator,date_created,voided,uuid) VALUES (483, '483', 2, 1, 1, now(), 0, 'id-uuid-483');
INSERT INTO person (person_id,gender,birthdate,creator,date_created,voided,uuid) VALUES (484, 'M', '2000-02-02', 1, now(), 0, 'person-uuid-484');
INSERT INTO person_name (person_id,given_name,family_name,creator,date_created,voided,uuid) VALUES (484, 'John484', 'Doe484', 1, now(), 0, 'name-uuid-484');
INSERT INTO person_address (person_id,address1,creator,date_created,voided,uuid) VALUES (484, '123 Ocean Dr 484', 1, now(), 0, 'address-uuid-484');
INSERT INTO person_attribute (person_attribute_type_id,person_id,value,voided,creator,date_created,uuid) VALUES (8, 484, '0000000484', 0, 1, now(), 'mobile-uuid-484'), (9, 484, '0000000484', 0, 1, now(), 'home-uuid-484');
INSERT INTO patient (patient_id,creator,date_created) VALUES (484, 1, now());
INSERT INTO patient_identifier (patient_id,identifier,identifier_type,location_id,creator,date_created,voided,uuid) VALUES (484, '484', 2, 1, 1, now(), 0, 'id-uuid-484');
INSERT INTO person (person_id,gender,birthdate,creator,date_created,voided,uuid) VALUES (485, 'F', '2005-05-05', 1, now(), 0, 'person-uuid-485');
INSERT INTO person_name (person_id,given_name,family_name,creator,date_created,voided,uuid) VALUES (485, 'John485', 'Doe485', 1, now(), 0, 'name-uuid-485');
INSERT INTO person_address (person_id,address1,creator,date_created,voided,uuid) VALUES (485, '123 Ocean Dr 485', 1, now(), 0, 'address-uuid-485');
INSERT INTO person_attribute (person_attribute_type_id,person_id,value,voided,creator,date_created,uuid) VALUES (8, 485, '0000000485', 0, 1, now(), 'mobile-uuid-485'), (9, 485, '0000000485', 0, 1, now(), 'home-uuid-485');
INSERT INTO patient (patient_id,creator,date_created) VALUES (485, 1, now());
INSERT INTO patient_identifier (patient_id,identifier,identifier_type,location_id,creator,date_created,voided,uuid) VALUES (485, '485', 2, 1, 1, now(), 0, 'id-uuid-485');
INSERT INTO person (person_id,gender,birthdate,creator,date_created,voided,uuid) VALUES (486, 'M', '2000-02-02', 1, now(), 0, 'person-uuid-486');
INSERT INTO person_name (person_id,given_name,family_name,creator,date_created,voided,uuid) VALUES (486, 'John486', 'Doe486', 1, now(), 0, 'name-uuid-486');
INSERT INTO person_address (person_id,address1,creator,date_created,voided,uuid) VALUES (486, '123 Ocean Dr 486', 1, now(), 0, 'address-uuid-486');
INSERT INTO person_attribute (person_attribute_type_id,person_id,value,voided,creator,date_created,uuid) VALUES (8, 486, '0000000486', 0, 1, now(), 'mobile-uuid-486'), (9, 486, '0000000486', 0, 1, now(), 'home-uuid-486');
INSERT INTO patient (patient_id,creator,date_created) VALUES (486, 1, now());
INSERT INTO patient_identifier (patient_id,identifier,identifier_type,location_id,creator,date_created,voided,uuid) VALUES (486, '486', 2, 1, 1, now(), 0, 'id-uuid-486');
INSERT INTO person (person_id,gender,birthdate,creator,date_created,voided,uuid) VALUES (487, 'F', '2005-05-05', 1, now(), 0, 'person-uuid-487');
INSERT INTO person_name (person_id,given_name,family_name,creator,date_created,voided,uuid) VALUES (487, 'John487', 'Doe487', 1, now(), 0, 'name-uuid-487');
INSERT INTO person_address (person_id,address1,creator,date_created,voided,uuid) VALUES (487, '123 Ocean Dr 487', 1, now(), 0, 'address-uuid-487');
INSERT INTO person_attribute (person_attribute_type_id,person_id,value,voided,creator,date_created,uuid) VALUES (8, 487, '0000000487', 0, 1, now(), 'mobile-uuid-487'), (9, 487, '0000000487', 0, 1, now(), 'home-uuid-487');
INSERT INTO patient (patient_id,creator,date_created) VALUES (487, 1, now());
INSERT INTO patient_identifier (patient_id,identifier,identifier_type,location_id,creator,date_created,voided,uuid) VALUES (487, '487', 2, 1, 1, now(), 0, 'id-uuid-487');
INSERT INTO person (person_id,gender,birthdate,creator,date_created,voided,uuid) VALUES (488, 'M', '2000-02-02', 1, now(), 0, 'person-uuid-488');
INSERT INTO person_name (person_id,given_name,family_name,creator,date_created,voided,uuid) VALUES (488, 'John488', 'Doe488', 1, now(), 0, 'name-uuid-488');
INSERT INTO person_address (person_id,address1,creator,date_created,voided,uuid) VALUES (488, '123 Ocean Dr 488', 1, now(), 0, 'address-uuid-488');
INSERT INTO person_attribute (person_attribute_type_id,person_id,value,voided,creator,date_created,uuid) VALUES (8, 488, '0000000488', 0, 1, now(), 'mobile-uuid-488'), (9, 488, '0000000488', 0, 1, now(), 'home-uuid-488');
INSERT INTO patient (patient_id,creator,date_created) VALUES (488, 1, now());
INSERT INTO patient_identifier (patient_id,identifier,identifier_type,location_id,creator,date_created,voided,uuid) VALUES (488, '488', 2, 1, 1, now(), 0, 'id-uuid-488');
INSERT INTO person (person_id,gender,birthdate,creator,date_created,voided,uuid) VALUES (489, 'F', '2005-05-05', 1, now(), 0, 'person-uuid-489');
INSERT INTO person_name (person_id,given_name,family_name,creator,date_created,voided,uuid) VALUES (489, 'John489', 'Doe489', 1, now(), 0, 'name-uuid-489');
INSERT INTO person_address (person_id,address1,creator,date_created,voided,uuid) VALUES (489, '123 Ocean Dr 489', 1, now(), 0, 'address-uuid-489');
INSERT INTO person_attribute (person_attribute_type_id,person_id,value,voided,creator,date_created,uuid) VALUES (8, 489, '0000000489', 0, 1, now(), 'mobile-uuid-489'), (9, 489, '0000000489', 0, 1, now(), 'home-uuid-489');
INSERT INTO patient (patient_id,creator,date_created) VALUES (489, 1, now());
INSERT INTO patient_identifier (patient_id,identifier,identifier_type,location_id,creator,date_created,voided,uuid) VALUES (489, '489', 2, 1, 1, now(), 0, 'id-uuid-489');
INSERT INTO person (person_id,gender,birthdate,creator,date_created,voided,uuid) VALUES (490, 'M', '2000-02-02', 1, now(), 0, 'person-uuid-490');
INSERT INTO person_name (person_id,given_name,family_name,creator,date_created,voided,uuid) VALUES (490, 'John490', 'Doe490', 1, now(), 0, 'name-uuid-490');
INSERT INTO person_address (person_id,address1,creator,date_created,voided,uuid) VALUES (490, '123 Ocean Dr 490', 1, now(), 0, 'address-uuid-490');
INSERT INTO person_attribute (person_attribute_type_id,person_id,value,voided,creator,date_created,uuid) VALUES (8, 490, '0000000490', 0, 1, now(), 'mobile-uuid-490'), (9, 490, '0000000490', 0, 1, now(), 'home-uuid-490');
INSERT INTO patient (patient_id,creator,date_created) VALUES (490, 1, now());
INSERT INTO patient_identifier (patient_id,identifier,identifier_type,location_id,creator,date_created,voided,uuid) VALUES (490, '490', 2, 1, 1, now(), 0, 'id-uuid-490');
INSERT INTO person (person_id,gender,birthdate,creator,date_created,voided,uuid) VALUES (491, 'F', '2005-05-05', 1, now(), 0, 'person-uuid-491');
INSERT INTO person_name (person_id,given_name,family_name,creator,date_created,voided,uuid) VALUES (491, 'John491', 'Doe491', 1, now(), 0, 'name-uuid-491');
INSERT INTO person_address (person_id,address1,creator,date_created,voided,uuid) VALUES (491, '123 Ocean Dr 491', 1, now(), 0, 'address-uuid-491');
INSERT INTO person_attribute (person_attribute_type_id,person_id,value,voided,creator,date_created,uuid) VALUES (8, 491, '0000000491', 0, 1, now(), 'mobile-uuid-491'), (9, 491, '0000000491', 0, 1, now(), 'home-uuid-491');
INSERT INTO patient (patient_id,creator,date_created) VALUES (491, 1, now());
INSERT INTO patient_identifier (patient_id,identifier,identifier_type,location_id,creator,date_created,voided,uuid) VALUES (491, '491', 2, 1, 1, now(), 0, 'id-uuid-491');
INSERT INTO person (person_id,gender,birthdate,creator,date_created,voided,uuid) VALUES (492, 'M', '2000-02-02', 1, now(), 0, 'person-uuid-492');
INSERT INTO person_name (person_id,given_name,family_name,creator,date_created,voided,uuid) VALUES (492, 'John492', 'Doe492', 1, now(), 0, 'name-uuid-492');
INSERT INTO person_address (person_id,address1,creator,date_created,voided,uuid) VALUES (492, '123 Ocean Dr 492', 1, now(), 0, 'address-uuid-492');
INSERT INTO person_attribute (person_attribute_type_id,person_id,value,voided,creator,date_created,uuid) VALUES (8, 492, '0000000492', 0, 1, now(), 'mobile-uuid-492'), (9, 492, '0000000492', 0, 1, now(), 'home-uuid-492');
INSERT INTO patient (patient_id,creator,date_created) VALUES (492, 1, now());
INSERT INTO patient_identifier (patient_id,identifier,identifier_type,location_id,creator,date_created,voided,uuid) VALUES (492, '492', 2, 1, 1, now(), 0, 'id-uuid-492');
INSERT INTO person (person_id,gender,birthdate,creator,date_created,voided,uuid) VALUES (493, 'F', '2005-05-05', 1, now(), 0, 'person-uuid-493');
INSERT INTO person_name (person_id,given_name,family_name,creator,date_created,voided,uuid) VALUES (493, 'John493', 'Doe493', 1, now(), 0, 'name-uuid-493');
INSERT INTO person_address (person_id,address1,creator,date_created,voided,uuid) VALUES (493, '123 Ocean Dr 493', 1, now(), 0, 'address-uuid-493');
INSERT INTO person_attribute (person_attribute_type_id,person_id,value,voided,creator,date_created,uuid) VALUES (8, 493, '0000000493', 0, 1, now(), 'mobile-uuid-493'), (9, 493, '0000000493', 0, 1, now(), 'home-uuid-493');
INSERT INTO patient (patient_id,creator,date_created) VALUES (493, 1, now());
INSERT INTO patient_identifier (patient_id,identifier,identifier_type,location_id,creator,date_created,voided,uuid) VALUES (493, '493', 2, 1, 1, now(), 0, 'id-uuid-493');
INSERT INTO person (person_id,gender,birthdate,creator,date_created,voided,uuid) VALUES (494, 'M', '2000-02-02', 1, now(), 0, 'person-uuid-494');
INSERT INTO person_name (person_id,given_name,family_name,creator,date_created,voided,uuid) VALUES (494, 'John494', 'Doe494', 1, now(), 0, 'name-uuid-494');
INSERT INTO person_address (person_id,address1,creator,date_created,voided,uuid) VALUES (494, '123 Ocean Dr 494', 1, now(), 0, 'address-uuid-494');
INSERT INTO person_attribute (person_attribute_type_id,person_id,value,voided,creator,date_created,uuid) VALUES (8, 494, '0000000494', 0, 1, now(), 'mobile-uuid-494'), (9, 494, '0000000494', 0, 1, now(), 'home-uuid-494');
INSERT INTO patient (patient_id,creator,date_created) VALUES (494, 1, now());
INSERT INTO patient_identifier (patient_id,identifier,identifier_type,location_id,creator,date_created,voided,uuid) VALUES (494, '494', 2, 1, 1, now(), 0, 'id-uuid-494');
INSERT INTO person (person_id,gender,birthdate,creator,date_created,voided,uuid) VALUES (495, 'F', '2005-05-05', 1, now(), 0, 'person-uuid-495');
INSERT INTO person_name (person_id,given_name,family_name,creator,date_created,voided,uuid) VALUES (495, 'John495', 'Doe495', 1, now(), 0, 'name-uuid-495');
INSERT INTO person_address (person_id,address1,creator,date_created,voided,uuid) VALUES (495, '123 Ocean Dr 495', 1, now(), 0, 'address-uuid-495');
INSERT INTO person_attribute (person_attribute_type_id,person_id,value,voided,creator,date_created,uuid) VALUES (8, 495, '0000000495', 0, 1, now(), 'mobile-uuid-495'), (9, 495, '0000000495', 0, 1, now(), 'home-uuid-495');
INSERT INTO patient (patient_id,creator,date_created) VALUES (495, 1, now());
INSERT INTO patient_identifier (patient_id,identifier,identifier_type,location_id,creator,date_created,voided,uuid) VALUES (495, '495', 2, 1, 1, now(), 0, 'id-uuid-495');
INSERT INTO person (person_id,gender,birthdate,creator,date_created,voided,uuid) VALUES (496, 'M', '2000-02-02', 1, now(), 0, 'person-uuid-496');
INSERT INTO person_name (person_id,given_name,family_name,creator,date_created,voided,uuid) VALUES (496, 'John496', 'Doe496', 1, now(), 0, 'name-uuid-496');
INSERT INTO person_address (person_id,address1,creator,date_created,voided,uuid) VALUES (496, '123 Ocean Dr 496', 1, now(), 0, 'address-uuid-496');
INSERT INTO person_attribute (person_attribute_type_id,person_id,value,voided,creator,date_created,uuid) VALUES (8, 496, '0000000496', 0, 1, now(), 'mobile-uuid-496'), (9, 496, '0000000496', 0, 1, now(), 'home-uuid-496');
INSERT INTO patient (patient_id,creator,date_created) VALUES (496, 1, now());
INSERT INTO patient_identifier (patient_id,identifier,identifier_type,location_id,creator,date_created,voided,uuid) VALUES (496, '496', 2, 1, 1, now(), 0, 'id-uuid-496');
INSERT INTO person (person_id,gender,birthdate,creator,date_created,voided,uuid) VALUES (497, 'F', '2005-05-05', 1, now(), 0, 'person-uuid-497');
INSERT INTO person_name (person_id,given_name,family_name,creator,date_created,voided,uuid) VALUES (497, 'John497', 'Doe497', 1, now(), 0, 'name-uuid-497');
INSERT INTO person_address (person_id,address1,creator,date_created,voided,uuid) VALUES (497, '123 Ocean Dr 497', 1, now(), 0, 'address-uuid-497');
INSERT INTO person_attribute (person_attribute_type_id,person_id,value,voided,creator,date_created,uuid) VALUES (8, 497, '0000000497', 0, 1, now(), 'mobile-uuid-497'), (9, 497, '0000000497', 0, 1, now(), 'home-uuid-497');
INSERT INTO patient (patient_id,creator,date_created) VALUES (497, 1, now());
INSERT INTO patient_identifier (patient_id,identifier,identifier_type,location_id,creator,date_created,voided,uuid) VALUES (497, '497', 2, 1, 1, now(), 0, 'id-uuid-497');
INSERT INTO person (person_id,gender,birthdate,creator,date_created,voided,uuid) VALUES (498, 'M', '2000-02-02', 1, now(), 0, 'person-uuid-498');
INSERT INTO person_name (person_id,given_name,family_name,creator,date_created,voided,uuid) VALUES (498, 'John498', 'Doe498', 1, now(), 0, 'name-uuid-498');
INSERT INTO person_address (person_id,address1,creator,date_created,voided,uuid) VALUES (498, '123 Ocean Dr 498', 1, now(), 0, 'address-uuid-498');
INSERT INTO person_attribute (person_attribute_type_id,person_id,value,voided,creator,date_created,uuid) VALUES (8, 498, '0000000498', 0, 1, now(), 'mobile-uuid-498'), (9, 498, '0000000498', 0, 1, now(), 'home-uuid-498');
INSERT INTO patient (patient_id,creator,date_created) VALUES (498, 1, now());
INSERT INTO patient_identifier (patient_id,identifier,identifier_type,location_id,creator,date_created,voided,uuid) VALUES (498, '498', 2, 1, 1, now(), 0, 'id-uuid-498');
INSERT INTO person (person_id,gender,birthdate,creator,date_created,voided,uuid) VALUES (499, 'F', '2005-05-05', 1, now(), 0, 'person-uuid-499');
INSERT INTO person_name (person_id,given_name,family_name,creator,date_created,voided,uuid) VALUES (499, 'John499', 'Doe499', 1, now(), 0, 'name-uuid-499');
INSERT INTO person_address (person_id,address1,creator,date_created,voided,uuid) VALUES (499, '123 Ocean Dr 499', 1, now(), 0, 'address-uuid-499');
INSERT INTO person_attribute (person_attribute_type_id,person_id,value,voided,creator,date_created,uuid) VALUES (8, 499, '0000000499', 0, 1, now(), 'mobile-uuid-499'), (9, 499, '0000000499', 0, 1, now(), 'home-uuid-499');
INSERT INTO patient (patient_id,creator,date_created) VALUES (499, 1, now());
INSERT INTO patient_identifier (patient_id,identifier,identifier_type,location_id,creator,date_created,voided,uuid) VALUES (499, '499', 2, 1, 1, now(), 0, 'id-uuid-499');
INSERT INTO person (person_id,gender,birthdate,creator,date_created,voided,uuid) VALUES (500, 'M', '2000-02-02', 1, now(), 0, 'person-uuid-500');
INSERT INTO person_name (person_id,given_name,family_name,creator,date_created,voided,uuid) VALUES (500, 'John500', 'Doe500', 1, now(), 0, 'name-uuid-500');
INSERT INTO person_address (person_id,address1,creator,date_created,voided,uuid) VALUES (500, '123 Ocean Dr 500', 1, now(), 0, 'address-uuid-500');
INSERT INTO person_attribute (person_attribute_type_id,person_id,value,voided,creator,date_created,uuid) VALUES (8, 500, '0000000500', 0, 1, now(), 'mobile-uuid-500'), (9, 500, '0000000500', 0, 1, now(), 'home-uuid-500');
INSERT INTO patient (patient_id,creator,date_created) VALUES (500, 1, now());
INSERT INTO patient_identifier (patient_id,identifier,identifier_type,location_id,creator,date_created,voided,uuid) VALUES (500, '500', 2, 1, 1, now(), 0, 'id-uuid-500');
INSERT INTO person (person_id,gender,birthdate,creator,date_created,voided,uuid) VALUES (501, 'F', '2005-05-05', 1, now(), 0, 'person-uuid-501');
INSERT INTO person_name (person_id,given_name,family_name,creator,date_created,voided,uuid) VALUES (501, 'John501', 'Doe501', 1, now(), 0, 'name-uuid-501');
INSERT INTO person_address (person_id,address1,creator,date_created,voided,uuid) VALUES (501, '123 Ocean Dr 501', 1, now(), 0, 'address-uuid-501');
INSERT INTO person_attribute (person_attribute_type_id,person_id,value,voided,creator,date_created,uuid) VALUES (8, 501, '0000000501', 0, 1, now(), 'mobile-uuid-501'), (9, 501, '0000000501', 0, 1, now(), 'home-uuid-501');
INSERT INTO patient (patient_id,creator,date_created) VALUES (501, 1, now());
INSERT INTO patient_identifier (patient_id,identifier,identifier_type,location_id,creator,date_created,voided,uuid) VALUES (501, '501', 2, 1, 1, now(), 0, 'id-uuid-501');
